City,Date,PM2.5,PM10,NO2,CO,SO2,AQI
Mumbai,"Monday, January 16, 2017",,,,,,0
Mumbai,"Tuesday, January 17, 2017",,,,,,0
Mumbai,"Wednesday, January 18, 2017",,,,,,0
Mumbai,"Thursday, January 19, 2017",,,,,,0
Mumbai,"Friday, January 20, 2017",,,,,,0
Mumbai,"Saturday, January 21, 2017",,,,,,0
Mumbai,"Sunday, January 22, 2017",,,,,,0
Mumbai,"Monday, January 23, 2017",,,,,,0
Mumbai,"Tuesday, January 24, 2017",,,,,,0
Mumbai,"Wednesday, January 25, 2017",,,,,,0
Mumbai,"Thursday, January 26, 2017",,,,,,0
Mumbai,"Friday, January 27, 2017",,,,,,0
Mumbai,"Saturday, January 28, 2017",,,,,,0
Mumbai,"Sunday, January 29, 2017",,,,,,0
Mumbai,"Monday, January 30, 2017",,,,,,0
Mumbai,"Tuesday, January 31, 2017",,,,,,0
Mumbai,"Wednesday, February 1, 2017",,,,,,0
Mumbai,"Thursday, February 2, 2017",,,,,,0
Mumbai,"Friday, February 3, 2017",,,,,,0
Mumbai,"Saturday, February 4, 2017",,,,,,0
Mumbai,"Sunday, February 5, 2017",,,,,,0
Mumbai,"Monday, February 6, 2017",,,,,,0
Mumbai,"Tuesday, February 7, 2017",,,,,,0
Mumbai,"Wednesday, February 8, 2017",,,,,,0
Mumbai,"Thursday, February 9, 2017",,,,,,0
Mumbai,"Friday, February 10, 2017",,,,,,0
Mumbai,"Saturday, February 11, 2017",,,,,,0
Mumbai,"Sunday, February 12, 2017",,,,,,0
Mumbai,"Monday, February 13, 2017",,,,,,0
Mumbai,"Tuesday, February 14, 2017",,,,,,0
Mumbai,"Wednesday, February 15, 2017",,,,,,0
Mumbai,"Thursday, February 16, 2017",,,,,,0
Mumbai,"Friday, February 17, 2017",,,,,,0
Mumbai,"Saturday, February 18, 2017",,,,,,0
Mumbai,"Sunday, February 19, 2017",,,,,,0
Mumbai,"Monday, February 20, 2017",,,,,,0
Mumbai,"Tuesday, February 21, 2017",,,,,,0
Mumbai,"Wednesday, February 22, 2017",,,,,,0
Mumbai,"Thursday, February 23, 2017",,,,,,0
Mumbai,"Friday, February 24, 2017",,,,,,0
Mumbai,"Saturday, February 25, 2017",,,,,,0
Mumbai,"Sunday, February 26, 2017",,,,,,0
Mumbai,"Monday, February 27, 2017",,,,,,0
Mumbai,"Tuesday, February 28, 2017",,,,,,0
Mumbai,"Wednesday, March 1, 2017",,,,,,0
Mumbai,"Thursday, March 2, 2017",,,,,,0
Mumbai,"Friday, March 3, 2017",,,,,,0
Mumbai,"Saturday, March 4, 2017",,,,,,0
Mumbai,"Sunday, March 5, 2017",,,,,,0
Mumbai,"Monday, March 6, 2017",,,,,,0
Mumbai,"Tuesday, March 7, 2017",,,,,,0
Mumbai,"Wednesday, March 8, 2017",,,,,,0
Mumbai,"Thursday, March 9, 2017",,,,,,0
Mumbai,"Friday, March 10, 2017",,,,,,0
Mumbai,"Saturday, March 11, 2017",,,,,,0
Mumbai,"Sunday, March 12, 2017",,,,,,0
Mumbai,"Monday, March 13, 2017",,,,,,0
Mumbai,"Tuesday, March 14, 2017",,,,,,0
Mumbai,"Wednesday, March 15, 2017",,,,,,0
Mumbai,"Thursday, March 16, 2017",,,,,,0
Mumbai,"Friday, March 17, 2017",,,,,,0
Mumbai,"Saturday, March 18, 2017",,,,,,0
Mumbai,"Sunday, March 19, 2017",,,,,,0
Mumbai,"Monday, March 20, 2017",,,,,,0
Mumbai,"Tuesday, March 21, 2017",,,,,,0
Mumbai,"Wednesday, March 22, 2017",,,,,,0
Mumbai,"Thursday, March 23, 2017",,,,,,0
Mumbai,"Friday, March 24, 2017",,,,,,0
Mumbai,"Saturday, March 25, 2017",,,,,,0
Mumbai,"Sunday, March 26, 2017",,,,,,0
Mumbai,"Monday, March 27, 2017",,,,,,0
Mumbai,"Tuesday, March 28, 2017",,,,,,0
Mumbai,"Wednesday, March 29, 2017",,,,,,0
Mumbai,"Thursday, March 30, 2017",,,,,,0
Mumbai,"Friday, March 31, 2017",,,,,,0
Mumbai,"Saturday, April 1, 2017",,,,,,0
Mumbai,"Sunday, April 2, 2017",,,,,,0
Mumbai,"Monday, April 3, 2017",,,,,,0
Mumbai,"Tuesday, April 4, 2017",,,,,,0
Mumbai,"Wednesday, April 5, 2017",,,,,,0
Mumbai,"Thursday, April 6, 2017",,,,,,0
Mumbai,"Friday, April 7, 2017",,,,,,0
Mumbai,"Saturday, April 8, 2017",,,,,,0
Mumbai,"Sunday, April 9, 2017",,,,,,0
Mumbai,"Monday, April 10, 2017",,,,,,0
Mumbai,"Tuesday, April 11, 2017",,,,,,0
Mumbai,"Wednesday, April 12, 2017",,,,,,0
Mumbai,"Thursday, April 13, 2017",,,,,,0
Mumbai,"Friday, April 14, 2017",,,,,,0
Mumbai,"Saturday, April 15, 2017",,,,,,0
Mumbai,"Sunday, April 16, 2017",,,,,,0
Mumbai,"Monday, April 17, 2017",,,,,,0
Mumbai,"Tuesday, April 18, 2017",,,,,,0
Mumbai,"Wednesday, April 19, 2017",,,,,,0
Mumbai,"Thursday, April 20, 2017",,,,,,0
Mumbai,"Friday, April 21, 2017",,,,,,0
Mumbai,"Saturday, April 22, 2017",,,,,,0
Mumbai,"Sunday, April 23, 2017",,,,,,0
Mumbai,"Monday, April 24, 2017",,,,,,0
Mumbai,"Tuesday, April 25, 2017",,,,,,0
Mumbai,"Wednesday, April 26, 2017",,,,,,0
Mumbai,"Thursday, April 27, 2017",,,,,,0
Mumbai,"Friday, April 28, 2017",,,,,,0
Mumbai,"Saturday, April 29, 2017",,,,,,0
Mumbai,"Sunday, April 30, 2017",,,,,,0
Mumbai,"Monday, May 1, 2017",,,,,,0
Mumbai,"Tuesday, May 2, 2017",,,,,,0
Mumbai,"Wednesday, May 3, 2017",,,,,,0
Mumbai,"Thursday, May 4, 2017",,,,,,0
Mumbai,"Friday, May 5, 2017",,,,,,0
Mumbai,"Saturday, May 6, 2017",,,,,,0
Mumbai,"Sunday, May 7, 2017",,,,,,0
Mumbai,"Monday, May 8, 2017",,,,,,0
Mumbai,"Tuesday, May 9, 2017",,,,,,0
Mumbai,"Wednesday, May 10, 2017",,,,,,0
Mumbai,"Thursday, May 11, 2017",,,,,,0
Mumbai,"Friday, May 12, 2017",,,,,,0
Mumbai,"Saturday, May 13, 2017",,,,,,0
Mumbai,"Sunday, May 14, 2017",,,,,,0
Mumbai,"Monday, May 15, 2017",,,,,,0
Mumbai,"Tuesday, May 16, 2017",,,,,,0
Mumbai,"Wednesday, May 17, 2017",,,,,,0
Mumbai,"Thursday, May 18, 2017",,,,,,0
Mumbai,"Friday, May 19, 2017",,,,,,0
Mumbai,"Saturday, May 20, 2017",,,,,,0
Mumbai,"Sunday, May 21, 2017",,,,,,0
Mumbai,"Monday, May 22, 2017",,,,,,0
Mumbai,"Tuesday, May 23, 2017",,,,,,0
Mumbai,"Wednesday, May 24, 2017",,,,,,0
Mumbai,"Thursday, May 25, 2017",,,,,,0
Mumbai,"Friday, May 26, 2017",,,,,,0
Mumbai,"Saturday, May 27, 2017",,,,,,0
Mumbai,"Sunday, May 28, 2017",,,,,,0
Mumbai,"Monday, May 29, 2017",,,,,,0
Mumbai,"Tuesday, May 30, 2017",,,,,,0
Mumbai,"Wednesday, May 31, 2017",,,,,,0
Mumbai,"Thursday, June 1, 2017",,,,,,0
Mumbai,"Friday, June 2, 2017",,,,,,0
Mumbai,"Saturday, June 3, 2017",,,,,,0
Mumbai,"Sunday, June 4, 2017",,,,,,0
Mumbai,"Monday, June 5, 2017",,,,,,0
Mumbai,"Tuesday, June 6, 2017",,,,,,0
Mumbai,"Wednesday, June 7, 2017",,,,,,0
Mumbai,"Thursday, June 8, 2017",,,,,,0
Mumbai,"Friday, June 9, 2017",,,,,,0
Mumbai,"Saturday, June 10, 2017",,,,,,0
Mumbai,"Sunday, June 11, 2017",,,,,,0
Mumbai,"Monday, June 12, 2017",,,,,,0
Mumbai,"Tuesday, June 13, 2017",,,,,,0
Mumbai,"Wednesday, June 14, 2017",,,,,,0
Mumbai,"Thursday, June 15, 2017",,,,,,0
Mumbai,"Friday, June 16, 2017",,,,,,0
Mumbai,"Saturday, June 17, 2017",,,,,,0
Mumbai,"Sunday, June 18, 2017",,,,,,0
Mumbai,"Monday, June 19, 2017",,,,,,0
Mumbai,"Tuesday, June 20, 2017",,,,,,0
Mumbai,"Wednesday, June 21, 2017",,,,,,0
Mumbai,"Thursday, June 22, 2017",,,,,,0
Mumbai,"Friday, June 23, 2017",,,,,,0
Mumbai,"Saturday, June 24, 2017",,,,,,0
Mumbai,"Sunday, June 25, 2017",,,,,,0
Mumbai,"Monday, June 26, 2017",,,,,,0
Mumbai,"Tuesday, June 27, 2017",,,,,,0
Mumbai,"Wednesday, June 28, 2017",,,,,,0
Mumbai,"Thursday, June 29, 2017",,,,,,0
Mumbai,"Friday, June 30, 2017",,,,,,0
Mumbai,"Saturday, July 1, 2017",,,,,,0
Mumbai,"Sunday, July 2, 2017",,,,,,0
Mumbai,"Monday, July 3, 2017",,,,,,0
Mumbai,"Tuesday, July 4, 2017",,,,,,0
Mumbai,"Wednesday, July 5, 2017",,,,,,0
Mumbai,"Thursday, July 6, 2017",,,,,,0
Mumbai,"Friday, July 7, 2017",,,,,,0
Mumbai,"Saturday, July 8, 2017",,,,,,0
Mumbai,"Sunday, July 9, 2017",,,,,,0
Mumbai,"Monday, July 10, 2017",,,,,,0
Mumbai,"Tuesday, July 11, 2017",,,,,,0
Mumbai,"Wednesday, July 12, 2017",,,,,,0
Mumbai,"Thursday, July 13, 2017",,,,,,0
Mumbai,"Friday, July 14, 2017",,,,,,0
Mumbai,"Saturday, July 15, 2017",,,,,,0
Mumbai,"Sunday, July 16, 2017",,,,,,0
Mumbai,"Monday, July 17, 2017",,,,,,0
Mumbai,"Tuesday, July 18, 2017",,,,,,0
Mumbai,"Wednesday, July 19, 2017",,,,,,0
Mumbai,"Thursday, July 20, 2017",,,,,,0
Mumbai,"Friday, July 21, 2017",,,,,,0
Mumbai,"Saturday, July 22, 2017",,,,,,0
Mumbai,"Sunday, July 23, 2017",,,,,,0
Mumbai,"Monday, July 24, 2017",,,,,,0
Mumbai,"Tuesday, July 25, 2017",,,,,,0
Mumbai,"Wednesday, July 26, 2017",,,,,,0
Mumbai,"Thursday, July 27, 2017",,,,,,0
Mumbai,"Friday, July 28, 2017",,,,,,0
Mumbai,"Saturday, July 29, 2017",,,,,,0
Mumbai,"Sunday, July 30, 2017",,,,,,0
Mumbai,"Monday, July 31, 2017",,,,,,0
Mumbai,"Tuesday, August 1, 2017",,,,,,0
Mumbai,"Wednesday, August 2, 2017",,,,,,0
Mumbai,"Thursday, August 3, 2017",,,,,,0
Mumbai,"Friday, August 4, 2017",,,,,,0
Mumbai,"Saturday, August 5, 2017",,,,,,0
Mumbai,"Sunday, August 6, 2017",,,,,,0
Mumbai,"Monday, August 7, 2017",,,,,,0
Mumbai,"Tuesday, August 8, 2017",,,,,,0
Mumbai,"Wednesday, August 9, 2017",,,,,,0
Mumbai,"Thursday, August 10, 2017",,,,,,0
Mumbai,"Friday, August 11, 2017",,,,,,0
Mumbai,"Saturday, August 12, 2017",,,,,,0
Mumbai,"Sunday, August 13, 2017",,,,,,0
Mumbai,"Monday, August 14, 2017",,,,,,0
Mumbai,"Tuesday, August 15, 2017",,,,,,0
Mumbai,"Wednesday, August 16, 2017",,,,,,0
Mumbai,"Thursday, August 17, 2017",,,,,,0
Mumbai,"Friday, August 18, 2017",,,,,,0
Mumbai,"Saturday, August 19, 2017",,,,,,0
Mumbai,"Sunday, August 20, 2017",,,,,,0
Mumbai,"Monday, August 21, 2017",,,,,,0
Mumbai,"Tuesday, August 22, 2017",,,,,,0
Mumbai,"Wednesday, August 23, 2017",,,,,,0
Mumbai,"Thursday, August 24, 2017",,,,,,0
Mumbai,"Friday, August 25, 2017",,,,,,0
Mumbai,"Saturday, August 26, 2017",,,,,,0
Mumbai,"Sunday, August 27, 2017",,,,,,0
Mumbai,"Monday, August 28, 2017",,,,,,0
Mumbai,"Tuesday, August 29, 2017",,,,,,0
Mumbai,"Wednesday, August 30, 2017",,,,,,0
Mumbai,"Thursday, August 31, 2017",,,,,,0
Mumbai,"Friday, September 1, 2017",,,,,,0
Mumbai,"Saturday, September 2, 2017",,,,,,0
Mumbai,"Sunday, September 3, 2017",,,,,,0
Mumbai,"Monday, September 4, 2017",,,,,,0
Mumbai,"Tuesday, September 5, 2017",,,,,,0
Mumbai,"Wednesday, September 6, 2017",,,,,,0
Mumbai,"Thursday, September 7, 2017",,,,,,0
Mumbai,"Friday, September 8, 2017",,,,,,0
Mumbai,"Saturday, September 9, 2017",,,,,,0
Mumbai,"Sunday, September 10, 2017",,,,,,0
Mumbai,"Monday, September 11, 2017",,,,,,0
Mumbai,"Tuesday, September 12, 2017",,,,,,0
Mumbai,"Wednesday, September 13, 2017",,,,,,0
Mumbai,"Thursday, September 14, 2017",,,,,,0
Mumbai,"Friday, September 15, 2017",,,,,,0
Mumbai,"Saturday, September 16, 2017",,,,,,0
Mumbai,"Sunday, September 17, 2017",,,,,,0
Mumbai,"Monday, September 18, 2017",,,,,,0
Mumbai,"Tuesday, September 19, 2017",,,,,,0
Mumbai,"Wednesday, September 20, 2017",,,,,,0
Mumbai,"Thursday, September 21, 2017",,,,,,0
Mumbai,"Friday, September 22, 2017",,,,,,0
Mumbai,"Saturday, September 23, 2017",,,,,,0
Mumbai,"Sunday, September 24, 2017",,,,,,0
Mumbai,"Monday, September 25, 2017",,,,,,0
Mumbai,"Tuesday, September 26, 2017",,,,,,0
Mumbai,"Wednesday, September 27, 2017",,,,,,0
Mumbai,"Thursday, September 28, 2017",,,,,,0
Mumbai,"Friday, September 29, 2017",,,,,,0
Mumbai,"Saturday, September 30, 2017",,,,,,0
Mumbai,"Sunday, October 1, 2017",,,,,,0
Mumbai,"Monday, October 2, 2017",,,,,,0
Mumbai,"Tuesday, October 3, 2017",,,,,,0
Mumbai,"Wednesday, October 4, 2017",,,,,,0
Mumbai,"Thursday, October 5, 2017",,,,,,0
Mumbai,"Friday, October 6, 2017",,,,,,0
Mumbai,"Saturday, October 7, 2017",,,,,,0
Mumbai,"Sunday, October 8, 2017",,,,,,0
Mumbai,"Monday, October 9, 2017",,,,,,0
Mumbai,"Tuesday, October 10, 2017",,,,,,0
Mumbai,"Wednesday, October 11, 2017",,,,,,0
Mumbai,"Thursday, October 12, 2017",,,,,,0
Mumbai,"Friday, October 13, 2017",,,,,,0
Mumbai,"Saturday, October 14, 2017",,,,,,0
Mumbai,"Sunday, October 15, 2017",,,,,,0
Mumbai,"Monday, October 16, 2017",,,,,,0
Mumbai,"Tuesday, October 17, 2017",,,,,,0
Mumbai,"Wednesday, October 18, 2017",,,,,,0
Mumbai,"Thursday, October 19, 2017",,,,,,0
Mumbai,"Friday, October 20, 2017",,,,,,0
Mumbai,"Saturday, October 21, 2017",,,,,,0
Mumbai,"Sunday, October 22, 2017",,,,,,0
Mumbai,"Monday, October 23, 2017",,,,,,0
Mumbai,"Tuesday, October 24, 2017",,,,,,0
Mumbai,"Wednesday, October 25, 2017",,,,,,0
Mumbai,"Thursday, October 26, 2017",,,,,,0
Mumbai,"Friday, October 27, 2017",,,,,,0
Mumbai,"Saturday, October 28, 2017",,,,,,0
Mumbai,"Sunday, October 29, 2017",,,,,,0
Mumbai,"Monday, October 30, 2017",,,,,,0
Mumbai,"Tuesday, October 31, 2017",,,,,,0
Mumbai,"Wednesday, November 1, 2017",,,,,,0
Mumbai,"Thursday, November 2, 2017",,,,,,0
Mumbai,"Friday, November 3, 2017",,,,,,0
Mumbai,"Saturday, November 4, 2017",,,,,,0
Mumbai,"Sunday, November 5, 2017",,,,,,0
Mumbai,"Monday, November 6, 2017",,,,,,0
Mumbai,"Tuesday, November 7, 2017",,,,,,0
Mumbai,"Wednesday, November 8, 2017",,,,,,0
Mumbai,"Thursday, November 9, 2017",,,,,,0
Mumbai,"Friday, November 10, 2017",,,,,,0
Mumbai,"Saturday, November 11, 2017",,,,,,0
Mumbai,"Sunday, November 12, 2017",,,,,,0
Mumbai,"Monday, November 13, 2017",,,,,,0
Mumbai,"Tuesday, November 14, 2017",,,,,,0
Mumbai,"Wednesday, November 15, 2017",,,,,,0
Mumbai,"Thursday, November 16, 2017",,,,,,0
Mumbai,"Friday, November 17, 2017",,,,,,0
Mumbai,"Saturday, November 18, 2017",,,,,,0
Mumbai,"Thursday, January 25, 2018",,,,,,0
Mumbai,"Friday, January 26, 2018",,,,,,0
Mumbai,"Saturday, January 27, 2018",,,,,,0
Mumbai,"Sunday, January 28, 2018",,,,,,0
Mumbai,"Monday, January 29, 2018",,,,,,0
Mumbai,"Tuesday, January 30, 2018",,,,,,0
Mumbai,"Wednesday, January 31, 2018",,,,,,0
Bengaluru,"Sunday, August 7, 2016",,,,10.86,,0
Bengaluru,"Wednesday, August 10, 2016",,,,10.95,,0
Delhi,"Saturday, August 12, 2017",,,,0,,0
Delhi,"Sunday, August 13, 2017",,,,0,,0
Mumbai,"Thursday, January 1, 2015",,,,27.38,,0
Mumbai,"Friday, January 2, 2015",,,,26.2,,0
Mumbai,"Saturday, January 3, 2015",,,,26.04,,0
Mumbai,"Sunday, January 4, 2015",,,,25.97,,0
Mumbai,"Monday, January 5, 2015",,,,25.18,,0
Mumbai,"Tuesday, January 6, 2015",,,,26.41,,0
Mumbai,"Wednesday, January 7, 2015",,,,27.08,,0
Mumbai,"Thursday, January 8, 2015",,,,27.48,,0
Mumbai,"Friday, January 9, 2015",,,,27.22,,0
Mumbai,"Saturday, January 10, 2015",,,,28.03,,0
Mumbai,"Sunday, January 11, 2015",,,,27.57,,0
Mumbai,"Monday, January 12, 2015",,,,28.44,,0
Mumbai,"Tuesday, January 13, 2015",,,,29.15,,0
Mumbai,"Wednesday, January 14, 2015",,,,28.59,,0
Mumbai,"Thursday, January 15, 2015",,,,27.83,,0
Mumbai,"Friday, January 16, 2015",,,,27.1,,0
Mumbai,"Saturday, January 17, 2015",,,,27.21,,0
Mumbai,"Sunday, January 18, 2015",,,,27.89,,0
Mumbai,"Monday, January 19, 2015",,,,26.78,,0
Mumbai,"Tuesday, January 20, 2015",,,,25.39,,0
Mumbai,"Wednesday, January 21, 2015",,,,25.04,,0
Mumbai,"Thursday, January 22, 2015",,,,24.28,,0
Mumbai,"Friday, January 23, 2015",,,,26.51,,0
Mumbai,"Saturday, January 24, 2015",,,,26.59,,0
Mumbai,"Sunday, January 25, 2015",,,,26.27,,0
Mumbai,"Monday, January 26, 2015",,,,26.86,,0
Mumbai,"Tuesday, January 27, 2015",,,,27.26,,0
Mumbai,"Wednesday, January 28, 2015",,,,26.45,,0
Mumbai,"Thursday, January 29, 2015",,,,26.3,,0
Mumbai,"Friday, January 30, 2015",,,,25.64,,0
Mumbai,"Saturday, January 31, 2015",,,,27.34,,0
Mumbai,"Sunday, February 1, 2015",,,,27.25,,0
Mumbai,"Monday, February 2, 2015",,,,26,,0
Mumbai,"Tuesday, February 3, 2015",,,,28.16,,0
Mumbai,"Wednesday, February 4, 2015",,,,29.13,,0
Mumbai,"Thursday, February 5, 2015",,,,28.98,,0
Mumbai,"Friday, February 6, 2015",,,,28.69,,0
Mumbai,"Saturday, February 7, 2015",,,,27.46,,0
Mumbai,"Sunday, February 8, 2015",,,,26.77,,0
Mumbai,"Monday, February 9, 2015",,,,28.25,,0
Mumbai,"Tuesday, February 10, 2015",,,,28.48,,0
Mumbai,"Wednesday, February 11, 2015",,,,27.56,,0
Mumbai,"Thursday, February 12, 2015",,,,27.86,,0
Mumbai,"Friday, February 13, 2015",,,,28,,0
Mumbai,"Saturday, February 14, 2015",,,,28.2,,0
Mumbai,"Sunday, February 15, 2015",,,,25.99,,0
Mumbai,"Monday, February 16, 2015",,,,25.47,,0
Mumbai,"Tuesday, February 17, 2015",,,,26.31,,0
Mumbai,"Wednesday, February 18, 2015",,,,25.14,,0
Mumbai,"Thursday, February 19, 2015",,,,25.22,,0
Mumbai,"Friday, February 20, 2015",,,,25.44,,0
Mumbai,"Saturday, February 21, 2015",,,,26.82,,0
Mumbai,"Sunday, February 22, 2015",,,,27.54,,0
Mumbai,"Monday, February 23, 2015",,,,29.02,,0
Mumbai,"Tuesday, February 24, 2015",,,,26.68,,0
Mumbai,"Wednesday, February 25, 2015",,,,26.41,,0
Mumbai,"Thursday, February 26, 2015",,,,26.85,,0
Mumbai,"Friday, February 27, 2015",,,,26.84,,0
Mumbai,"Saturday, February 28, 2015",,,,25.4,,0
Mumbai,"Sunday, March 1, 2015",,,,24.76,,0
Mumbai,"Monday, March 2, 2015",,,,27.32,,0
Mumbai,"Tuesday, March 3, 2015",,,,27.16,,0
Mumbai,"Wednesday, March 4, 2015",,,,27.37,,0
Mumbai,"Thursday, March 5, 2015",,,,28.75,,0
Mumbai,"Friday, March 6, 2015",,,,30.51,,0
Mumbai,"Saturday, March 7, 2015",,,,27.12,,0
Mumbai,"Sunday, March 8, 2015",,,,27.07,,0
Mumbai,"Monday, March 9, 2015",,,,44.83,,0
Mumbai,"Tuesday, March 10, 2015",,,,148.63,,0
Mumbai,"Wednesday, March 11, 2015",,,,159.94,,0
Mumbai,"Thursday, March 12, 2015",,,,141.44,,0
Mumbai,"Friday, March 13, 2015",,,,143.29,,0
Mumbai,"Saturday, March 14, 2015",,,,96.51,,0
Mumbai,"Sunday, March 15, 2015",,,,68.31,,0
Mumbai,"Monday, March 16, 2015",,,,77.33,,0
Mumbai,"Tuesday, March 17, 2015",,,,147.88,,0
Mumbai,"Wednesday, March 18, 2015",,,,146.64,,0
Mumbai,"Thursday, March 19, 2015",,,,192.23,,0
Mumbai,"Friday, March 20, 2015",,,,216.78,,0
Mumbai,"Saturday, March 21, 2015",,,,146.9,,0
Mumbai,"Sunday, March 22, 2015",,,,129.06,,0
Mumbai,"Monday, March 23, 2015",,,,69.39,,0
Mumbai,"Tuesday, March 24, 2015",,,,126.4,,0
Mumbai,"Wednesday, March 25, 2015",,,,133.37,,0
Mumbai,"Thursday, March 26, 2015",,,,75.96,,0
Mumbai,"Friday, March 27, 2015",,,,68.16,,0
Mumbai,"Saturday, March 28, 2015",,,,50.92,,0
Mumbai,"Sunday, March 29, 2015",,,,74.38,,0
Mumbai,"Monday, March 30, 2015",,,,83.22,,0
Mumbai,"Tuesday, March 31, 2015",,,,93.38,,0
Mumbai,"Wednesday, April 1, 2015",,,,149.29,,0
Mumbai,"Thursday, April 2, 2015",,,,89.25,,0
Mumbai,"Friday, April 3, 2015",,,,73.5,,0
Mumbai,"Saturday, April 4, 2015",,,,80.04,,0
Mumbai,"Sunday, April 5, 2015",,,,65.24,,0
Mumbai,"Monday, April 6, 2015",,,,74.24,,0
Mumbai,"Tuesday, April 7, 2015",,,,103.3,,0
Mumbai,"Wednesday, April 8, 2015",,,,88.63,,0
Mumbai,"Thursday, April 9, 2015",,,,53,,0
Mumbai,"Friday, April 10, 2015",,,,62,,0
Mumbai,"Saturday, April 11, 2015",,,,41.87,,0
Mumbai,"Sunday, April 12, 2015",,,,57.21,,0
Mumbai,"Monday, April 13, 2015",,,,66.13,,0
Mumbai,"Tuesday, April 14, 2015",,,,68.25,,0
Mumbai,"Wednesday, April 15, 2015",,,,14.12,,0
Mumbai,"Thursday, April 16, 2015",,,,25.34,,0
Mumbai,"Friday, April 17, 2015",,,,25.7,,0
Mumbai,"Saturday, April 18, 2015",,,,25.61,,0
Mumbai,"Sunday, April 19, 2015",,,,25.61,,0
Mumbai,"Monday, April 20, 2015",,,,30.29,,0
Mumbai,"Tuesday, April 21, 2015",,,,28.14,,0
Mumbai,"Wednesday, April 22, 2015",,,,28.16,,0
Mumbai,"Thursday, April 23, 2015",,,,28.19,,0
Mumbai,"Friday, April 24, 2015",,,,28.13,,0
Mumbai,"Saturday, April 25, 2015",,,,28.24,,0
Mumbai,"Sunday, April 26, 2015",,,,44.42,,0
Mumbai,"Monday, April 27, 2015",,,,66.93,,0
Mumbai,"Tuesday, April 28, 2015",,,,28.93,,0
Mumbai,"Wednesday, April 29, 2015",,,,28.81,,0
Mumbai,"Thursday, April 30, 2015",,,,28.97,,0
Mumbai,"Friday, May 1, 2015",,,,29.45,,0
Mumbai,"Saturday, May 2, 2015",,,,31.07,,0
Mumbai,"Sunday, May 3, 2015",,,,33.46,,0
Mumbai,"Monday, May 4, 2015",,,,31.89,,0
Mumbai,"Tuesday, May 5, 2015",,,,27.97,,0
Mumbai,"Wednesday, May 6, 2015",,,,28.01,,0
Mumbai,"Thursday, May 7, 2015",,,,46.54,,0
Mumbai,"Friday, May 8, 2015",,,,27.7,,0
Mumbai,"Saturday, May 9, 2015",,,,27.83,,0
Mumbai,"Sunday, May 10, 2015",,,,27.91,,0
Mumbai,"Monday, May 11, 2015",,,,27.9,,0
Mumbai,"Tuesday, May 12, 2015",,,,27.98,,0
Mumbai,"Wednesday, May 13, 2015",,,,25.47,,0
Mumbai,"Thursday, May 14, 2015",,,,23.08,,0
Mumbai,"Friday, May 15, 2015",,,,23.12,,0
Mumbai,"Saturday, May 16, 2015",,,,23.14,,0
Mumbai,"Sunday, May 17, 2015",,,,23.28,,0
Mumbai,"Monday, May 18, 2015",,,,23.2,,0
Mumbai,"Tuesday, May 19, 2015",,,,23.14,,0
Mumbai,"Wednesday, May 20, 2015",,,,23.11,,0
Mumbai,"Thursday, May 21, 2015",,,,23.22,,0
Mumbai,"Friday, May 22, 2015",,,,23.37,,0
Mumbai,"Saturday, May 23, 2015",,,,23.46,,0
Mumbai,"Sunday, May 24, 2015",,,,23.55,,0
Mumbai,"Monday, May 25, 2015",,,,23.41,,0
Mumbai,"Tuesday, May 26, 2015",,,,23.46,,0
Mumbai,"Wednesday, May 27, 2015",,,,23.5,,0
Mumbai,"Thursday, May 28, 2015",,,,23.57,,0
Mumbai,"Friday, May 29, 2015",,,,23.5,,0
Mumbai,"Saturday, May 30, 2015",,,,23.51,,0
Mumbai,"Sunday, May 31, 2015",,,,23.78,,0
Mumbai,"Monday, June 1, 2015",,,,23.69,,0
Mumbai,"Tuesday, June 2, 2015",,,,41.01,,0
Mumbai,"Wednesday, June 3, 2015",,,,57.53,,0
Mumbai,"Thursday, June 4, 2015",,,,23.38,,0
Mumbai,"Friday, June 5, 2015",,,,30.52,,0
Mumbai,"Saturday, June 6, 2015",,,,23.05,,0
Mumbai,"Sunday, June 7, 2015",,,,23.35,,0
Mumbai,"Monday, June 8, 2015",,,,22.96,,0
Mumbai,"Tuesday, June 9, 2015",,,,23,,0
Mumbai,"Wednesday, June 10, 2015",,,,23.06,,0
Mumbai,"Thursday, June 11, 2015",,,,23.02,,0
Mumbai,"Friday, June 12, 2015",,,,22.96,,0
Mumbai,"Saturday, June 13, 2015",,,,23.01,,0
Mumbai,"Sunday, June 14, 2015",,,,23.04,,0
Mumbai,"Monday, June 15, 2015",,,,23,,0
Mumbai,"Tuesday, June 16, 2015",,,,23,,0
Mumbai,"Wednesday, June 17, 2015",,,,24.84,,0
Mumbai,"Thursday, June 18, 2015",,,,23.16,,0
Mumbai,"Friday, June 19, 2015",,,,23.24,,0
Mumbai,"Saturday, June 20, 2015",,,,16.77,,0
Mumbai,"Sunday, June 21, 2015",,,,18.88,,0
Mumbai,"Monday, June 22, 2015",,,,18.87,,0
Mumbai,"Tuesday, June 23, 2015",,,,18.87,,0
Mumbai,"Wednesday, June 24, 2015",,,,18.85,,0
Mumbai,"Thursday, June 25, 2015",,,,18.95,,0
Mumbai,"Friday, June 26, 2015",,,,18.98,,0
Mumbai,"Saturday, June 27, 2015",,,,18.97,,0
Mumbai,"Sunday, June 28, 2015",,,,19.04,,0
Mumbai,"Monday, June 29, 2015",,,,19.02,,0
Mumbai,"Tuesday, June 30, 2015",,,,19.04,,0
Mumbai,"Wednesday, July 1, 2015",,,,19.03,,0
Mumbai,"Thursday, July 2, 2015",,,,19.02,,0
Mumbai,"Friday, July 3, 2015",,,,19.05,,0
Mumbai,"Saturday, July 4, 2015",,,,19.11,,0
Mumbai,"Sunday, July 5, 2015",,,,19.25,,0
Mumbai,"Monday, July 6, 2015",,,,19.22,,0
Mumbai,"Tuesday, July 7, 2015",,,,19.25,,0
Mumbai,"Wednesday, July 8, 2015",,,,19.24,,0
Mumbai,"Thursday, July 9, 2015",,,,19.24,,0
Mumbai,"Friday, July 10, 2015",,,,19.27,,0
Mumbai,"Saturday, July 11, 2015",,,,19.28,,0
Mumbai,"Sunday, July 12, 2015",,,,19.39,,0
Mumbai,"Monday, July 13, 2015",,,,19.31,,0
Mumbai,"Tuesday, July 14, 2015",,,,19.26,,0
Mumbai,"Wednesday, July 15, 2015",,,,19.3,,0
Mumbai,"Thursday, July 16, 2015",,,,19.41,,0
Mumbai,"Friday, July 17, 2015",,,,19.37,,0
Mumbai,"Saturday, July 18, 2015",,,,19.4,,0
Mumbai,"Sunday, July 19, 2015",,,,19.65,,0
Mumbai,"Monday, July 20, 2015",,,,20.18,,0
Mumbai,"Tuesday, July 21, 2015",,,,22.46,,0
Mumbai,"Wednesday, July 22, 2015",,,,27.67,,0
Mumbai,"Thursday, July 23, 2015",,,,19.86,,0
Mumbai,"Friday, July 24, 2015",,,,19.92,,0
Mumbai,"Saturday, July 25, 2015",,,,19.9,,0
Mumbai,"Sunday, July 26, 2015",,,,19.83,,0
Mumbai,"Monday, July 27, 2015",,,,19.68,,0
Mumbai,"Tuesday, July 28, 2015",,,,19.71,,0
Mumbai,"Wednesday, July 29, 2015",,,,19.96,,0
Mumbai,"Thursday, July 30, 2015",,,,29.59,,0
Mumbai,"Friday, July 31, 2015",,,,27.91,,0
Mumbai,"Saturday, August 1, 2015",,,,19.74,,0
Mumbai,"Sunday, August 2, 2015",,,,19.88,,0
Mumbai,"Monday, August 3, 2015",,,,20.15,,0
Mumbai,"Tuesday, August 4, 2015",,,,19.92,,0
Mumbai,"Wednesday, August 5, 2015",,,,19.96,,0
Mumbai,"Thursday, August 6, 2015",,,,25.4,,0
Mumbai,"Friday, August 7, 2015",,,,19.19,,0
Mumbai,"Saturday, August 8, 2015",,,,19.09,,0
Mumbai,"Sunday, August 9, 2015",,,,19.1,,0
Mumbai,"Monday, August 10, 2015",,,,21.29,,0
Mumbai,"Tuesday, August 11, 2015",,,,17.96,,0
Mumbai,"Wednesday, August 12, 2015",,,,20.1,,0
Mumbai,"Thursday, August 13, 2015",,,,30.94,,0
Mumbai,"Friday, August 14, 2015",,,,48.78,,0
Mumbai,"Saturday, August 15, 2015",,,,64.61,,0
Mumbai,"Sunday, August 16, 2015",,,,68.83,,0
Mumbai,"Monday, August 17, 2015",,,,105.22,,0
Mumbai,"Tuesday, August 18, 2015",,,,58.14,,0
Mumbai,"Wednesday, August 19, 2015",,,,48.61,,0
Mumbai,"Thursday, August 20, 2015",,,,31.35,,0
Mumbai,"Friday, August 21, 2015",,,,30.96,,0
Mumbai,"Saturday, August 22, 2015",,,,35.06,,0
Mumbai,"Sunday, August 23, 2015",,,,35.9,,0
Mumbai,"Monday, August 24, 2015",,,,34.06,,0
Mumbai,"Tuesday, August 25, 2015",,,,55.08,,0
Mumbai,"Wednesday, August 26, 2015",,,,26.95,,0
Mumbai,"Thursday, August 27, 2015",,,,14.48,,0
Mumbai,"Friday, August 28, 2015",,,,93.84,,0
Mumbai,"Saturday, August 29, 2015",,,,72.08,,0
Mumbai,"Sunday, August 30, 2015",,,,56.18,,0
Mumbai,"Monday, August 31, 2015",,,,57.92,,0
Mumbai,"Tuesday, September 1, 2015",,,,38.72,,0
Mumbai,"Wednesday, September 2, 2015",,,,45.2,,0
Mumbai,"Thursday, September 3, 2015",,,,52.07,,0
Mumbai,"Friday, September 4, 2015",,,,54.44,,0
Mumbai,"Saturday, September 5, 2015",,,,51.49,,0
Mumbai,"Sunday, September 6, 2015",,,,40.51,,0
Mumbai,"Monday, September 7, 2015",,,,33.59,,0
Mumbai,"Tuesday, September 8, 2015",,,,52.77,,0
Mumbai,"Wednesday, September 9, 2015",,,,45.86,,0
Mumbai,"Thursday, September 10, 2015",,,,65.23,,0
Mumbai,"Friday, September 11, 2015",,,,67.7,,0
Mumbai,"Saturday, September 12, 2015",,,,53.31,,0
Mumbai,"Sunday, September 13, 2015",,,,49.33,,0
Mumbai,"Monday, September 14, 2015",,,,37.42,,0
Mumbai,"Tuesday, September 15, 2015",,,,26.27,,0
Mumbai,"Wednesday, September 16, 2015",,,,38.43,,0
Mumbai,"Thursday, September 17, 2015",,,,10.81,,0
Mumbai,"Friday, September 18, 2015",,,,10.83,,0
Mumbai,"Saturday, September 19, 2015",,,,11.46,,0
Mumbai,"Sunday, September 20, 2015",,,,30.68,,0
Mumbai,"Monday, September 21, 2015",,,,18.24,,0
Mumbai,"Tuesday, September 22, 2015",,,,27.42,,0
Mumbai,"Wednesday, September 23, 2015",,,,37.69,,0
Mumbai,"Thursday, September 24, 2015",,,,36.61,,0
Mumbai,"Friday, September 25, 2015",,,,58.28,,0
Mumbai,"Saturday, September 26, 2015",,,,61.58,,0
Mumbai,"Sunday, September 27, 2015",,,,60.09,,0
Mumbai,"Monday, September 28, 2015",,,,56.93,,0
Mumbai,"Tuesday, September 29, 2015",,,,65.55,,0
Mumbai,"Wednesday, September 30, 2015",,,,96.75,,0
Mumbai,"Thursday, October 1, 2015",,,,96.91,,0
Mumbai,"Friday, October 2, 2015",,,,57.75,,0
Mumbai,"Saturday, October 3, 2015",,,,42.06,,0
Mumbai,"Sunday, October 4, 2015",,,,58.73,,0
Mumbai,"Monday, October 5, 2015",,,,66.33,,0
Mumbai,"Tuesday, October 6, 2015",,,,76.95,,0
Mumbai,"Wednesday, October 7, 2015",,,,101.49,,0
Mumbai,"Thursday, October 8, 2015",,,,89.04,,0
Mumbai,"Friday, October 9, 2015",,,,36.82,,0
Mumbai,"Saturday, October 10, 2015",,,,32.81,,0
Mumbai,"Sunday, October 11, 2015",,,,44.91,,0
Mumbai,"Monday, October 12, 2015",,,,46.38,,0
Mumbai,"Tuesday, October 13, 2015",,,,57.37,,0
Mumbai,"Wednesday, October 14, 2015",,,,76.35,,0
Mumbai,"Thursday, October 15, 2015",,,,103.37,,0
Mumbai,"Friday, October 16, 2015",,,,109.07,,0
Mumbai,"Saturday, October 17, 2015",,,,77.91,,0
Mumbai,"Sunday, October 18, 2015",,,,64.58,,0
Mumbai,"Monday, October 19, 2015",,,,76.48,,0
Mumbai,"Tuesday, October 20, 2015",,,,119.37,,0
Mumbai,"Wednesday, October 21, 2015",,,,116.6,,0
Mumbai,"Thursday, October 22, 2015",,,,92.44,,0
Mumbai,"Friday, October 23, 2015",,,,82.39,,0
Mumbai,"Saturday, October 24, 2015",,,,99.83,,0
Mumbai,"Sunday, October 25, 2015",,,,80.41,,0
Mumbai,"Monday, October 26, 2015",,,,82.05,,0
Mumbai,"Tuesday, October 27, 2015",,,,82.3,,0
Mumbai,"Wednesday, October 28, 2015",,,,105.83,,0
Mumbai,"Thursday, October 29, 2015",,,,134.01,,0
Mumbai,"Friday, October 30, 2015",,,,107.34,,0
Mumbai,"Saturday, October 31, 2015",,,,91.69,,0
Mumbai,"Sunday, November 1, 2015",,,,96.58,,0
Mumbai,"Monday, November 2, 2015",,,,97.69,,0
Mumbai,"Thursday, November 5, 2015",,,,129.37,,0
Mumbai,"Friday, November 6, 2015",,,,145.27,,0
Mumbai,"Saturday, November 7, 2015",,,,146.31,,0
Mumbai,"Sunday, November 8, 2015",,,,136.41,,0
Mumbai,"Monday, November 9, 2015",,,,151.71,,0
Mumbai,"Tuesday, November 10, 2015",,,,152.57,,0
Mumbai,"Wednesday, November 11, 2015",,,,129.33,,0
Mumbai,"Thursday, November 12, 2015",,,,108.3,,0
Mumbai,"Friday, November 13, 2015",,,,108.14,,0
Mumbai,"Saturday, November 14, 2015",,,,118.58,,0
Mumbai,"Sunday, November 15, 2015",,,,123.58,,0
Mumbai,"Monday, November 16, 2015",,,,129.55,,0
Mumbai,"Tuesday, November 17, 2015",,,,123.98,,0
Mumbai,"Wednesday, November 18, 2015",,,,157.62,,0
Mumbai,"Thursday, November 19, 2015",,,,167.83,,0
Mumbai,"Friday, November 20, 2015",,,,128.16,,0
Mumbai,"Saturday, November 21, 2015",,,,143.35,,0
Mumbai,"Sunday, November 22, 2015",,,,187.31,,0
Mumbai,"Monday, November 23, 2015",,,,129.07,,0
Mumbai,"Tuesday, November 24, 2015",,,,121.31,,0
Mumbai,"Wednesday, November 25, 2015",,,,127.13,,0
Mumbai,"Thursday, November 26, 2015",,,,184.07,,0
Mumbai,"Friday, November 27, 2015",,,,98.32,,0
Mumbai,"Saturday, November 28, 2015",,,,92.86,,0
Mumbai,"Sunday, November 29, 2015",,,,127.31,,0
Mumbai,"Monday, November 30, 2015",,,,90.99,,0
Mumbai,"Tuesday, December 1, 2015",,,,86.6,,0
Mumbai,"Wednesday, December 2, 2015",,,,87.75,,0
Mumbai,"Thursday, December 3, 2015",,,,84.02,,0
Mumbai,"Friday, December 4, 2015",,,,104.86,,0
Mumbai,"Saturday, December 5, 2015",,,,142.21,,0
Mumbai,"Sunday, December 6, 2015",,,,128.17,,0
Mumbai,"Monday, December 7, 2015",,,,112.94,,0
Mumbai,"Tuesday, December 8, 2015",,,,116.24,,0
Mumbai,"Wednesday, December 9, 2015",,,,131.44,,0
Mumbai,"Thursday, December 10, 2015",,,,140.27,,0
Mumbai,"Friday, December 11, 2015",,,,134.67,,0
Mumbai,"Saturday, December 12, 2015",,,,124.51,,0
Mumbai,"Sunday, December 13, 2015",,,,119,,0
Mumbai,"Monday, December 14, 2015",,,,115.06,,0
Mumbai,"Tuesday, December 15, 2015",,,,97.43,,0
Mumbai,"Wednesday, December 16, 2015",,,,95.77,,0
Mumbai,"Thursday, December 17, 2015",,,,112.23,,0
Mumbai,"Friday, December 18, 2015",,,,101.36,,0
Mumbai,"Saturday, December 19, 2015",,,,101.16,,0
Mumbai,"Sunday, December 20, 2015",,,,102.87,,0
Mumbai,"Monday, December 21, 2015",,,,91.42,,0
Mumbai,"Tuesday, December 22, 2015",,,,83.5,,0
Mumbai,"Wednesday, December 23, 2015",,,,103.17,,0
Mumbai,"Thursday, December 24, 2015",,,,92.79,,0
Mumbai,"Friday, December 25, 2015",,,,75.69,,0
Mumbai,"Saturday, December 26, 2015",,,,69.94,,0
Mumbai,"Sunday, December 27, 2015",,,,86.67,,0
Mumbai,"Monday, December 28, 2015",,,,87.72,,0
Mumbai,"Tuesday, December 29, 2015",,,,93.76,,0
Mumbai,"Wednesday, December 30, 2015",,,,117.52,,0
Mumbai,"Thursday, December 31, 2015",,,,63.28,,0
Mumbai,"Friday, January 1, 2016",,,,49.73,,0
Mumbai,"Saturday, January 2, 2016",,,,51.09,,0
Mumbai,"Sunday, January 3, 2016",,,,48,,0
Mumbai,"Monday, January 4, 2016",,,,52.01,,0
Mumbai,"Tuesday, January 5, 2016",,,,47.24,,0
Mumbai,"Wednesday, January 6, 2016",,,,13.3,,0
Mumbai,"Thursday, January 7, 2016",,,,15.45,,0
Mumbai,"Friday, January 8, 2016",,,,5.69,,0
Mumbai,"Saturday, January 9, 2016",,,,7.51,,0
Mumbai,"Sunday, January 10, 2016",,,,13.7,,0
Mumbai,"Monday, January 11, 2016",,,,14.47,,0
Mumbai,"Tuesday, January 12, 2016",,,,7.47,,0
Mumbai,"Wednesday, January 13, 2016",,,,13.41,,0
Mumbai,"Thursday, January 14, 2016",,,,12.04,,0
Mumbai,"Friday, January 15, 2016",,,,14.12,,0
Mumbai,"Saturday, January 16, 2016",,,,14.6,,0
Mumbai,"Sunday, January 17, 2016",,,,22.37,,0
Mumbai,"Monday, January 18, 2016",,,,22.52,,0
Mumbai,"Tuesday, January 19, 2016",,,,32.62,,0
Mumbai,"Wednesday, January 20, 2016",,,,34.04,,0
Mumbai,"Thursday, January 21, 2016",,,,34.13,,0
Mumbai,"Friday, January 22, 2016",,,,41.03,,0
Mumbai,"Saturday, January 23, 2016",,,,39.93,,0
Mumbai,"Sunday, January 24, 2016",,,,39.61,,0
Mumbai,"Monday, January 25, 2016",,,,40.69,,0
Mumbai,"Tuesday, January 26, 2016",,,,33.8,,0
Mumbai,"Wednesday, January 27, 2016",,,,14.16,,0
Mumbai,"Thursday, January 28, 2016",,,,33.94,,0
Mumbai,"Friday, January 29, 2016",,,,21.15,,0
Mumbai,"Saturday, January 30, 2016",,,,18.87,,0
Mumbai,"Sunday, January 31, 2016",,,,22.54,,0
Mumbai,"Monday, February 1, 2016",,,,22.87,,0
Mumbai,"Tuesday, February 2, 2016",,,,31.27,,0
Mumbai,"Wednesday, February 3, 2016",,,,31.54,,0
Mumbai,"Thursday, February 4, 2016",,,,32.04,,0
Mumbai,"Friday, February 5, 2016",,,,28.27,,0
Mumbai,"Saturday, February 6, 2016",,,,18.42,,0
Mumbai,"Sunday, February 7, 2016",,,,20.36,,0
Mumbai,"Monday, February 8, 2016",,,,20.57,,0
Mumbai,"Tuesday, February 9, 2016",,,,15.28,,0
Mumbai,"Wednesday, February 10, 2016",,,,15,,0
Mumbai,"Thursday, February 11, 2016",,,,11.11,,0
Mumbai,"Friday, February 12, 2016",,,,13.46,,0
Mumbai,"Saturday, February 13, 2016",,,,20.67,,0
Mumbai,"Sunday, February 14, 2016",,,,23.56,,0
Mumbai,"Monday, February 15, 2016",,,,39.24,,0
Mumbai,"Tuesday, February 16, 2016",,,,29.37,,0
Mumbai,"Wednesday, February 17, 2016",,,,11.48,,0
Mumbai,"Thursday, February 18, 2016",,,,18.51,,0
Mumbai,"Monday, February 22, 2016",,,,31.42,,0
Mumbai,"Tuesday, February 23, 2016",,,,30.57,,0
Mumbai,"Wednesday, February 24, 2016",,,,15.54,,0
Mumbai,"Thursday, February 25, 2016",,,,19.35,,0
Mumbai,"Friday, February 26, 2016",,,,19.29,,0
Mumbai,"Saturday, February 27, 2016",,,,17.54,,0
Mumbai,"Sunday, February 28, 2016",,,,15.92,,0
Mumbai,"Monday, February 29, 2016",,,,16.44,,0
Mumbai,"Tuesday, March 1, 2016",,,,24.44,,0
Mumbai,"Wednesday, March 2, 2016",,,,15.33,,0
Mumbai,"Thursday, March 3, 2016",,,,22.76,,0
Mumbai,"Friday, March 4, 2016",,,,19.32,,0
Mumbai,"Saturday, March 5, 2016",,,,16.51,,0
Mumbai,"Sunday, March 6, 2016",,,,13.36,,0
Mumbai,"Monday, March 7, 2016",,,,18.01,,0
Mumbai,"Tuesday, March 8, 2016",,,,27.11,,0
Mumbai,"Wednesday, March 9, 2016",,,,24.04,,0
Mumbai,"Thursday, March 10, 2016",,,,29.35,,0
Mumbai,"Friday, March 11, 2016",,,,25.65,,0
Mumbai,"Saturday, March 12, 2016",,,,23.02,,0
Mumbai,"Sunday, March 13, 2016",,,,13.9,,0
Mumbai,"Monday, March 14, 2016",,,,12.24,,0
Mumbai,"Tuesday, March 15, 2016",,,,12.26,,0
Mumbai,"Wednesday, March 16, 2016",,,,12.77,,0
Mumbai,"Thursday, March 17, 2016",,,,9.7,,0
Mumbai,"Friday, March 18, 2016",,,,10.55,,0
Mumbai,"Saturday, March 19, 2016",,,,11.05,,0
Mumbai,"Sunday, March 20, 2016",,,,11.09,,0
Mumbai,"Monday, March 21, 2016",,,,11.58,,0
Mumbai,"Tuesday, March 22, 2016",,,,13.43,,0
Mumbai,"Wednesday, March 23, 2016",,,,14.84,,0
Mumbai,"Thursday, March 24, 2016",,,,13.11,,0
Mumbai,"Friday, March 25, 2016",,,,13.65,,0
Mumbai,"Saturday, March 26, 2016",,,,17.12,,0
Mumbai,"Sunday, March 27, 2016",,,,17.88,,0
Mumbai,"Monday, March 28, 2016",,,,24.33,,0
Mumbai,"Tuesday, March 29, 2016",,,,18.85,,0
Mumbai,"Wednesday, March 30, 2016",,,,19.25,,0
Mumbai,"Thursday, March 31, 2016",,,,19.18,,0
Mumbai,"Friday, April 1, 2016",,,,18.63,,0
Mumbai,"Saturday, April 2, 2016",,,,18.51,,0
Mumbai,"Sunday, April 3, 2016",,,,19.38,,0
Mumbai,"Monday, April 4, 2016",,,,19.94,,0
Mumbai,"Tuesday, April 5, 2016",,,,20.59,,0
Mumbai,"Wednesday, April 6, 2016",,,,21.64,,0
Mumbai,"Thursday, April 7, 2016",,,,22.24,,0
Mumbai,"Friday, April 8, 2016",,,,25.06,,0
Mumbai,"Saturday, April 9, 2016",,,,24.28,,0
Mumbai,"Sunday, April 10, 2016",,,,23.82,,0
Mumbai,"Monday, April 11, 2016",,,,24.34,,0
Mumbai,"Tuesday, April 12, 2016",,,,24.18,,0
Mumbai,"Wednesday, April 13, 2016",,,,24.29,,0
Mumbai,"Thursday, April 14, 2016",,,,25.33,,0
Mumbai,"Friday, April 15, 2016",,,,25.36,,0
Mumbai,"Saturday, April 16, 2016",,,,26.31,,0
Mumbai,"Sunday, April 17, 2016",,,,25.53,,0
Mumbai,"Monday, April 18, 2016",,,,27.33,,0
Mumbai,"Tuesday, April 19, 2016",,,,26.39,,0
Mumbai,"Wednesday, April 20, 2016",,,,26.39,,0
Mumbai,"Thursday, April 21, 2016",,,,25.94,,0
Mumbai,"Friday, April 22, 2016",,,,26.45,,0
Mumbai,"Saturday, April 23, 2016",,,,27.5,,0
Mumbai,"Sunday, April 24, 2016",,,,27.17,,0
Mumbai,"Monday, April 25, 2016",,,,29.82,,0
Mumbai,"Tuesday, April 26, 2016",,,,34,,0
Mumbai,"Wednesday, April 27, 2016",,,,33.99,,0
Mumbai,"Thursday, April 28, 2016",,,,34.73,,0
Mumbai,"Friday, April 29, 2016",,,,33.08,,0
Mumbai,"Saturday, April 30, 2016",,,,36.67,,0
Mumbai,"Sunday, May 1, 2016",,,,34.63,,0
Mumbai,"Monday, May 2, 2016",,,,34.66,,0
Mumbai,"Tuesday, May 3, 2016",,,,35.46,,0
Mumbai,"Wednesday, May 4, 2016",,,,35.01,,0
Mumbai,"Thursday, May 5, 2016",,,,35.86,,0
Mumbai,"Friday, May 6, 2016",,,,36.91,,0
Mumbai,"Saturday, May 7, 2016",,,,37.2,,0
Mumbai,"Sunday, May 8, 2016",,,,34.65,,0
Mumbai,"Monday, May 9, 2016",,,,37.14,,0
Mumbai,"Tuesday, May 10, 2016",,,,37.73,,0
Mumbai,"Wednesday, May 11, 2016",,,,22.31,,0
Mumbai,"Thursday, May 12, 2016",,,,8.19,,0
Mumbai,"Friday, May 13, 2016",,,,13.13,,0
Mumbai,"Saturday, May 14, 2016",,,,12.79,,0
Mumbai,"Sunday, May 15, 2016",,,,11.68,,0
Mumbai,"Monday, May 16, 2016",,,,13.94,,0
Mumbai,"Tuesday, May 17, 2016",,,,14.28,,0
Mumbai,"Wednesday, May 18, 2016",,,,14.79,,0
Mumbai,"Thursday, May 19, 2016",,,,14.48,,0
Mumbai,"Friday, May 20, 2016",,,,15.88,,0
Mumbai,"Saturday, May 21, 2016",,,,18.2,,0
Mumbai,"Sunday, May 22, 2016",,,,16.48,,0
Mumbai,"Monday, May 23, 2016",,,,16.52,,0
Mumbai,"Tuesday, May 24, 2016",,,,19.33,,0
Mumbai,"Wednesday, May 25, 2016",,,,16.17,,0
Mumbai,"Thursday, May 26, 2016",,,,1.89,,0
Mumbai,"Friday, May 27, 2016",,,,4.63,,0
Mumbai,"Saturday, May 28, 2016",,,,6.95,,0
Mumbai,"Sunday, May 29, 2016",,,,4.76,,0
Mumbai,"Monday, May 30, 2016",,,,6.22,,0
Mumbai,"Tuesday, May 31, 2016",,,,5.38,,0
Mumbai,"Wednesday, June 1, 2016",,,,4.9,,0
Mumbai,"Thursday, June 2, 2016",,,,5.15,,0
Mumbai,"Friday, June 3, 2016",,,,5.24,,0
Mumbai,"Saturday, June 4, 2016",,,,4.9,,0
Mumbai,"Sunday, June 5, 2016",,,,5.03,,0
Mumbai,"Monday, June 6, 2016",,,,5.2,,0
Mumbai,"Tuesday, June 7, 2016",,,,5.21,,0
Mumbai,"Wednesday, June 8, 2016",,,,5.79,,0
Mumbai,"Thursday, June 9, 2016",,,,5.11,,0
Mumbai,"Friday, June 10, 2016",,,,6.2,,0
Mumbai,"Saturday, June 11, 2016",,,,7.06,,0
Mumbai,"Sunday, June 12, 2016",,,,6.4,,0
Mumbai,"Monday, June 13, 2016",,,,6.43,,0
Mumbai,"Tuesday, June 14, 2016",,,,9.66,,0
Mumbai,"Wednesday, June 15, 2016",,,,16.88,,0
Mumbai,"Thursday, June 16, 2016",,,,15.96,,0
Mumbai,"Friday, June 17, 2016",,,,15.36,,0
Mumbai,"Saturday, June 18, 2016",,,,16.55,,0
Mumbai,"Sunday, June 19, 2016",,,,16.66,,0
Mumbai,"Monday, June 20, 2016",,,,16.12,,0
Mumbai,"Tuesday, June 21, 2016",,,,15.32,,0
Mumbai,"Friday, June 24, 2016",,,,77.59,,0
Mumbai,"Thursday, June 30, 2016",,,,99.96,,0
Mumbai,"Saturday, July 2, 2016",,,,104.15,,0
Mumbai,"Sunday, July 3, 2016",,,,99.18,,0
Mumbai,"Monday, July 4, 2016",,,,82.27,,0
Mumbai,"Tuesday, July 5, 2016",,,,79.53,,0
Mumbai,"Wednesday, July 6, 2016",,,,42.96,,0
Mumbai,"Thursday, July 7, 2016",,,,26.35,,0
Mumbai,"Friday, July 8, 2016",,,,25.02,,0
Mumbai,"Saturday, July 9, 2016",,,,19.99,,0
Mumbai,"Sunday, July 10, 2016",,,,16.85,,0
Mumbai,"Monday, July 11, 2016",,,,17.83,,0
Mumbai,"Tuesday, July 12, 2016",,,,18.72,,0
Mumbai,"Wednesday, July 13, 2016",,,,17.03,,0
Mumbai,"Thursday, July 14, 2016",,,,68.16,,0
Mumbai,"Friday, July 15, 2016",,,,139.88,,0
Mumbai,"Saturday, July 16, 2016",,,,13.52,,0
Mumbai,"Sunday, July 17, 2016",,,,88.11,,0
Mumbai,"Monday, July 18, 2016",,,,107.39,,0
Mumbai,"Sunday, November 19, 2017",,,,18.54,,0
Mumbai,"Monday, November 20, 2017",,,,24.57,,0
Mumbai,"Tuesday, November 21, 2017",,,,21.73,,0
Mumbai,"Wednesday, November 22, 2017",,,,18.83,,0
Mumbai,"Thursday, November 23, 2017",,,,23.69,,0
Mumbai,"Friday, November 24, 2017",,,,23.81,,0
Mumbai,"Saturday, November 25, 2017",,,,21.4,,0
Mumbai,"Sunday, November 26, 2017",,,,22.3,,0
Mumbai,"Monday, November 27, 2017",,,,26.17,,0
Mumbai,"Tuesday, November 28, 2017",,,,32.21,,0
Mumbai,"Wednesday, November 29, 2017",,,,26.52,,0
Mumbai,"Thursday, November 30, 2017",,,,27.5,,0
Mumbai,"Friday, December 1, 2017",,,,25.79,,0
Mumbai,"Saturday, December 2, 2017",,,,29.07,,0
Mumbai,"Sunday, December 3, 2017",,,,28.17,,0
Mumbai,"Monday, December 4, 2017",,,,26.61,,0
Mumbai,"Tuesday, December 5, 2017",,,,23.47,,0
Mumbai,"Wednesday, December 6, 2017",,,,21.11,,0
Mumbai,"Thursday, December 7, 2017",,,,23.93,,0
Mumbai,"Friday, December 8, 2017",,,,21.25,,0
Mumbai,"Saturday, December 9, 2017",,,,18.76,,0
Mumbai,"Sunday, December 10, 2017",,,,19.05,,0
Mumbai,"Monday, December 11, 2017",,,,23.32,,0
Mumbai,"Tuesday, December 12, 2017",,,,31.43,,0
Mumbai,"Wednesday, December 13, 2017",,,,31.13,,0
Mumbai,"Thursday, December 14, 2017",,,,33.07,,0
Mumbai,"Friday, December 15, 2017",,,,35.05,,0
Mumbai,"Sunday, December 17, 2017",,,,35.3,,0
Mumbai,"Monday, December 18, 2017",,,,57.84,,0
Mumbai,"Tuesday, December 19, 2017",,,,106.01,,0
Mumbai,"Wednesday, December 20, 2017",,,,170.9,,0
Mumbai,"Thursday, December 21, 2017",,,,129.09,,0
Mumbai,"Friday, December 22, 2017",,,,130.96,,0
Mumbai,"Saturday, December 23, 2017",,,,129.07,,0
Mumbai,"Sunday, December 24, 2017",,,,132.17,,0
Mumbai,"Monday, December 25, 2017",,,,84.58,,0
Mumbai,"Tuesday, December 26, 2017",,,,76.02,,0
Mumbai,"Wednesday, December 27, 2017",,,,127,,0
Mumbai,"Thursday, December 28, 2017",,,,156.72,,0
Mumbai,"Friday, December 29, 2017",,,,163.79,,0
Mumbai,"Saturday, December 30, 2017",,,,146.13,,0
Mumbai,"Sunday, December 31, 2017",,,,149.36,,0
Mumbai,"Monday, January 1, 2018",,,,123.48,,0
Mumbai,"Tuesday, January 2, 2018",,,,148.1,,0
Mumbai,"Wednesday, January 3, 2018",,,,115.35,,0
Mumbai,"Thursday, January 4, 2018",,,,112.87,,0
Mumbai,"Friday, January 5, 2018",,,,81.9,,0
Mumbai,"Saturday, January 6, 2018",,,,111.01,,0
Mumbai,"Sunday, January 7, 2018",,,,86.45,,0
Mumbai,"Monday, January 8, 2018",,,,77.62,,0
Mumbai,"Tuesday, January 9, 2018",,,,71.35,,0
Mumbai,"Wednesday, January 10, 2018",,,,107.05,,0
Mumbai,"Thursday, January 11, 2018",,,,81.3,,0
Mumbai,"Friday, January 12, 2018",,,,84.96,,0
Mumbai,"Saturday, January 13, 2018",,,,41.92,,0
Mumbai,"Sunday, January 14, 2018",,,,74,,0
Mumbai,"Monday, January 15, 2018",,,,108.92,,0
Mumbai,"Thursday, January 18, 2018",,,,94.41,,0
Mumbai,"Friday, January 19, 2018",,,,137.24,,0
Mumbai,"Saturday, January 20, 2018",,,,79.37,,0
Mumbai,"Sunday, January 21, 2018",,,,81.58,,0
Mumbai,"Tuesday, January 23, 2018",,,,28.18,,0
Mumbai,"Wednesday, January 24, 2018",,,,90.98,,0
Mumbai,"Thursday, February 1, 2018",,,,143.92,,0
Mumbai,"Friday, February 2, 2018",,,,94.33,,0
Mumbai,"Saturday, February 3, 2018",,,,44.52,,0
Mumbai,"Sunday, February 4, 2018",,,,127.49,,0
Mumbai,"Monday, February 5, 2018",,,,101.68,,0
Mumbai,"Tuesday, February 6, 2018",,,,95.36,,0
Mumbai,"Wednesday, February 7, 2018",,,,68.63,,0
Mumbai,"Thursday, February 8, 2018",,,,62.84,,0
Mumbai,"Friday, February 9, 2018",,,,51.04,,0
Mumbai,"Saturday, February 10, 2018",,,,88.28,,0
Mumbai,"Sunday, February 11, 2018",,,,41.31,,0
Mumbai,"Monday, February 12, 2018",,,,33.95,,0
Mumbai,"Tuesday, February 13, 2018",,,,64.53,,0
Mumbai,"Wednesday, February 14, 2018",,,,93.35,,0
Mumbai,"Thursday, February 15, 2018",,,,40.8,,0
Mumbai,"Friday, February 16, 2018",,,,58.1,,0
Mumbai,"Saturday, February 17, 2018",,,,51.66,,0
Mumbai,"Sunday, February 18, 2018",,,,66.03,,0
Mumbai,"Monday, February 19, 2018",,,,83.43,,0
Mumbai,"Tuesday, February 20, 2018",,,,57.73,,0
Mumbai,"Wednesday, February 21, 2018",,,,51.36,,0
Mumbai,"Friday, February 23, 2018",,,,107.44,,0
Mumbai,"Tuesday, February 27, 2018",,,,271.94,,0
Mumbai,"Friday, March 2, 2018",,,,119.47,,0
Mumbai,"Saturday, March 3, 2018",,,,120.64,,0
Mumbai,"Sunday, March 4, 2018",,,,57.87,,0
Mumbai,"Monday, March 5, 2018",,,,74.6,,0
Mumbai,"Tuesday, March 6, 2018",,,,70.27,,0
Mumbai,"Wednesday, March 7, 2018",,,,44.13,,0
Mumbai,"Thursday, March 8, 2018",,,,104.37,,0
Mumbai,"Friday, March 9, 2018",,,,118.72,,0
Mumbai,"Saturday, March 10, 2018",,,,21.7,,0
Mumbai,"Tuesday, March 13, 2018",,,,63.2,,0
Mumbai,"Wednesday, March 14, 2018",,,,33.58,,0
Mumbai,"Thursday, March 15, 2018",,,,53.56,,0
Mumbai,"Friday, March 16, 2018",,,,59.86,,0
Mumbai,"Saturday, March 17, 2018",,,,58.81,,0
Mumbai,"Sunday, March 18, 2018",,,,60.39,,0
Mumbai,"Monday, March 19, 2018",,,,47.85,,0
Mumbai,"Tuesday, March 20, 2018",,,,50.96,,0
Mumbai,"Wednesday, March 21, 2018",,,,40.09,,0
Mumbai,"Thursday, March 22, 2018",,,,67.51,,0
Mumbai,"Friday, March 23, 2018",,,,80.68,,0
Mumbai,"Saturday, March 24, 2018",,,,56.04,,0
Mumbai,"Sunday, March 25, 2018",,,,80.13,,0
Mumbai,"Monday, March 26, 2018",,,,67.93,,0
Mumbai,"Tuesday, March 27, 2018",,,,38.38,,0
Mumbai,"Wednesday, March 28, 2018",,,,42.56,,0
Mumbai,"Thursday, March 29, 2018",,,,45.33,,0
Mumbai,"Friday, March 30, 2018",,,,59.32,,0
Mumbai,"Saturday, March 31, 2018",,,,50.75,,0
Mumbai,"Sunday, April 1, 2018",,,,87.87,,0
Mumbai,"Monday, April 2, 2018",,,,62.32,,0
Mumbai,"Tuesday, April 3, 2018",,,,65.69,,0
Mumbai,"Wednesday, April 4, 2018",,,,49.2,,0
Mumbai,"Thursday, April 5, 2018",,,,62.54,,0
Mumbai,"Friday, April 6, 2018",,,,81.13,,0
Mumbai,"Saturday, April 7, 2018",,,,83.74,,0
Mumbai,"Sunday, April 8, 2018",,,,98.44,,0
Mumbai,"Monday, April 9, 2018",,,,111.33,,0
Mumbai,"Wednesday, April 11, 2018",,,,76.87,,0
Mumbai,"Thursday, April 12, 2018",,,,44.32,,0
Mumbai,"Friday, April 13, 2018",,,,55.5,,0
Mumbai,"Saturday, April 14, 2018",,,,52.03,,0
Mumbai,"Sunday, April 15, 2018",,,,37.38,,0
Mumbai,"Monday, April 16, 2018",,,,40.71,,0
Mumbai,"Tuesday, April 24, 2018",,,,0,,0
Bengaluru,"Saturday, August 6, 2016",,,,15.91,,
Bengaluru,"Wednesday, March 28, 2018",,,,33.78,,1
Mumbai,"Tuesday, November 3, 2015",,,,134.01,,
Mumbai,"Wednesday, November 4, 2015",,,,152.3,,
Mumbai,"Friday, February 19, 2016",,,,14.2,,
Mumbai,"Saturday, February 20, 2016",,,,15.41,,
Mumbai,"Sunday, February 21, 2016",,,,25.85,,
Mumbai,"Friday, July 1, 2016",,,,111.48,,
Mumbai,"Tuesday, July 19, 2016",,,,33.16,,
Mumbai,"Wednesday, July 20, 2016",,,,16.9,,
Mumbai,"Thursday, July 21, 2016",,,,60.09,,
Mumbai,"Friday, July 22, 2016",,,,34.05,,
Mumbai,"Saturday, July 23, 2016",,,,64.61,,
Mumbai,"Sunday, July 24, 2016",,,,137.22,,
Mumbai,"Monday, July 25, 2016",,,,67.99,,
Mumbai,"Tuesday, July 26, 2016",,,,31.25,,
Mumbai,"Wednesday, July 27, 2016",,,,194.01,,
Mumbai,"Thursday, July 28, 2016",,,,467.63,,
Mumbai,"Friday, July 29, 2016",,,,378.31,,
Mumbai,"Saturday, July 30, 2016",,,,106.78,,
Mumbai,"Sunday, July 31, 2016",,,,98.26,,
Mumbai,"Monday, August 1, 2016",,,,177.87,,
Mumbai,"Tuesday, August 2, 2016",,,,260.73,,
Mumbai,"Wednesday, August 3, 2016",,,,212.6,,
Mumbai,"Thursday, August 4, 2016",,,,207.03,,
Mumbai,"Friday, August 5, 2016",,,,165.44,,
Mumbai,"Saturday, August 6, 2016",,,,142.18,,
Mumbai,"Sunday, August 7, 2016",,,,273.33,,
Mumbai,"Monday, August 8, 2016",,,,261.63,,
Mumbai,"Tuesday, August 9, 2016",,,,172.24,,
Mumbai,"Wednesday, August 10, 2016",,,,142.25,,
Mumbai,"Thursday, August 11, 2016",,,,150.77,,
Mumbai,"Saturday, December 16, 2017",,,,33.31,,2
Mumbai,"Tuesday, April 10, 2018",,,,60.39,,1
Mumbai,"Tuesday, April 17, 2018",,,,56.06,,1
Mumbai,"Wednesday, April 18, 2018",,,,42.79,,1
Mumbai,"Thursday, April 19, 2018",,,,65.51,,2
Mumbai,"Friday, April 20, 2018",,,,76.67,,2
Mumbai,"Saturday, April 21, 2018",,,,104.79,,2
Bengaluru,"Saturday, June 25, 2016",,,,,,
Bengaluru,"Sunday, June 26, 2016",,,,,,
Mumbai,"Wednesday, June 22, 2016",,,,,,
Mumbai,"Thursday, June 23, 2016",,,,,,
Mumbai,"Saturday, June 25, 2016",,,,,,
Mumbai,"Sunday, June 26, 2016",,,,,,
Mumbai,"Monday, June 27, 2016",,,,,,
Mumbai,"Tuesday, June 28, 2016",,,,,,
Mumbai,"Wednesday, June 29, 2016",,,,,,
Mumbai,"Friday, August 12, 2016",,,,,,
Mumbai,"Saturday, August 13, 2016",,,,,,
Mumbai,"Sunday, August 14, 2016",,,,,,
Mumbai,"Monday, August 15, 2016",,,,,,
Mumbai,"Tuesday, August 16, 2016",,,,,,
Mumbai,"Wednesday, August 17, 2016",,,,,,
Mumbai,"Thursday, August 18, 2016",,,,,,
Mumbai,"Friday, August 19, 2016",,,,,,
Mumbai,"Saturday, August 20, 2016",,,,,,
Mumbai,"Sunday, August 21, 2016",,,,,,
Mumbai,"Monday, August 22, 2016",,,,,,
Mumbai,"Tuesday, August 23, 2016",,,,,,
Mumbai,"Wednesday, August 24, 2016",,,,,,
Mumbai,"Thursday, August 25, 2016",,,,,,
Mumbai,"Friday, August 26, 2016",,,,,,
Mumbai,"Saturday, August 27, 2016",,,,,,
Mumbai,"Sunday, August 28, 2016",,,,,,
Mumbai,"Monday, August 29, 2016",,,,,,
Mumbai,"Tuesday, August 30, 2016",,,,,,
Mumbai,"Wednesday, August 31, 2016",,,,,,
Mumbai,"Thursday, September 1, 2016",,,,,,
Mumbai,"Friday, September 2, 2016",,,,,,
Mumbai,"Saturday, September 3, 2016",,,,,,
Mumbai,"Sunday, September 4, 2016",,,,,,
Mumbai,"Monday, September 5, 2016",,,,,,
Mumbai,"Tuesday, September 6, 2016",,,,,,
Mumbai,"Wednesday, September 7, 2016",,,,,,
Mumbai,"Thursday, September 8, 2016",,,,,,
Mumbai,"Friday, September 9, 2016",,,,,,
Mumbai,"Saturday, September 10, 2016",,,,,,
Mumbai,"Sunday, September 11, 2016",,,,,,
Mumbai,"Monday, September 12, 2016",,,,,,
Mumbai,"Tuesday, September 13, 2016",,,,,,
Mumbai,"Wednesday, September 14, 2016",,,,,,
Mumbai,"Thursday, September 15, 2016",,,,,,
Mumbai,"Friday, September 16, 2016",,,,,,
Mumbai,"Saturday, September 17, 2016",,,,,,
Mumbai,"Sunday, September 18, 2016",,,,,,
Mumbai,"Monday, September 19, 2016",,,,,,
Mumbai,"Tuesday, September 20, 2016",,,,,,
Mumbai,"Wednesday, September 21, 2016",,,,,,
Mumbai,"Thursday, September 22, 2016",,,,,,
Mumbai,"Friday, September 23, 2016",,,,,,
Mumbai,"Saturday, September 24, 2016",,,,,,
Mumbai,"Sunday, September 25, 2016",,,,,,
Mumbai,"Monday, September 26, 2016",,,,,,
Mumbai,"Tuesday, September 27, 2016",,,,,,
Mumbai,"Wednesday, September 28, 2016",,,,,,
Mumbai,"Thursday, September 29, 2016",,,,,,
Mumbai,"Friday, September 30, 2016",,,,,,
Mumbai,"Saturday, October 1, 2016",,,,,,
Mumbai,"Sunday, October 2, 2016",,,,,,
Mumbai,"Monday, October 3, 2016",,,,,,
Mumbai,"Tuesday, October 4, 2016",,,,,,
Mumbai,"Wednesday, October 5, 2016",,,,,,
Mumbai,"Thursday, October 6, 2016",,,,,,
Mumbai,"Friday, October 7, 2016",,,,,,
Mumbai,"Saturday, October 8, 2016",,,,,,
Mumbai,"Sunday, October 9, 2016",,,,,,
Mumbai,"Monday, October 10, 2016",,,,,,
Mumbai,"Tuesday, October 11, 2016",,,,,,
Mumbai,"Wednesday, October 12, 2016",,,,,,
Mumbai,"Thursday, October 13, 2016",,,,,,
Mumbai,"Friday, October 14, 2016",,,,,,
Mumbai,"Saturday, October 15, 2016",,,,,,
Mumbai,"Sunday, October 16, 2016",,,,,,
Mumbai,"Monday, October 17, 2016",,,,,,
Mumbai,"Tuesday, October 18, 2016",,,,,,
Mumbai,"Wednesday, October 19, 2016",,,,,,
Mumbai,"Thursday, October 20, 2016",,,,,,
Mumbai,"Friday, October 21, 2016",,,,,,
Mumbai,"Saturday, October 22, 2016",,,,,,
Mumbai,"Sunday, October 23, 2016",,,,,,
Mumbai,"Monday, October 24, 2016",,,,,,
Mumbai,"Tuesday, October 25, 2016",,,,,,
Mumbai,"Wednesday, October 26, 2016",,,,,,
Mumbai,"Thursday, October 27, 2016",,,,,,
Mumbai,"Friday, October 28, 2016",,,,,,
Mumbai,"Saturday, October 29, 2016",,,,,,
Mumbai,"Sunday, October 30, 2016",,,,,,
Mumbai,"Monday, October 31, 2016",,,,,,
Mumbai,"Tuesday, November 1, 2016",,,,,,
Mumbai,"Wednesday, November 2, 2016",,,,,,
Mumbai,"Thursday, November 3, 2016",,,,,,
Mumbai,"Friday, November 4, 2016",,,,,,
Mumbai,"Saturday, November 5, 2016",,,,,,
Mumbai,"Sunday, November 6, 2016",,,,,,
Mumbai,"Monday, November 7, 2016",,,,,,
Mumbai,"Tuesday, November 8, 2016",,,,,,
Mumbai,"Wednesday, November 9, 2016",,,,,,
Mumbai,"Thursday, November 10, 2016",,,,,,
Mumbai,"Friday, November 11, 2016",,,,,,
Mumbai,"Saturday, November 12, 2016",,,,,,
Mumbai,"Sunday, November 13, 2016",,,,,,
Mumbai,"Monday, November 14, 2016",,,,,,
Mumbai,"Tuesday, November 15, 2016",,,,,,
Mumbai,"Wednesday, November 16, 2016",,,,,,
Mumbai,"Thursday, November 17, 2016",,,,,,
Mumbai,"Friday, November 18, 2016",,,,,,
Mumbai,"Saturday, November 19, 2016",,,,,,
Mumbai,"Sunday, November 20, 2016",,,,,,
Mumbai,"Monday, November 21, 2016",,,,,,
Mumbai,"Tuesday, November 22, 2016",,,,,,
Mumbai,"Wednesday, November 23, 2016",,,,,,
Mumbai,"Thursday, November 24, 2016",,,,,,
Mumbai,"Friday, November 25, 2016",,,,,,
Mumbai,"Saturday, November 26, 2016",,,,,,
Mumbai,"Sunday, November 27, 2016",,,,,,
Mumbai,"Monday, November 28, 2016",,,,,,
Mumbai,"Tuesday, November 29, 2016",,,,,,
Mumbai,"Wednesday, November 30, 2016",,,,,,
Mumbai,"Thursday, December 1, 2016",,,,,,
Mumbai,"Friday, December 2, 2016",,,,,,
Mumbai,"Saturday, December 3, 2016",,,,,,
Mumbai,"Sunday, December 4, 2016",,,,,,
Mumbai,"Monday, December 5, 2016",,,,,,
Mumbai,"Tuesday, December 6, 2016",,,,,,
Mumbai,"Wednesday, December 7, 2016",,,,,,
Mumbai,"Thursday, December 8, 2016",,,,,,
Mumbai,"Friday, December 9, 2016",,,,,,
Mumbai,"Saturday, December 10, 2016",,,,,,
Mumbai,"Sunday, December 11, 2016",,,,,,
Mumbai,"Monday, December 12, 2016",,,,,,
Mumbai,"Tuesday, December 13, 2016",,,,,,
Mumbai,"Wednesday, December 14, 2016",,,,,,
Mumbai,"Thursday, December 15, 2016",,,,,,
Mumbai,"Friday, December 16, 2016",,,,,,
Mumbai,"Saturday, December 17, 2016",,,,,,
Mumbai,"Sunday, December 18, 2016",,,,,,
Mumbai,"Monday, December 19, 2016",,,,,,
Mumbai,"Tuesday, December 20, 2016",,,,,,
Mumbai,"Wednesday, December 21, 2016",,,,,,
Mumbai,"Thursday, December 22, 2016",,,,,,
Mumbai,"Friday, December 23, 2016",,,,,,
Mumbai,"Saturday, December 24, 2016",,,,,,
Mumbai,"Sunday, December 25, 2016",,,,,,
Mumbai,"Monday, December 26, 2016",,,,,,
Mumbai,"Tuesday, December 27, 2016",,,,,,
Mumbai,"Wednesday, December 28, 2016",,,,,,
Mumbai,"Thursday, December 29, 2016",,,,,,
Mumbai,"Friday, December 30, 2016",,,,,,
Mumbai,"Saturday, December 31, 2016",,,,,,
Mumbai,"Sunday, January 1, 2017",,,,,,
Mumbai,"Monday, January 2, 2017",,,,,,
Mumbai,"Tuesday, January 3, 2017",,,,,,
Mumbai,"Wednesday, January 4, 2017",,,,,,
Mumbai,"Thursday, January 5, 2017",,,,,,
Mumbai,"Friday, January 6, 2017",,,,,,
Mumbai,"Saturday, January 7, 2017",,,,,,
Mumbai,"Sunday, January 8, 2017",,,,,,
Mumbai,"Monday, January 9, 2017",,,,,,
Mumbai,"Tuesday, January 10, 2017",,,,,,
Mumbai,"Wednesday, January 11, 2017",,,,,,
Mumbai,"Thursday, January 12, 2017",,,,,,
Mumbai,"Friday, January 13, 2017",,,,,,
Mumbai,"Saturday, January 14, 2017",,,,,,
Mumbai,"Sunday, January 15, 2017",,,,,,
Mumbai,"Sunday, April 22, 2018",,,,,,
Mumbai,"Monday, April 23, 2018",,,,,,
Mumbai,"Friday, April 27, 2018",,,,,,
Mumbai,"Saturday, April 28, 2018",,,,,,
Mumbai,"Sunday, April 29, 2018",,,,,,
Mumbai,"Monday, April 30, 2018",,,,,,
Mumbai,"Tuesday, May 1, 2018",,,,,,
Mumbai,"Wednesday, May 2, 2018",,,,,,
Mumbai,"Thursday, May 3, 2018",,,,,,
Mumbai,"Friday, May 4, 2018",,,,,,
Mumbai,"Saturday, May 5, 2018",,,,,,
Mumbai,"Sunday, October 21, 2018",,,,,,
Mumbai,"Sunday, October 28, 2018",,,,,,
Mumbai,"Monday, November 19, 2018",,,,,,
Mumbai,"Wednesday, November 21, 2018",,,,,,
Kolkata,"Sunday, May 20, 2018",,,,25.46,10.75,3
Kolkata,"Monday, May 21, 2018",,,,33.63,10.61,3
Kolkata,"Tuesday, May 22, 2018",,,,31.32,4.65,3
Kolkata,"Wednesday, May 23, 2018",,,,36.12,10.06,3
Kolkata,"Thursday, May 24, 2018",,,,27.38,8.93,3
Kolkata,"Friday, May 25, 2018",,,,25.35,8.06,2
Kolkata,"Saturday, May 26, 2018",,,,30.32,7.29,2
Kolkata,"Sunday, May 27, 2018",,,,27.47,7.67,2
Kolkata,"Monday, May 28, 2018",,,,33.75,6.53,2
Kolkata,"Tuesday, May 29, 2018",,,,38.24,8.94,2
Kolkata,"Wednesday, May 30, 2018",,,,28.37,7.24,2
Kolkata,"Thursday, May 31, 2018",,,,38.36,6.77,4
Kolkata,"Friday, June 1, 2018",,,,49.44,8.54,5
Kolkata,"Saturday, June 2, 2018",,,,39.98,9.32,5
Kolkata,"Sunday, June 3, 2018",,,,25.74,7.08,2
Kolkata,"Tuesday, June 5, 2018",,,,32.56,7.45,3
Kolkata,"Wednesday, June 6, 2018",,,,38.6,8.45,4
Kolkata,"Friday, June 8, 2018",,,,42.55,11.43,0
Kolkata,"Saturday, June 9, 2018",,,,64.77,10.34,0
Kolkata,"Sunday, June 10, 2018",,,,55.76,11.24,0
Kolkata,"Monday, June 11, 2018",,,,48.7,13.38,0
Kolkata,"Tuesday, June 12, 2018",,,,45.39,10.98,0
Kolkata,"Wednesday, June 13, 2018",,,,35.26,6.22,0
Kolkata,"Thursday, June 14, 2018",,,,31.07,7.07,0
Kolkata,"Wednesday, April 18, 2018",,,3.74,35.18,24.86,1
Kolkata,"Thursday, April 19, 2018",,,4.11,33.55,15.31,1
Kolkata,"Friday, April 20, 2018",,,4.32,29.56,12.04,1
Kolkata,"Saturday, April 21, 2018",,,3.3,29.59,9.56,0
Kolkata,"Sunday, April 22, 2018",,,3.03,32.3,9.59,1
Kolkata,"Monday, April 23, 2018",,,3.17,37.37,10.51,1
Kolkata,"Tuesday, April 24, 2018",,,11.32,63.74,14.19,2
Kolkata,"Wednesday, April 25, 2018",,,2.6,29.2,12.62,1
Kolkata,"Thursday, April 26, 2018",,,3.05,27.16,12.12,0
Kolkata,"Friday, April 27, 2018",,,3.26,48.46,11.46,0
Kolkata,"Saturday, April 28, 2018",,,3.34,54.91,13.83,0
Kolkata,"Sunday, April 29, 2018",,,2.75,24.55,12.3,0
Kolkata,"Monday, April 30, 2018",,,2.89,29.54,11.43,9
Kolkata,"Tuesday, May 1, 2018",,,2.63,35.18,13.59,4
Kolkata,"Wednesday, May 2, 2018",,,2.38,34.97,12.08,4
Kolkata,"Thursday, May 3, 2018",,,2.49,36.8,11.45,4
Kolkata,"Friday, May 4, 2018",,,2.54,32.36,10.7,3
Kolkata,"Saturday, May 5, 2018",,,2.91,24.95,8.76,3
Kolkata,"Sunday, May 6, 2018",,,3.01,20.75,8.88,3
Kolkata,"Monday, May 7, 2018",,,3.97,29.28,7.52,3
Kolkata,"Tuesday, May 8, 2018",,,3.82,32.13,6.72,3
Kolkata,"Wednesday, May 9, 2018",,,3.45,27.48,7.18,3
Kolkata,"Thursday, May 10, 2018",,,3.36,34.21,7.13,4
Kolkata,"Friday, May 11, 2018",,,3.07,30.43,12.93,3
Kolkata,"Saturday, May 12, 2018",,,2.48,33.61,13.52,4
Kolkata,"Sunday, May 13, 2018",,,2.67,28.33,10.73,3
Kolkata,"Monday, May 14, 2018",,,21.5,78.4,9.51,4
Kolkata,"Tuesday, May 15, 2018",,,32.22,75.73,9.95,5
Kolkata,"Wednesday, May 16, 2018",,,3.23,40.09,12.26,4
Kolkata,"Thursday, May 17, 2018",,,2.85,41.84,14.27,4
Kolkata,"Friday, May 18, 2018",,,5.64,43.98,12.16,3
Mumbai,"Tuesday, January 16, 2018",,,123.26,94.91,,0
Mumbai,"Wednesday, January 17, 2018",,,133.25,83.65,,0
Mumbai,"Monday, January 22, 2018",,,42.38,86.28,,0
Mumbai,"Thursday, February 22, 2018",,,202.14,116.57,,0
Mumbai,"Saturday, February 24, 2018",,,151.34,195.92,,0
Mumbai,"Sunday, February 25, 2018",,,195.15,185.01,,0
Mumbai,"Monday, February 26, 2018",,,127.13,200.29,,0
Mumbai,"Wednesday, February 28, 2018",,,42.81,267.06,,0
Mumbai,"Thursday, March 1, 2018",,,39.08,255.18,,0
Mumbai,"Sunday, March 11, 2018",,,61.16,76.15,,0
Mumbai,"Monday, March 12, 2018",,,100.18,110.99,,0
Mumbai,"Wednesday, April 25, 2018",,,18.99,50.74,,1
Mumbai,"Sunday, July 8, 2018",,,36.66,,,
Bengaluru,"Thursday, January 1, 2015",,,3.26,10.88,20.36,5
Bengaluru,"Friday, January 2, 2015",,,6.05,14.14,23.74,5
Bengaluru,"Saturday, January 3, 2015",,,11.91,20.72,4.32,19
Bengaluru,"Sunday, January 4, 2015",,,7.45,16.88,0.87,7
Bengaluru,"Monday, January 5, 2015",,,9.52,21.76,31.38,4
Bengaluru,"Tuesday, January 6, 2015",,,6.6,16.24,26.35,4
Bengaluru,"Wednesday, January 7, 2015",,,22.6,30.84,22.73,9
Bengaluru,"Thursday, January 8, 2015",,,7.5,21.16,38.67,9
Bengaluru,"Friday, January 9, 2015",,,6.75,15.03,23.48,8
Bengaluru,"Saturday, January 10, 2015",,,3.38,16.76,34.17,13
Bengaluru,"Sunday, January 11, 2015",,,3.97,17.49,29.74,28
Bengaluru,"Monday, January 12, 2015",,,10.85,21.85,41.39,42
Bengaluru,"Tuesday, January 13, 2015",,,10.65,22.9,35.34,15
Bengaluru,"Wednesday, January 14, 2015",,,9.09,19.43,39.82,9
Bengaluru,"Thursday, January 15, 2015",,,6.79,15.92,21.43,16
Bengaluru,"Friday, January 16, 2015",,,10.74,22.36,10.27,37
Bengaluru,"Saturday, January 17, 2015",,,8.17,21.64,11.05,22
Bengaluru,"Sunday, January 18, 2015",,,6.16,18.79,14.23,20
Bengaluru,"Monday, January 19, 2015",,,7.83,19.44,13.47,15
Bengaluru,"Tuesday, January 20, 2015",,,10.44,22.66,7.29,10
Bengaluru,"Wednesday, January 21, 2015",,,7.02,18.26,5.07,
Bengaluru,"Thursday, January 22, 2015",,,17.15,29.6,3.65,39
Bengaluru,"Friday, January 23, 2015",,,3.8,12,10.06,15
Bengaluru,"Saturday, January 24, 2015",,,4.77,9.73,14.88,8
Bengaluru,"Sunday, January 25, 2015",,,3.19,8.72,15.42,7
Bengaluru,"Monday, January 26, 2015",,,2.27,8.43,16.63,9
Bengaluru,"Tuesday, January 27, 2015",,,10.92,15.67,18.57,5
Bengaluru,"Wednesday, January 28, 2015",,,6.31,11.58,16.15,9
Bengaluru,"Thursday, January 29, 2015",,,86.9,49.95,16.4,5
Bengaluru,"Friday, January 30, 2015",,,62.22,51.53,13.32,4
Bengaluru,"Saturday, January 31, 2015",,,36.24,30.07,7.77,3
Bengaluru,"Sunday, February 1, 2015",,,2.99,13.01,7.48,2
Bengaluru,"Monday, February 2, 2015",,,5.83,13.06,11.33,4
Bengaluru,"Tuesday, February 3, 2015",,,4.56,12.44,11.78,3
Bengaluru,"Wednesday, February 4, 2015",,,5.92,15.19,11.88,3
Bengaluru,"Thursday, February 5, 2015",,,12.17,20.48,11.11,16
Bengaluru,"Friday, February 6, 2015",,,5.04,16.42,11.71,14
Bengaluru,"Saturday, February 7, 2015",,,10.59,18.41,12.88,4
Bengaluru,"Sunday, February 8, 2015",,,7.18,16.75,8.84,5
Bengaluru,"Monday, February 9, 2015",,,3.78,13.7,13.61,12
Bengaluru,"Tuesday, February 10, 2015",,,4.97,13.54,13.04,2
Bengaluru,"Wednesday, February 11, 2015",,,10.52,20.81,12.44,2
Bengaluru,"Thursday, February 12, 2015",,,10.1,18,26.22,3
Bengaluru,"Friday, February 13, 2015",,,16.74,23.38,19.31,3
Bengaluru,"Saturday, February 14, 2015",,,11.29,21.19,17.14,3
Bengaluru,"Sunday, February 15, 2015",,,4.71,15.19,11.14,2
Bengaluru,"Monday, February 16, 2015",,,10.65,19.88,10.67,16
Bengaluru,"Tuesday, February 17, 2015",,,15.95,24.11,4.66,29
Bengaluru,"Wednesday, February 18, 2015",,,17.48,23.51,6.34,42
Bengaluru,"Thursday, February 19, 2015",,,14.46,24.33,19.81,36
Bengaluru,"Friday, February 20, 2015",,,10,18.26,31.1,30
Bengaluru,"Saturday, February 21, 2015",,,4.77,14.07,12.5,9
Bengaluru,"Sunday, February 22, 2015",,,8.27,17.26,13.56,6
Bengaluru,"Monday, February 23, 2015",,,7.39,16.93,15.44,14
Bengaluru,"Tuesday, February 24, 2015",,,13.49,24.25,17.21,6
Bengaluru,"Wednesday, February 25, 2015",,,13.88,24.83,21.85,2
Bengaluru,"Thursday, February 26, 2015",,,9.7,22.64,17.22,1
Bengaluru,"Friday, February 27, 2015",,,6.52,18.07,20.09,1
Bengaluru,"Saturday, February 28, 2015",,,2.94,11.15,17.43,1
Bengaluru,"Sunday, March 1, 2015",,,2.52,10.91,15.23,0
Bengaluru,"Monday, March 2, 2015",,,4.23,14.59,33.23,4
Bengaluru,"Tuesday, March 3, 2015",,,7.81,17.16,30.4,15
Bengaluru,"Wednesday, March 4, 2015",,,4.75,12.54,12.44,3
Bengaluru,"Thursday, March 5, 2015",,,11.53,18.57,6.9,29
Bengaluru,"Friday, March 6, 2015",,,5.94,12.71,6.3,43
Bengaluru,"Saturday, March 7, 2015",,,7.08,14.94,6.46,55
Bengaluru,"Sunday, March 8, 2015",,,5.24,9.48,11.83,23
Bengaluru,"Monday, March 9, 2015",,,6.85,18.5,23.32,39
Bengaluru,"Tuesday, March 10, 2015",,,4.95,17.58,21.54,0
Bengaluru,"Wednesday, March 11, 2015",,,8.59,23.66,30.29,1
Bengaluru,"Thursday, March 12, 2015",,,5.47,17.47,23.55,3
Bengaluru,"Friday, March 13, 2015",,,8.1,17.24,13.57,18
Bengaluru,"Saturday, March 14, 2015",,,12.44,19.72,1.12,21
Bengaluru,"Sunday, March 15, 2015",,,9.08,15.97,3.79,33
Bengaluru,"Monday, March 16, 2015",,,12.37,20.45,4.81,31
Bengaluru,"Tuesday, March 17, 2015",,,13.81,27.25,21.65,29
Bengaluru,"Wednesday, March 18, 2015",,,35.23,40.01,20.82,40
Bengaluru,"Thursday, March 19, 2015",,,17.05,29.48,29.11,31
Bengaluru,"Friday, March 20, 2015",30.65,,3.36,18.68,27.2,171
Bengaluru,"Saturday, March 21, 2015",48.59,,3.47,18.04,28.02,197
Bengaluru,"Sunday, March 22, 2015",47.38,,2.84,15.33,23.19,138
Bengaluru,"Monday, March 23, 2015",65.65,,3.1,17.45,27.76,101
Bengaluru,"Tuesday, March 24, 2015",60.47,,5.39,20.88,35.1,61
Bengaluru,"Wednesday, March 25, 2015",62.56,,3.16,16.39,27.13,40
Bengaluru,"Thursday, March 26, 2015",60.73,,4.16,21.03,34.71,13
Bengaluru,"Friday, March 27, 2015",42.1,,4.01,17.37,30.96,4
Bengaluru,"Saturday, March 28, 2015",40,,2.93,11.36,28.74,8
Bengaluru,"Sunday, March 29, 2015",32.16,,2.38,8.3,21.5,9
Bengaluru,"Monday, March 30, 2015",30.78,,2.68,14.63,26.96,2
Bengaluru,"Tuesday, March 31, 2015",38.99,,2.6,12.7,27.52,2
Bengaluru,"Wednesday, April 1, 2015",36.42,,2.68,9.13,31.37,8
Bengaluru,"Thursday, April 2, 2015",38.15,,4.24,9.99,43.09,5
Bengaluru,"Friday, April 3, 2015",35.11,,2.63,6.82,26.04,7
Bengaluru,"Saturday, April 4, 2015",36.68,,3.63,10.88,40.71,2
Bengaluru,"Sunday, April 5, 2015",36.92,,2.2,7.6,26.22,12
Bengaluru,"Monday, April 6, 2015",31.78,,2.48,8.06,22.34,0
Bengaluru,"Tuesday, April 7, 2015",37.25,,2.86,11.25,17.78,2
Bengaluru,"Wednesday, April 8, 2015",29.8,,2.59,7.52,24.2,21
Bengaluru,"Thursday, April 9, 2015",25.06,,3.21,7.2,29.83,6
Bengaluru,"Friday, April 10, 2015",24.4,,6.87,8.7,23.17,8
Bengaluru,"Saturday, April 11, 2015",32.08,,6.6,8.82,30.95,2
Bengaluru,"Sunday, April 12, 2015",19.72,,1.81,5.51,34.85,3
Bengaluru,"Monday, April 13, 2015",17.03,,2.17,9.95,34.3,3
Bengaluru,"Tuesday, April 14, 2015",19.73,,2.26,6.13,27.48,2
Bengaluru,"Wednesday, April 15, 2015",22.52,,6.71,14.02,15.15,5
Bengaluru,"Thursday, April 16, 2015",21.36,,2.86,12.69,16.61,1
Bengaluru,"Friday, April 17, 2015",24.35,,3.06,7.42,38.54,13
Bengaluru,"Saturday, April 18, 2015",18.33,,2.4,6.47,21.02,5
Bengaluru,"Sunday, April 19, 2015",17.66,,1.85,5.89,21.93,0
Bengaluru,"Monday, April 20, 2015",27.46,,2.53,7.1,24.78,5
Bengaluru,"Tuesday, April 21, 2015",27.94,,3.8,9.94,17.34,6
Bengaluru,"Wednesday, April 22, 2015",23.81,,4.01,13.57,5.42,
Bengaluru,"Thursday, April 23, 2015",23.11,,4.16,14.07,18.77,12
Bengaluru,"Friday, April 24, 2015",15.12,,4.35,12.52,35.77,1
Bengaluru,"Saturday, April 25, 2015",19.59,,4.35,12.28,17.93,2
Bengaluru,"Sunday, April 26, 2015",69.85,,8.6,19.55,15.8,1
Bengaluru,"Monday, April 27, 2015",24.62,,3.77,11.71,13.92,1
Bengaluru,"Tuesday, April 28, 2015",32.92,,7.12,18.7,11.62,4
Bengaluru,"Wednesday, April 29, 2015",44.53,,7.24,22.68,11.4,15
Bengaluru,"Thursday, April 30, 2015",26.68,,3.79,12.64,10.15,14
Bengaluru,"Friday, May 1, 2015",39.06,,3.45,12.05,6.09,11
Bengaluru,"Saturday, May 2, 2015",50.83,,5.74,14.93,21.03,9
Bengaluru,"Sunday, May 3, 2015",62.58,,5.03,10.05,14.62,11
Bengaluru,"Monday, May 4, 2015",45.26,,5.21,15.91,18.09,13
Bengaluru,"Tuesday, May 5, 2015",40.37,,9.03,13.3,5.94,10
Bengaluru,"Wednesday, May 6, 2015",43.21,,8.24,10.79,10.23,11
Bengaluru,"Thursday, May 7, 2015",41.53,,5.74,14.16,15.4,6
Bengaluru,"Friday, May 8, 2015",27.85,,5.82,11.04,14.93,3
Bengaluru,"Saturday, May 9, 2015",36.83,,4.6,13.81,17.12,4
Bengaluru,"Sunday, May 10, 2015",40.81,,6.5,14.91,14.21,2
Bengaluru,"Monday, May 11, 2015",36.11,,6.97,17.29,15.84,2
Bengaluru,"Tuesday, May 12, 2015",28.76,,8.95,18.34,15.13,2
Bengaluru,"Wednesday, May 13, 2015",40.74,,8.61,20.96,14.66,1
Bengaluru,"Thursday, May 14, 2015",23.77,,6.77,20.16,14.28,2
Bengaluru,"Friday, May 15, 2015",17.34,,5.26,14.1,18.55,2
Bengaluru,"Saturday, May 16, 2015",30.45,,5.23,18.53,24.08,1
Bengaluru,"Sunday, May 17, 2015",15.8,,5.08,11.25,14.2,2
Bengaluru,"Monday, May 18, 2015",20.12,,6.65,13.5,13.27,2
Bengaluru,"Tuesday, May 19, 2015",25.27,,10.97,20.24,17.26,1
Bengaluru,"Wednesday, May 20, 2015",26.7,,4.76,16.97,15.5,1
Bengaluru,"Thursday, May 21, 2015",27.84,,6.01,9.15,13.64,1
Bengaluru,"Friday, May 22, 2015",29.52,,5.09,8.93,12.62,2
Bengaluru,"Saturday, May 23, 2015",27.97,,6.23,13.42,11.58,4
Bengaluru,"Sunday, May 24, 2015",28.17,,4.91,10.15,5.01,1
Bengaluru,"Monday, May 25, 2015",27.71,,4.01,10.4,3.25,1
Bengaluru,"Tuesday, May 26, 2015",28.01,,2.74,9.33,0.28,1
Bengaluru,"Wednesday, May 27, 2015",31.7,,2.97,9.27,2.77,1
Bengaluru,"Thursday, May 28, 2015",48.08,,12.38,23.43,4.91,1
Bengaluru,"Friday, May 29, 2015",30.77,,6.31,13.99,4.88,1
Bengaluru,"Saturday, May 30, 2015",26.15,,0.95,10.67,5.61,3
Bengaluru,"Sunday, May 31, 2015",40.71,,0.75,5.01,2.89,3
Bengaluru,"Monday, June 1, 2015",23.69,,1.65,7.77,2.34,2
Bengaluru,"Tuesday, June 2, 2015",23.95,,0.46,3.25,2.31,2
Bengaluru,"Wednesday, June 3, 2015",21.51,,1.59,9.87,2.21,1
Bengaluru,"Thursday, June 4, 2015",25.56,,1.14,7.52,1.93,1
Bengaluru,"Friday, June 5, 2015",22.41,,2.59,19.41,18.87,1
Bengaluru,"Saturday, June 6, 2015",16.02,,4.7,36.51,30.36,2
Bengaluru,"Sunday, June 7, 2015",12.69,,4.38,27.39,28,2
Bengaluru,"Monday, June 8, 2015",13.29,,4.82,13.65,23.12,4
Bengaluru,"Tuesday, June 9, 2015",12.11,,6.72,13.22,25.86,1
Bengaluru,"Wednesday, June 10, 2015",13.66,,3.61,11.83,21.15,2
Bengaluru,"Thursday, June 11, 2015",14.56,,3.34,8.95,20.88,1
Bengaluru,"Friday, June 12, 2015",14.76,,3.2,7.08,5.29,2
Bengaluru,"Saturday, June 13, 2015",12.29,,2.53,4.86,7.02,2
Bengaluru,"Sunday, June 14, 2015",11.72,,1.76,4.7,7.86,2
Bengaluru,"Monday, June 15, 2015",15.7,,6.3,10.43,8.92,2
Bengaluru,"Tuesday, June 16, 2015",22.94,,2.88,5.6,9.22,2
Bengaluru,"Wednesday, June 17, 2015",19.54,,2.19,5.01,7,2
Bengaluru,"Thursday, June 18, 2015",22.68,,2.8,9.83,8.31,1
Bengaluru,"Friday, June 19, 2015",21.86,,3.91,11.85,8.08,2
Bengaluru,"Saturday, June 20, 2015",18.74,,3.9,9.69,7.31,1
Bengaluru,"Sunday, June 21, 2015",18.81,,3.01,8.19,6.89,3
Bengaluru,"Monday, June 22, 2015",15.11,,2.78,11.71,27.31,6
Bengaluru,"Tuesday, June 23, 2015",17.47,,1.74,4.01,10.32,2
Bengaluru,"Wednesday, June 24, 2015",15.92,,0.89,1.82,8.75,13
Bengaluru,"Thursday, June 25, 2015",13.58,,2,3.37,7.95,2
Bengaluru,"Friday, June 26, 2015",14.52,,1.14,3.71,7.5,1
Bengaluru,"Saturday, June 27, 2015",27.25,,0.86,2.93,6.4,15
Bengaluru,"Sunday, June 28, 2015",20.99,,0.72,1.91,6.3,2
Bengaluru,"Monday, June 29, 2015",22.26,,1.23,3.74,7.68,2
Bengaluru,"Tuesday, June 30, 2015",23.51,,2.75,5.43,8.47,4
Bengaluru,"Wednesday, July 1, 2015",19.76,,1.24,3.24,6.34,5
Bengaluru,"Thursday, July 2, 2015",20.24,,2.26,6.83,6.42,1
Bengaluru,"Friday, July 3, 2015",17.28,,1.07,2.7,5.96,1
Bengaluru,"Saturday, July 4, 2015",21.52,,1,2.9,5.76,17
Bengaluru,"Sunday, July 5, 2015",19.43,,1.13,4.66,4.74,9
Bengaluru,"Monday, July 6, 2015",19.27,,2.21,6.36,26.67,24
Bengaluru,"Tuesday, July 7, 2015",23.27,,1.73,7.62,10.45,1
Bengaluru,"Wednesday, July 8, 2015",18.63,,2.96,6.88,34.37,6
Bengaluru,"Thursday, July 9, 2015",14.52,,5.93,8.43,19.3,1
Bengaluru,"Friday, July 10, 2015",12.84,,7.5,9.4,21.54,3
Bengaluru,"Saturday, July 11, 2015",19.08,,6.5,9.34,20.9,3
Bengaluru,"Sunday, July 12, 2015",23.45,,5.88,8.64,10.15,2
Bengaluru,"Monday, July 13, 2015",25.62,,5.21,9.75,10.8,7
Bengaluru,"Tuesday, July 14, 2015",27.03,,4.42,9.3,10.17,6
Bengaluru,"Wednesday, July 15, 2015",24.09,,5.64,12.1,6.08,4
Bengaluru,"Thursday, July 16, 2015",23.17,,4.97,11.27,10.88,3
Bengaluru,"Friday, July 17, 2015",26.84,,6.18,9.67,9.89,1
Bengaluru,"Saturday, July 18, 2015",19.24,,3.78,7.12,11.23,
Bengaluru,"Sunday, July 19, 2015",14.46,,3.76,6.72,10.88,1
Bengaluru,"Monday, July 20, 2015",14.3,,5.1,8.78,10.46,1
Bengaluru,"Tuesday, July 21, 2015",19.29,,4.45,8.94,10.76,1
Bengaluru,"Wednesday, July 22, 2015",21.39,,4.14,8.06,9.67,
Bengaluru,"Thursday, July 23, 2015",45.86,,5.98,9.75,10.06,2
Bengaluru,"Friday, July 24, 2015",18.38,,3.82,7.7,9.15,3
Bengaluru,"Saturday, July 25, 2015",24.44,,4.63,8.6,10.06,3
Bengaluru,"Sunday, July 26, 2015",25.14,,3.59,7.88,8.39,2
Bengaluru,"Monday, July 27, 2015",13.85,,5.69,8.32,8.42,5
Bengaluru,"Tuesday, July 28, 2015",16.63,,3.66,8.08,9.14,4
Bengaluru,"Wednesday, July 29, 2015",19.04,,3.67,9.08,29.6,2
Bengaluru,"Thursday, July 30, 2015",24.43,,4.59,7.93,11.73,2
Bengaluru,"Friday, July 31, 2015",19.16,,5.08,7.61,11.91,3
Bengaluru,"Saturday, August 1, 2015",18.18,,4.06,11.77,10.3,3
Bengaluru,"Sunday, August 2, 2015",15.52,,3.48,6.15,9.26,8
Bengaluru,"Monday, August 3, 2015",18.67,,5.9,8.58,10.08,4
Bengaluru,"Tuesday, August 4, 2015",15.85,,5.74,8.17,10.75,2
Bengaluru,"Wednesday, August 5, 2015",18.26,,4.56,8.03,10.66,2
Bengaluru,"Thursday, August 6, 2015",17.94,,6.02,13.03,33.49,2
Bengaluru,"Friday, August 7, 2015",21.86,,3.06,6.18,26.16,2
Bengaluru,"Saturday, August 8, 2015",46.86,,2.62,5.62,23.31,2
Bengaluru,"Sunday, August 9, 2015",54.42,,1.56,5.27,18.3,235
Bengaluru,"Monday, August 10, 2015",21.02,,3.65,6.26,23.95,163
Bengaluru,"Tuesday, August 11, 2015",21.1,,2.56,5.34,24.12,412
Bengaluru,"Wednesday, August 12, 2015",16.64,,3.45,5.58,22.52,210
Bengaluru,"Thursday, August 13, 2015",14.99,,4.81,6.6,22,112
Bengaluru,"Friday, August 14, 2015",20.21,,4.54,12.48,23.64,71
Bengaluru,"Saturday, August 15, 2015",18.04,,1.93,9.32,18.87,43
Bengaluru,"Sunday, August 16, 2015",20.8,,5.06,10.93,23.05,27
Bengaluru,"Monday, August 17, 2015",15.35,,6.56,13.98,50.58,22
Bengaluru,"Tuesday, August 18, 2015",27.31,,4.58,12.9,38.79,23
Bengaluru,"Wednesday, August 19, 2015",32.13,,9.89,15.33,39.19,25
Bengaluru,"Thursday, August 20, 2015",23.26,,7.05,21.46,30.68,5
Bengaluru,"Friday, August 21, 2015",17.9,,3.31,11.02,33.06,43
Bengaluru,"Saturday, August 22, 2015",10.99,,2.95,9.93,24.16,1
Bengaluru,"Sunday, August 23, 2015",12.9,,2.79,7.72,23.28,27
Bengaluru,"Monday, August 24, 2015",22.29,,4,10.24,27.77,1
Bengaluru,"Tuesday, August 25, 2015",20.06,,5,13.5,17.67,1
Bengaluru,"Wednesday, August 26, 2015",17.38,,4.23,12.33,15.18,
Bengaluru,"Thursday, August 27, 2015",14.67,,6.76,14.62,35.39,
Bengaluru,"Friday, August 28, 2015",18.96,,3.22,12.18,26.37,
Bengaluru,"Saturday, August 29, 2015",20.56,,4.26,9.92,33.75,40
Bengaluru,"Sunday, August 30, 2015",17.27,,1.37,3.77,26.46,1
Bengaluru,"Monday, August 31, 2015",23.42,,2.6,5.25,33.9,
Bengaluru,"Tuesday, September 1, 2015",24.9,,2.58,5.57,33.29,2
Bengaluru,"Wednesday, September 2, 2015",23.54,,1.75,6.09,26.12,1
Bengaluru,"Thursday, September 3, 2015",24.49,,2.5,8.41,31.79,1
Bengaluru,"Friday, September 4, 2015",26.16,,3.72,10.97,37.51,1
Bengaluru,"Saturday, September 5, 2015",27.38,,6.79,14.32,54.9,2
Bengaluru,"Sunday, September 6, 2015",18.38,,2.41,7.72,26.75,23
Bengaluru,"Monday, September 7, 2015",16.34,,4.12,9.25,32.04,49
Bengaluru,"Tuesday, September 8, 2015",22.47,,6.9,10.3,37.31,1
Bengaluru,"Wednesday, September 9, 2015",29.6,,6.75,10.91,36.19,1
Bengaluru,"Thursday, September 10, 2015",15.21,,6.53,11.26,36.3,1
Bengaluru,"Friday, September 11, 2015",18.09,,5.32,10.92,34.24,1
Bengaluru,"Saturday, September 12, 2015",16.68,,4.77,10.22,30.49,18
Bengaluru,"Sunday, September 13, 2015",12.24,,2.59,7.95,21.98,22
Bengaluru,"Monday, September 14, 2015",14.99,,5.5,10.43,31.7,25
Bengaluru,"Tuesday, September 15, 2015",11.75,,3.39,8.49,23.78,
Bengaluru,"Wednesday, September 16, 2015",11.47,,3.26,8.6,24.19,19
Bengaluru,"Thursday, September 17, 2015",10.93,,2.64,6.94,19.64,3
Bengaluru,"Friday, September 18, 2015",13.18,,2.99,7.78,23.94,1
Bengaluru,"Saturday, September 19, 2015",13.47,,3.25,8.24,24.56,7
Bengaluru,"Sunday, September 20, 2015",7.32,,3.3,8.69,20.84,1
Bengaluru,"Monday, September 21, 2015",16.51,,3.86,12.75,36.84,2
Bengaluru,"Tuesday, September 22, 2015",28.38,,6.09,18.49,35.72,2
Bengaluru,"Wednesday, September 23, 2015",27.74,,3.53,19.01,37.81,2
Bengaluru,"Thursday, September 24, 2015",29.1,,3.31,15.65,34.28,2
Bengaluru,"Friday, September 25, 2015",17.48,,3.62,13.71,30.44,2
Bengaluru,"Saturday, September 26, 2015",14.95,,1.98,10.16,22.01,2
Bengaluru,"Sunday, September 27, 2015",27.29,,10.46,18.34,45.07,2
Bengaluru,"Monday, September 28, 2015",19.98,,21.66,31.94,76.12,2
Bengaluru,"Tuesday, September 29, 2015",31.36,,5.95,21.34,41.39,2
Bengaluru,"Wednesday, September 30, 2015",35.5,,6.74,21.07,29.39,2
Bengaluru,"Thursday, October 1, 2015",26.25,,4.82,19.52,30.38,2
Bengaluru,"Friday, October 2, 2015",22.3,,3.85,17.13,26.74,2
Bengaluru,"Saturday, October 3, 2015",13.97,,2.64,11.96,19.73,2
Bengaluru,"Sunday, October 4, 2015",9.63,,3.75,11.21,23.54,2
Bengaluru,"Monday, October 5, 2015",28.7,,6.17,16.54,31.01,2
Bengaluru,"Tuesday, October 6, 2015",35.04,,6.66,15.11,24.52,2
Bengaluru,"Wednesday, October 7, 2015",15.82,,3.63,12.95,24.3,2
Bengaluru,"Thursday, October 8, 2015",12.14,,5.05,13.76,27.54,1
Bengaluru,"Friday, October 9, 2015",14.44,,5.96,15.2,26.87,2
Bengaluru,"Saturday, October 10, 2015",12.01,,6.16,15.75,27.22,2
Bengaluru,"Sunday, October 11, 2015",10.02,,4.91,13.76,33.5,4
Bengaluru,"Monday, October 12, 2015",17.14,,7.37,19.63,32.02,2
Bengaluru,"Tuesday, October 13, 2015",25.65,,10.14,27.72,38.88,2
Bengaluru,"Wednesday, October 14, 2015",31.78,,11.48,38.5,39.7,4
Bengaluru,"Thursday, October 15, 2015",46.63,,7.75,43.26,44.56,2
Bengaluru,"Friday, October 16, 2015",49.23,,13.62,35.97,42.06,1
Bengaluru,"Saturday, October 17, 2015",40.76,,5.27,21.32,27.48,32
Bengaluru,"Sunday, October 18, 2015",31.18,,6.97,21.57,35.87,8
Bengaluru,"Monday, October 19, 2015",42.02,,8.97,19.27,21.37,1
Bengaluru,"Tuesday, October 20, 2015",43.32,,4.93,19.72,5.65,5
Bengaluru,"Wednesday, October 21, 2015",42.64,,2.42,19.75,20.88,1
Bengaluru,"Thursday, October 22, 2015",55.94,,1.96,21.45,33.92,1
Bengaluru,"Friday, October 23, 2015",51,,3.37,26.07,33.78,1
Bengaluru,"Saturday, October 24, 2015",45.13,,1.73,22.27,34.86,1
Bengaluru,"Sunday, October 25, 2015",38.26,,1.74,17.48,29.89,
Bengaluru,"Monday, October 26, 2015",47.1,,3.11,23.93,37.44,1
Bengaluru,"Tuesday, October 27, 2015",42.92,,3.55,27.82,51.9,10
Bengaluru,"Wednesday, October 28, 2015",36.44,,4.58,24.3,26.15,1
Bengaluru,"Thursday, October 29, 2015",29.17,,6.15,22.27,44.06,1
Bengaluru,"Friday, October 30, 2015",31.78,,3.59,14.53,31.65,1
Bengaluru,"Saturday, October 31, 2015",25.77,,1.83,16.35,49.74,10
Bengaluru,"Sunday, November 1, 2015",29.89,,2.14,9.02,18.44,5
Bengaluru,"Monday, November 2, 2015",28.56,,6.9,14.16,23.29,4
Bengaluru,"Tuesday, November 3, 2015",31.05,,8.92,16.89,34.87,6
Bengaluru,"Wednesday, November 4, 2015",43.1,,4.09,8.88,27.02,6
Bengaluru,"Thursday, November 5, 2015",30.36,,8.04,14.75,61.87,6
Bengaluru,"Friday, November 6, 2015",37.22,,3.66,9.7,32.2,14
Bengaluru,"Sunday, November 8, 2015",31.4,,1.92,8.96,21.44,7
Bengaluru,"Monday, November 9, 2015",34.92,,0.87,5.52,18.46,3
Bengaluru,"Wednesday, November 11, 2015",48.94,,3.47,6.93,22.21,2
Bengaluru,"Thursday, November 12, 2015",63.69,,5.05,7.38,21.57,3
Bengaluru,"Sunday, December 6, 2015",29.12,,2.8,13.66,41.62,1
Bengaluru,"Tuesday, January 12, 2016",73.5,,9.37,27.55,12.27,1
Bengaluru,"Sunday, July 24, 2016",12.42,,6.1,8.97,8.41,5
Bengaluru,"Tuesday, July 26, 2016",32.56,,4.66,7.48,10.29,1
Bengaluru,"Wednesday, July 27, 2016",22.79,,6.29,7.66,15.69,
Bengaluru,"Friday, August 12, 2016",25.09,,5.21,6.48,40.88,4
Bengaluru,"Saturday, August 13, 2016",21.94,,5.07,7.15,40.67,2
Bengaluru,"Friday, October 14, 2016",24.23,,9,6.19,15.13,1
Bengaluru,"Tuesday, November 1, 2016",21.2,,3.94,4.5,37.58,1
Bengaluru,"Saturday, November 19, 2016",48.93,,3.22,0,24.89,2
Bengaluru,"Sunday, November 20, 2016",42.21,,4.16,0,,2
Bengaluru,"Tuesday, December 13, 2016",204.25,,1.55,0,37.1,2
Bengaluru,"Saturday, January 14, 2017",29.21,,2.03,0,24.76,1
Bengaluru,"Sunday, January 15, 2017",26.3,,1.37,0,23.31,1
Bengaluru,"Saturday, February 4, 2017",32.08,,1.54,0,22.38,1
Bengaluru,"Sunday, February 5, 2017",29.93,,1.63,0,20.54,2
Bengaluru,"Monday, April 24, 2017",34.85,,2.65,0,27.52,1
Bengaluru,"Sunday, June 4, 2017",13.39,,4.09,,,1
Bengaluru,"Thursday, April 26, 2018",49.93,,3.29,21.13,,3
Bengaluru,"Friday, April 27, 2018",44.12,,2.79,30.23,,2
Bengaluru,"Saturday, April 28, 2018",39.22,,3.52,31.32,,1
Bengaluru,"Sunday, April 29, 2018",44.57,,3.55,26.98,,1
Bengaluru,"Monday, April 30, 2018",187.49,,3.4,12.72,,1
Bengaluru,"Tuesday, May 1, 2018",59.11,,3,9.9,,0
Bengaluru,"Wednesday, May 2, 2018",65.71,,3.54,21.7,,1
Bengaluru,"Thursday, May 3, 2018",44.58,,5.02,31.13,,0
Bengaluru,"Friday, May 4, 2018",113.31,,3.72,36.23,,1
Bengaluru,"Saturday, May 5, 2018",62.35,,3.63,18.98,,1
Bengaluru,"Sunday, May 6, 2018",79,,3.35,14.69,,1
Bengaluru,"Monday, May 7, 2018",50.52,,28.39,32.23,,1
Bengaluru,"Tuesday, May 8, 2018",55.88,,4.95,13.81,,2
Bengaluru,"Wednesday, May 9, 2018",32.46,,3.82,19.63,,1
Bengaluru,"Thursday, May 10, 2018",28.99,,6.84,17.75,,1
Bengaluru,"Friday, May 11, 2018",27.03,,7.84,18.71,,1
Bengaluru,"Saturday, May 12, 2018",27.01,,3.38,13.98,,1
Bengaluru,"Sunday, May 13, 2018",26.73,,3.42,13.73,,1
Bengaluru,"Monday, May 14, 2018",33.13,,5.95,21.25,,1
Bengaluru,"Tuesday, May 15, 2018",35.64,,7.74,18.25,,1
Bengaluru,"Wednesday, May 16, 2018",34.36,,5.28,16.48,,1
Bengaluru,"Thursday, May 17, 2018",39.69,,3.42,15.82,,1
Delhi,"Tuesday, December 15, 2015",88.3,,43.65,63.37,34.31,9
Delhi,"Wednesday, December 16, 2015",111.45,,75.23,90.72,52.2,13
Delhi,"Thursday, December 17, 2015",152.24,,54.06,71.32,59.43,12
Delhi,"Friday, December 18, 2015",136.75,,49.33,62.42,65.5,10
Delhi,"Saturday, December 19, 2015",114.35,,47.8,56.46,74.04,10
Delhi,"Sunday, December 20, 2015",181.67,,100.08,139.46,126.19,20
Delhi,"Monday, December 21, 2015",135.78,,62.51,89.78,100.15,12
Delhi,"Saturday, March 12, 2016",60.17,,8.84,19.14,,4
Delhi,"Sunday, March 13, 2016",58.95,,4.1,15.13,,2
Delhi,"Friday, April 1, 2016",130.7,,5.58,20.05,,6
Delhi,"Saturday, April 2, 2016",118.44,,16.79,30.66,,10
Delhi,"Saturday, April 16, 2016",124.13,,36.76,54.07,17.79,10
Delhi,"Saturday, April 30, 2016",142.64,,30.09,56.14,16.95,9
Delhi,"Sunday, May 1, 2016",124.21,,52.27,74.64,17.35,12
Delhi,"Monday, May 2, 2016",119.47,,21.08,43.36,13.81,7
Delhi,"Saturday, August 27, 2016",56.56,,7.36,20.11,,16
Delhi,"Thursday, June 8, 2017",41.83,,20.44,9.88,40.3,0
Delhi,"Saturday, June 10, 2017",64.63,,22.12,7.62,41.51,0
Delhi,"Sunday, June 11, 2017",43.02,,19.89,10.77,38.68,0
Delhi,"Tuesday, July 4, 2017",116.12,,27.08,4.82,28.8,0
Delhi,"Wednesday, July 5, 2017",50.81,,27.08,5.05,25.81,0
Delhi,"Thursday, July 6, 2017",47.17,,18.19,4.13,24.82,0
Delhi,"Friday, July 7, 2017",41.42,,30,5.09,30.98,0
Delhi,"Saturday, July 8, 2017",45.31,,32.87,6.01,28.82,0
Delhi,"Sunday, July 9, 2017",58.46,,67.54,10.42,41.79,0
Delhi,"Monday, July 10, 2017",41.92,,25.63,4.9,27.22,0
Delhi,"Tuesday, July 11, 2017",33.04,,26.7,5.01,26.19,0
Delhi,"Wednesday, July 12, 2017",22.35,,25.59,4.81,27.31,0
Delhi,"Thursday, July 13, 2017",22.44,,25.51,4.86,28.03,0
Delhi,"Friday, July 14, 2017",30.35,,17.2,5.65,29.06,0
Delhi,"Saturday, July 15, 2017",32.02,,16.13,9.24,37.26,0
Delhi,"Sunday, July 16, 2017",38.77,,15.56,8.39,35.52,0
Delhi,"Monday, July 17, 2017",33.56,,31.69,11.38,43.34,0
Delhi,"Tuesday, July 18, 2017",37.67,,25.69,14.1,49.2,0
Delhi,"Wednesday, July 19, 2017",55.96,,58.31,19.34,58.22,0
Delhi,"Thursday, July 20, 2017",28.88,,41.13,11.02,44.64,0
Delhi,"Friday, July 21, 2017",23.12,,20.56,4.69,26.97,0
Delhi,"Saturday, July 22, 2017",18.54,,20.65,4.52,23.32,0
Delhi,"Sunday, July 23, 2017",22.65,,18.67,3.76,26.79,0
Delhi,"Monday, July 24, 2017",17.52,,28.89,5.21,28.58,0
Delhi,"Tuesday, July 25, 2017",22.17,,21.08,3.98,28.73,0
Delhi,"Wednesday, July 26, 2017",20.17,,20.61,4.61,27.09,0
Delhi,"Thursday, July 27, 2017",24.42,,23.71,5.12,26.74,0
Delhi,"Friday, July 28, 2017",25.71,,23.69,4.84,25.11,0
Delhi,"Saturday, July 29, 2017",27.25,,12.65,3.3,22.45,0
Delhi,"Sunday, July 30, 2017",10.88,,11.6,3.53,22.24,0
Delhi,"Monday, July 31, 2017",17.1,,28.26,5.91,32,0
Delhi,"Tuesday, August 1, 2017",17.24,,27.25,5.48,33.36,0
Delhi,"Wednesday, August 2, 2017",27.56,,33.12,6.7,38.35,0
Delhi,"Thursday, August 3, 2017",27.29,,28.58,7.02,34.14,0
Delhi,"Friday, August 4, 2017",42.65,,29.66,7.71,33.24,0
Delhi,"Saturday, August 5, 2017",53.69,,34.95,8.68,36.4,0
Delhi,"Sunday, August 6, 2017",61.44,,52.38,10.21,43.5,0
Delhi,"Monday, August 7, 2017",57.42,,25.72,5.84,33.07,0
Delhi,"Tuesday, August 8, 2017",36.58,,36.57,7.08,36.53,0
Delhi,"Wednesday, August 9, 2017",50.42,,54.85,11.34,42.64,0
Delhi,"Thursday, August 10, 2017",48.6,,38.47,10.31,31.22,0
Delhi,"Friday, August 11, 2017",21.83,,24.86,4.87,17.92,0
Delhi,"Monday, August 14, 2017",26.54,,27.43,6.42,34.8,0
Delhi,"Tuesday, August 15, 2017",30.12,,13.21,6.85,18.69,0
Delhi,"Wednesday, August 16, 2017",35.23,,15.5,7.81,23.94,0
Delhi,"Thursday, August 17, 2017",39.6,,20.73,8.36,26.78,0
Delhi,"Friday, August 18, 2017",46.25,,22.87,8.16,24.79,0
Delhi,"Saturday, August 19, 2017",35.48,,42.02,10.06,24.34,0
Delhi,"Sunday, August 20, 2017",22.15,,30.13,7.46,17.65,0
Delhi,"Monday, August 21, 2017",25.5,,18.02,1.44,12.14,0
Delhi,"Tuesday, August 22, 2017",46,,14.5,0.25,15.5,0
Delhi,"Wednesday, August 23, 2017",36.54,,31.42,4.7,22.33,0
Delhi,"Thursday, August 24, 2017",47.79,,34.6,6.63,23.83,0
Delhi,"Friday, August 25, 2017",51.33,,24.48,3.85,18.75,0
Delhi,"Saturday, August 26, 2017",62.33,,40.14,2.06,23.26,0
Delhi,"Sunday, August 27, 2017",34.3,,62.68,4.55,29.19,0
Delhi,"Monday, August 28, 2017",23.82,,20.79,2.43,15.6,0
Delhi,"Tuesday, August 29, 2017",15.23,,22.97,4.74,27.77,0
Delhi,"Wednesday, August 30, 2017",20.5,,24.34,7.26,38.09,0
Mumbai,"Sunday, May 6, 2018",16.74,,16.21,33.53,,
Mumbai,"Monday, May 7, 2018",18.44,,23.53,46.03,,
Mumbai,"Monday, May 28, 2018",17.17,,,104.17,,
Mumbai,"Tuesday, May 29, 2018",22.54,,,78.73,,
Mumbai,"Wednesday, May 30, 2018",18.79,,,44.37,,
Mumbai,"Thursday, May 31, 2018",20.14,,,38.76,,
Mumbai,"Friday, June 1, 2018",24.8,,,48.35,,
Mumbai,"Saturday, June 2, 2018",19.38,,,47.49,,
Mumbai,"Sunday, June 3, 2018",18.68,,,63.7,,
Mumbai,"Monday, June 4, 2018",19.98,,,47.38,,
Mumbai,"Tuesday, June 5, 2018",26.85,,,73.12,,
Mumbai,"Wednesday, June 6, 2018",17.66,,,36.88,,
Mumbai,"Thursday, June 7, 2018",45.54,,,56.91,,
Mumbai,"Friday, June 8, 2018",17.79,,,53.24,,
Mumbai,"Saturday, June 9, 2018",19.26,,,95.53,,
Mumbai,"Sunday, June 10, 2018",6.2,,,17.43,,
Mumbai,"Monday, June 11, 2018",12.89,,,17.48,,
Mumbai,"Tuesday, June 12, 2018",18.02,,,21.61,,
Mumbai,"Wednesday, June 13, 2018",16.97,,,24.16,,
Mumbai,"Thursday, June 14, 2018",19.16,,,33.52,,
Mumbai,"Friday, June 15, 2018",19.64,,,42.76,,
Bengaluru,"Saturday, November 7, 2015",31.44,70.46,3.03,10.27,27.73,18
Bengaluru,"Saturday, November 14, 2015",42.42,156.84,7.25,31.78,21.94,5
Bengaluru,"Thursday, January 7, 2016",68.74,74.3,42.37,58.6,26.13,16
Bengaluru,"Thursday, April 21, 2016",33.61,168.98,5.82,11.33,22.65,6
Bengaluru,"Friday, April 22, 2016",34.83,130.54,6.28,9.96,26.41,6
Bengaluru,"Saturday, April 23, 2016",39.01,107.52,9.13,18.09,27.43,8
Bengaluru,"Sunday, April 24, 2016",39.53,92.73,7.26,15.68,20.86,9
Bengaluru,"Monday, April 25, 2016",37.17,103.22,6.77,13.99,25.49,5
Bengaluru,"Tuesday, April 26, 2016",39.88,68.46,7.67,16.08,24.94,6
Bengaluru,"Thursday, April 28, 2016",47.42,54.05,20.84,33.44,18.06,12
Bengaluru,"Friday, April 29, 2016",48.78,58.28,5.64,16.42,17.12,6
Bengaluru,"Monday, May 2, 2016",39.87,63.61,8.72,18.17,19.71,5
Bengaluru,"Tuesday, May 3, 2016",40.79,63.42,6.61,25.98,20.1,7
Bengaluru,"Wednesday, May 4, 2016",57.96,56.57,4.08,18.21,16.71,5
Bengaluru,"Thursday, May 5, 2016",46,58.14,13.5,24.08,17.66,7
Bengaluru,"Saturday, May 7, 2016",27.21,44.02,26.89,34.92,17.82,5
Bengaluru,"Monday, May 9, 2016",20.46,34.82,6.44,15.86,16.5,6
Bengaluru,"Tuesday, May 10, 2016",32.5,230.2,5.74,14.43,16.75,7
Bengaluru,"Wednesday, May 11, 2016",57.81,50.58,4.39,8.77,16.13,7
Bengaluru,"Thursday, May 12, 2016",31.19,54.8,7.37,13.47,19.08,8
Bengaluru,"Friday, May 13, 2016",34.06,45.82,5.54,8.46,23.06,6
Bengaluru,"Tuesday, May 17, 2016",36.67,42.55,5.28,15.22,11.28,5
Bengaluru,"Wednesday, May 18, 2016",27.51,41.15,11.01,20.58,36.19,7
Bengaluru,"Sunday, May 22, 2016",152.94,43.16,1.41,5.87,9.56,12
Bengaluru,"Monday, May 23, 2016",28.65,52.72,1.84,6.74,9.71,6
Bengaluru,"Friday, June 17, 2016",33.9,48.51,5.99,14.16,38.77,9
Bengaluru,"Tuesday, July 12, 2016",,41.88,3.17,8.45,17.58,9
Bengaluru,"Friday, July 15, 2016",,39.43,9.54,17.74,15.33,39
Bengaluru,"Monday, July 18, 2016",218.17,30.53,5.39,8.64,15.8,16
Bengaluru,"Tuesday, July 19, 2016",55.51,25.62,4.49,10.14,18.58,19
Bengaluru,"Wednesday, July 20, 2016",25.56,29.45,5.78,10.7,14.64,5
Bengaluru,"Monday, July 25, 2016",11.01,112.53,11.53,20.7,8.36,6
Bengaluru,"Monday, August 29, 2016",27.16,59.6,4.61,4.15,40.64,26
Bengaluru,"Wednesday, August 31, 2016",35.17,51.69,3.61,2.06,40.41,68
Bengaluru,"Thursday, September 1, 2016",37.57,46.28,4.82,2.61,40.49,5
Bengaluru,"Thursday, September 15, 2016",11.1,41.09,8.1,18.5,39.83,6
Bengaluru,"Thursday, September 22, 2016",32.46,52.66,4.99,11.01,35.92,5
Bengaluru,"Wednesday, October 5, 2016",69.14,94.23,10.26,4.73,56.1,8
Bengaluru,"Sunday, July 1, 2018",19.15,64.03,24.59,32.18,26.09,6
Bengaluru,"Wednesday, July 25, 2018",17.62,44.75,8.78,19.77,23.36,6
Bengaluru,"Thursday, October 11, 2018",55.08,147.26,30.58,63.94,15.2,6
Bengaluru,"Tuesday, November 13, 2018",71.05,130.84,25.65,59.92,18.82,6
Bengaluru,"Wednesday, November 14, 2018",77.53,143.53,40.06,77.83,21.93,6
Bengaluru,"Tuesday, December 18, 2018",98.84,181.41,60.14,106.26,24.42,6
Bengaluru,"Thursday, January 31, 2019",48.44,94.63,8.55,30.45,13.75,8
Bengaluru,"Saturday, February 23, 2019",51.36,113.03,23.78,56.96,15.39,6
Bengaluru,"Sunday, February 24, 2019",47.59,97.06,19.87,50.3,16.23,7
Bengaluru,"Monday, February 25, 2019",39.23,96.15,23.3,53.87,16.7,7
Bengaluru,"Tuesday, February 26, 2019",51.92,101.91,17.94,44.18,18.89,8
Bengaluru,"Wednesday, February 27, 2019",45.49,94.03,10.11,32.28,18.55,6
Bengaluru,"Thursday, February 28, 2019",50.8,111.32,12.67,40.15,16.52,7
Bengaluru,"Friday, March 1, 2019",58.18,125.3,13.52,44.92,19.94,11
Bengaluru,"Wednesday, March 6, 2019",53.53,116.45,23.55,46.05,15.62,7
Bengaluru,"Thursday, March 7, 2019",65.98,158.87,41.22,71.78,17.42,11
Bengaluru,"Friday, March 8, 2019",69.62,141.49,25.8,58.06,18.21,7
Bengaluru,"Saturday, March 9, 2019",51.08,114.17,6.55,26.56,18.98,6
Bengaluru,"Saturday, March 23, 2019",51.6,102.51,6.71,27.54,15.49,5
Bengaluru,"Thursday, March 28, 2019",61.59,129.96,14.08,45.48,14.75,6
Bengaluru,"Friday, March 29, 2019",58.92,129.31,11.08,39.27,16.13,5
Bengaluru,"Saturday, March 30, 2019",57.09,123.2,10.17,35.11,16.53,5
Bengaluru,"Tuesday, April 2, 2019",55.62,123.38,21.63,46.62,17.78,5
Bengaluru,"Wednesday, April 3, 2019",53.61,120.13,13.21,39.47,17.27,5
Bengaluru,"Saturday, April 6, 2019",46.55,112.08,7.85,30.73,16.86,5
Bengaluru,"Monday, April 8, 2019",52.79,94.86,9.66,32.46,17.15,5
Bengaluru,"Tuesday, April 9, 2019",43.88,90.8,9.09,30.96,19.14,5
Bengaluru,"Thursday, May 9, 2019",51.42,94.86,17.94,35.49,19.28,5
Bengaluru,"Friday, May 17, 2019",40.64,91.59,14.27,36.02,17.39,5
Bengaluru,"Saturday, May 18, 2019",55.14,118.1,13.73,35.89,19.2,5
Bengaluru,"Friday, June 14, 2019",22.11,47.2,7.85,23.77,12.54,6
Bengaluru,"Saturday, June 15, 2019",23.64,54.09,9.57,24.36,12.52,7
Bengaluru,"Saturday, October 5, 2019",32.73,70.53,18.64,52.79,16.86,5
Bengaluru,"Thursday, November 7, 2019",92.21,136.66,28.33,61.28,21.68,5
Bengaluru,"Tuesday, November 26, 2019",35.44,72.66,14.25,32.97,17.52,34
Bengaluru,"Wednesday, November 27, 2019",33.02,65.25,15.29,40.58,17.13,38
Bengaluru,"Thursday, November 28, 2019",23.08,53.29,13.08,35.02,18.19,29
Bengaluru,"Friday, November 29, 2019",22.97,61.34,14.39,31.74,14.77,41
Bengaluru,"Saturday, November 30, 2019",23.25,50.92,11.74,27.09,14.15,39
Bengaluru,"Sunday, December 1, 2019",13.46,42.5,9.63,23.27,14.09,43
Bengaluru,"Monday, December 2, 2019",13.96,34.67,10.32,24.48,12.97,38
Bengaluru,"Tuesday, December 3, 2019",27.28,55.3,14,31.57,13.63,45
Bengaluru,"Wednesday, December 4, 2019",38.2,69.48,9.9,28.23,13.85,35
Bengaluru,"Thursday, December 5, 2019",55.45,91.85,12.88,34.22,15.19,38
Bengaluru,"Friday, December 6, 2019",57.3,96.47,9.71,31.36,15.1,36
Bengaluru,"Saturday, December 7, 2019",39.42,71.64,12.01,34.96,14.07,36
Bengaluru,"Sunday, December 8, 2019",23.79,52.13,8,26.74,12.91,35
Bengaluru,"Monday, December 9, 2019",21.29,56.84,10.79,30.66,13.07,35
Bengaluru,"Tuesday, December 10, 2019",20.31,55.42,9.34,28.35,12.13,35
Bengaluru,"Wednesday, December 11, 2019",28.62,63.74,9.43,29.6,15.16,28
Bengaluru,"Thursday, December 12, 2019",28.93,67.98,8.12,27.89,12.64,38
Bengaluru,"Friday, December 13, 2019",30.65,71.83,8.24,27.01,13.12,33
Bengaluru,"Saturday, December 14, 2019",23.6,60.07,9.79,27.35,12.63,33
Bengaluru,"Sunday, December 15, 2019",25.33,66.09,7.47,23.24,12.51,32
Bengaluru,"Monday, December 16, 2019",24.25,59.81,11.19,27.99,12.62,32
Bengaluru,"Tuesday, December 17, 2019",27.65,61.09,11.23,31.1,12.28,32
Bengaluru,"Wednesday, December 18, 2019",42.91,84.86,11.5,34.26,13.03,28
Bengaluru,"Thursday, December 19, 2019",38.66,77.48,12.17,34.57,12.91,27
Bengaluru,"Friday, December 20, 2019",44.46,91.61,13.62,37.72,13.8,29
Bengaluru,"Saturday, December 21, 2019",48.62,89.87,7.89,28.63,14.47,31
Bengaluru,"Sunday, December 22, 2019",46.52,84.08,6.3,25.64,13.5,35
Bengaluru,"Monday, December 23, 2019",49.33,89.98,8.39,31.8,13.96,40
Bengaluru,"Tuesday, December 24, 2019",35.84,77.13,9.2,31.31,13.71,40
Bengaluru,"Wednesday, December 25, 2019",35.48,71.87,7.38,27.4,14.05,13
Bengaluru,"Thursday, December 26, 2019",44.27,87.08,7.56,29.65,14.55,21
Bengaluru,"Friday, December 27, 2019",43.32,87.09,9.56,32.59,14.71,41
Bengaluru,"Saturday, December 28, 2019",35.24,70.75,7.86,27.78,13.37,45
Bengaluru,"Sunday, December 29, 2019",38.53,73.77,6.56,26.31,13.02,24
Bengaluru,"Monday, December 30, 2019",47.81,77.49,6.4,27.79,12.91,25
Bengaluru,"Tuesday, December 31, 2019",42.54,84.76,7.92,27.48,13.75,28
Bengaluru,"Wednesday, January 1, 2020",30.71,70.8,9.03,26.74,13.01,36
Bengaluru,"Thursday, January 2, 2020",25.78,62.73,8.81,30.18,12.4,34
Bengaluru,"Friday, January 3, 2020",29.66,69.62,6.62,26.92,12.87,29
Bengaluru,"Saturday, January 4, 2020",52.62,106.81,15.46,41.89,14.59,35
Bengaluru,"Sunday, January 5, 2020",52.64,97.94,6.86,29.52,15.68,40
Bengaluru,"Monday, January 6, 2020",24.74,62.08,8.08,31.18,13.94,5
Bengaluru,"Tuesday, January 7, 2020",22.52,62.95,10.11,32.13,11.75,17
Bengaluru,"Wednesday, January 8, 2020",30.92,74.18,5.8,28.53,12.61,16
Bengaluru,"Thursday, January 9, 2020",40.57,85.93,7.15,32.74,13.74,15
Bengaluru,"Friday, January 10, 2020",39.29,83.02,8.07,35.92,14.54,17
Bengaluru,"Saturday, January 11, 2020",31.1,66.98,6.52,28.01,13.03,16
Bengaluru,"Sunday, January 12, 2020",39.5,75.34,7.01,30.05,14.27,17
Bengaluru,"Monday, January 13, 2020",53.93,97.81,10.78,41.27,15.06,19
Bengaluru,"Tuesday, January 14, 2020",64.35,108.24,10.27,43.97,15.71,19
Bengaluru,"Wednesday, January 15, 2020",45.19,79.82,10.74,37.49,13.94,12
Bengaluru,"Wednesday, February 5, 2020",30.66,74.45,6.88,32.31,12.86,5
Bengaluru,"Monday, April 6, 2020",22.68,50.53,2.34,11.77,11.69,11
Bengaluru,"Tuesday, April 7, 2020",15.14,20.84,3.05,14.79,16.57,7
Bengaluru,"Wednesday, April 8, 2020",18.39,28.13,2.74,14.46,13.03,6
Bengaluru,"Thursday, April 9, 2020",23.32,32.12,2.51,13.21,13.62,5
Bengaluru,"Friday, April 10, 2020",30.06,22.69,3.98,11.44,13.71,7
Bengaluru,"Saturday, April 11, 2020",26.99,35.92,2.35,11.3,16.25,9
Bengaluru,"Sunday, April 12, 2020",22.38,35.49,2.68,12.7,13.94,10
Bengaluru,"Monday, April 13, 2020",25.61,42.98,3.74,16.92,11.61,18
Bengaluru,"Tuesday, April 14, 2020",30.24,52.51,3.61,16.73,10.46,12
Bengaluru,"Wednesday, April 15, 2020",33.62,50.11,2.76,14.7,10.86,9
Bengaluru,"Thursday, April 16, 2020",25.27,42.7,2.65,13.63,9.91,10
Bengaluru,"Friday, April 17, 2020",40,50.83,2.62,13.36,10.46,9
Bengaluru,"Wednesday, May 13, 2020",14.56,39.32,3.27,14.5,9.23,5
Bengaluru,"Friday, November 13, 2015",28.22,153.3,5.8,21.78,27.79,4
Bengaluru,"Thursday, November 26, 2015",43.91,43.65,11.74,32.78,55.4,4
Bengaluru,"Wednesday, April 20, 2016",31.89,160.06,4.69,10.82,25.6,4
Bengaluru,"Sunday, May 1, 2016",35.86,63.4,4.47,15.99,16.11,4
Bengaluru,"Sunday, May 8, 2016",26.43,42.02,69.97,64.74,16.68,4
Bengaluru,"Monday, May 16, 2016",27.01,39.39,6.67,15.54,19.96,4
Bengaluru,"Saturday, May 21, 2016",42.52,41.96,1.96,5.78,8.66,4
Bengaluru,"Tuesday, May 24, 2016",25.75,40.98,1.55,4.57,10.37,4
Bengaluru,"Saturday, June 18, 2016",31.98,80.7,7.93,17.06,34.41,4
Bengaluru,"Friday, August 19, 2016",41.43,18.46,5.95,1.75,40.69,4
Bengaluru,"Saturday, August 27, 2016",19.65,66.91,4.85,2.32,40.27,4
Bengaluru,"Wednesday, September 28, 2016",46.14,95.12,5.1,18.81,28.28,4
Bengaluru,"Sunday, October 30, 2016",60.79,130.15,9.82,10.08,41.04,4
Bengaluru,"Thursday, November 3, 2016",34.79,111.6,22.62,7.45,37.76,4
Bengaluru,"Tuesday, October 10, 2017",32.21,73.85,9.9,14.78,26.4,4
Bengaluru,"Wednesday, October 18, 2017",39.39,188.67,18.27,23.66,26.76,4
Bengaluru,"Saturday, February 10, 2018",30.34,84.89,8.37,25.66,90.65,4
Bengaluru,"Thursday, July 5, 2018",20.36,74.52,17.18,24,21.44,4
Bengaluru,"Monday, July 9, 2018",21.11,56.44,20.04,27.64,22.46,4
Bengaluru,"Tuesday, July 10, 2018",36.65,52.63,19.76,28.01,20.65,4
Bengaluru,"Wednesday, July 11, 2018",20.8,53.13,17.69,24.79,22.12,4
Bengaluru,"Wednesday, July 18, 2018",18.83,56.14,6.08,11.96,21.62,4
Bengaluru,"Monday, July 23, 2018",19.86,51.56,9.81,18.1,21.94,4
Bengaluru,"Tuesday, July 24, 2018",17.85,50.14,7.46,15.74,25.82,4
Bengaluru,"Thursday, July 26, 2018",20,55.87,12.84,33.72,20.06,4
Bengaluru,"Friday, July 27, 2018",22.28,64.9,8.27,22.7,18.75,4
Bengaluru,"Friday, August 3, 2018",23.34,71.35,17.03,26.75,20.61,4
Bengaluru,"Friday, October 12, 2018",56.31,151.57,30.12,60.98,14.22,4
Bengaluru,"Saturday, October 13, 2018",72.74,158.69,23.04,57.57,16.09,4
Bengaluru,"Monday, October 15, 2018",41.44,88.52,9.88,31.68,14.07,4
Bengaluru,"Monday, October 29, 2018",36.11,101.84,26.17,65.76,18.69,4
Bengaluru,"Monday, November 12, 2018",63.66,120.24,32.73,65.11,18.69,4
Bengaluru,"Thursday, November 15, 2018",58.35,105.52,21.57,50.94,20.58,4
Bengaluru,"Wednesday, January 30, 2019",62.71,92.31,12.46,34.7,13.12,4
Bengaluru,"Saturday, March 2, 2019",40.93,95.38,6.74,26.08,17.74,4
Bengaluru,"Sunday, March 3, 2019",36.98,92.75,7.87,30.01,15.49,4
Bengaluru,"Monday, March 4, 2019",43.15,100.96,5.02,26.24,15.83,4
Bengaluru,"Tuesday, March 5, 2019",49.8,112.83,12.78,33.34,15.93,4
Bengaluru,"Tuesday, March 12, 2019",46.15,108.89,6.44,26.33,15.19,4
Bengaluru,"Wednesday, March 13, 2019",50.05,120.17,9.24,33.73,15.2,4
Bengaluru,"Thursday, March 14, 2019",43.73,116.74,8.61,32.81,14.79,4
Bengaluru,"Friday, March 15, 2019",41.75,110.46,8.41,35.5,14.38,4
Bengaluru,"Saturday, March 16, 2019",44.32,118.8,12.34,37.28,16.05,4
Bengaluru,"Sunday, March 17, 2019",45.56,104.35,8.28,29.69,15.63,4
Bengaluru,"Monday, March 18, 2019",43.24,99.47,5.41,24.96,16.24,4
Bengaluru,"Tuesday, March 19, 2019",39.71,94.23,6.67,26.76,16.07,4
Bengaluru,"Wednesday, March 20, 2019",39.8,91.98,6.79,22.43,15,4
Bengaluru,"Thursday, March 21, 2019",49.74,94.78,5.97,21.97,15.24,4
Bengaluru,"Friday, March 22, 2019",44.52,96.39,7.16,24.89,15.54,4
Bengaluru,"Sunday, March 24, 2019",47.42,93.06,5.81,23.65,14.79,4
Bengaluru,"Monday, March 25, 2019",46.52,105.51,8.2,30.32,15.64,4
Bengaluru,"Tuesday, March 26, 2019",48.85,112.26,10,36.32,15.4,4
Bengaluru,"Wednesday, March 27, 2019",56.52,121.14,12.4,38.77,14.3,4
Bengaluru,"Sunday, March 31, 2019",55.88,107.85,6.77,26.85,17.21,4
Bengaluru,"Monday, April 1, 2019",53.46,110.5,11.03,32.36,16.31,4
Bengaluru,"Thursday, April 4, 2019",58.15,108.63,9.22,32.36,17.41,4
Bengaluru,"Friday, April 5, 2019",46.54,108.25,13.01,39.93,16.31,4
Bengaluru,"Sunday, April 7, 2019",51.73,103.64,7.95,30.27,16.3,4
Bengaluru,"Wednesday, April 10, 2019",52.18,107.04,9.84,32.08,18.58,4
Bengaluru,"Thursday, April 11, 2019",49.25,113.7,9.52,30.94,21.22,4
Bengaluru,"Friday, April 12, 2019",49.46,109,9.95,33.74,18.23,4
Bengaluru,"Wednesday, May 8, 2019",33.28,81.91,10.92,25.5,15.29,4
Bengaluru,"Friday, May 10, 2019",39.33,93.68,8.88,27.99,18.45,4
Bengaluru,"Thursday, May 16, 2019",38.93,93.74,12.36,36.97,16.51,4
Bengaluru,"Thursday, September 5, 2019",13.84,42.24,7.56,20.44,8.86,4
Bengaluru,"Friday, October 4, 2019",41.28,58.29,18.78,51.72,16.06,4
Bengaluru,"Sunday, October 6, 2019",27.15,55.82,14.73,36.15,14.69,4
Bengaluru,"Monday, October 7, 2019",35.57,60.1,26.1,46.86,15.03,4
Bengaluru,"Wednesday, October 9, 2019",31.67,46.37,31.34,53.18,15.63,4
Bengaluru,"Thursday, October 10, 2019",73.77,70.64,12.43,37.94,18,4
Bengaluru,"Friday, October 11, 2019",45.16,79.81,12.32,39.71,18.91,4
Bengaluru,"Wednesday, October 16, 2019",21.73,57.38,15.17,33.44,17.09,4
Bengaluru,"Saturday, October 19, 2019",19.25,37.64,9.17,27.14,13.73,4
Bengaluru,"Monday, October 21, 2019",20.71,41.14,15.04,35.45,13.8,4
Bengaluru,"Monday, November 4, 2019",54.83,112.73,20.78,46.01,20.29,4
Bengaluru,"Tuesday, November 5, 2019",73.88,144.98,31.44,61.74,20.46,4
Bengaluru,"Friday, November 8, 2019",69.3,110.88,17.73,47.34,22.41,4
Bengaluru,"Saturday, November 9, 2019",47.14,102.59,12.78,40.02,20.88,4
Bengaluru,"Monday, November 25, 2019",37.44,69.94,6.37,28.88,16.71,4
Bengaluru,"Friday, January 31, 2020",46.36,102.88,5.39,35.68,14.39,4
Bengaluru,"Tuesday, February 4, 2020",29.27,75,7.82,33.89,12.05,4
Bengaluru,"Saturday, April 18, 2020",34.03,46.7,2.53,12.25,10.25,4
Bengaluru,"Saturday, April 25, 2020",25.98,55.47,3.67,15.19,10.15,4
Bengaluru,"Friday, January 8, 2016",67.9,62.77,46.57,60.65,22.84,0
Bengaluru,"Thursday, January 14, 2016",75.01,172.02,16.92,49.75,19.63,0
Bengaluru,"Sunday, January 17, 2016",68.98,149.82,86.51,147.06,10.83,0
Bengaluru,"Friday, January 22, 2016",63.58,150.78,48.29,57.18,26.58,0
Bengaluru,"Saturday, January 23, 2016",57.91,133.63,33.73,40.25,16.27,0
Bengaluru,"Sunday, January 24, 2016",41.36,92.58,24.11,35.05,14.08,0
Bengaluru,"Sunday, February 14, 2016",62.08,113.87,20.4,39.5,15.09,0
Bengaluru,"Monday, February 15, 2016",56.57,100.3,10.84,33.68,40.86,0
Bengaluru,"Tuesday, February 16, 2016",42.58,108.68,9.51,19.24,27.19,0
Bengaluru,"Wednesday, February 17, 2016",49.6,145.32,9.96,19.72,24.05,0
Bengaluru,"Friday, February 19, 2016",44.26,146.23,10.47,20.93,25.75,0
Bengaluru,"Saturday, February 20, 2016",53.12,116.89,9.46,22.89,29.92,0
Bengaluru,"Sunday, February 21, 2016",57.32,107.54,10.18,25.44,29.87,0
Bengaluru,"Monday, February 22, 2016",90.07,127.67,7.72,22.31,29.34,0
Bengaluru,"Tuesday, February 23, 2016",134.69,142.12,4.88,20.48,30.6,0
Bengaluru,"Friday, February 26, 2016",51.96,102.39,10.53,22.43,24.1,0
Bengaluru,"Saturday, February 27, 2016",36.28,98.29,12.77,27.18,5.47,0
Bengaluru,"Sunday, February 28, 2016",35.63,115.9,12.59,24.09,4.09,0
Bengaluru,"Monday, February 29, 2016",41.64,144.04,11.73,23.56,3.83,0
Bengaluru,"Tuesday, March 1, 2016",39.21,154.64,42.33,51.48,13.53,0
Bengaluru,"Wednesday, March 2, 2016",42.17,134.78,19.36,29.43,22.47,0
Bengaluru,"Thursday, March 3, 2016",54.91,148.57,6.3,18.25,22.73,0
Bengaluru,"Friday, March 4, 2016",54.04,137.04,9.52,25.03,21.95,0
Bengaluru,"Saturday, March 5, 2016",55.72,132.73,5.47,18.66,23.49,0
Bengaluru,"Sunday, March 6, 2016",45.98,120.86,3.63,12.1,23.84,0
Bengaluru,"Monday, March 7, 2016",43.69,120.32,4.16,13.82,23.77,0
Bengaluru,"Tuesday, March 8, 2016",44.74,122.4,10.23,24.9,23.93,0
Bengaluru,"Wednesday, March 9, 2016",51.06,150.19,10.44,30.04,33.25,0
Bengaluru,"Tuesday, June 21, 2016",28.24,194.62,6.57,14.49,36.79,0
Bengaluru,"Wednesday, July 6, 2016",17.26,42.66,6,13.25,32.42,0
Bengaluru,"Friday, July 8, 2016",,49.66,8.12,16.82,28.85,0
Bengaluru,"Saturday, July 9, 2016",,51.22,7.27,14.37,28.08,0
Bengaluru,"Sunday, July 10, 2016",8.98,27.9,3.12,9,25.57,0
Bengaluru,"Monday, July 11, 2016",,51.32,3.64,10.15,24.14,0
Bengaluru,"Sunday, July 17, 2016",,42.24,10.92,17.38,12.73,0
Bengaluru,"Tuesday, September 13, 2016",23.04,48.92,5.23,1.43,43.25,0
Bengaluru,"Wednesday, September 14, 2016",13.59,45.66,3.62,2.35,43.42,0
Bengaluru,"Saturday, September 17, 2016",41.01,79.93,8.32,5.5,5.14,0
Bengaluru,"Monday, September 19, 2016",26.31,49.89,4.44,12.86,24.8,0
Bengaluru,"Tuesday, September 20, 2016",32.98,44.55,4.23,12.71,30.77,0
Bengaluru,"Wednesday, September 21, 2016",43.4,33.79,4.89,8.49,55.78,0
Bengaluru,"Sunday, October 29, 2017",47.47,100.35,15.01,21.46,26.6,0
Bengaluru,"Monday, October 30, 2017",45.49,82.59,9.57,16.63,26.61,0
Bengaluru,"Tuesday, October 31, 2017",122.41,68.08,12.13,24.36,26.65,0
Bengaluru,"Wednesday, November 1, 2017",39.88,56.91,6.5,47.53,26.39,0
Bengaluru,"Thursday, November 2, 2017",66.54,57.13,7.2,50.52,26.14,0
Bengaluru,"Friday, November 3, 2017",58.73,73.54,8.53,62.33,26.64,0
Bengaluru,"Saturday, November 4, 2017",41.02,64.65,14.44,27.96,26.61,0
Bengaluru,"Sunday, November 5, 2017",26.7,29.28,14.87,23.52,26.44,0
Bengaluru,"Monday, November 6, 2017",22.05,27.3,11.58,22.24,26.93,0
Bengaluru,"Tuesday, November 7, 2017",27.98,42.42,13.12,25.13,26.82,0
Bengaluru,"Wednesday, November 8, 2017",26.89,40.08,13.32,25.46,26.82,0
Bengaluru,"Thursday, November 9, 2017",25.94,66.25,12.3,26.42,26.77,0
Bengaluru,"Friday, November 10, 2017",31.21,51.65,9.12,20.93,25.71,0
Bengaluru,"Saturday, November 11, 2017",32.87,77.14,10.67,24.53,26.5,0
Bengaluru,"Sunday, November 12, 2017",26.99,72,10.11,24.2,26.38,0
Bengaluru,"Monday, November 13, 2017",30.4,57.77,9.61,22.14,26.54,0
Bengaluru,"Tuesday, November 14, 2017",26.94,65.86,8.67,20.53,26.59,0
Bengaluru,"Wednesday, November 15, 2017",30.7,66.28,5.9,17.34,26.72,0
Bengaluru,"Thursday, November 16, 2017",37.93,78.07,9.59,23.09,26.88,0
Bengaluru,"Friday, November 17, 2017",35.72,71.36,5.76,18.76,26.65,0
Bengaluru,"Saturday, November 18, 2017",34.96,63.17,8.73,22.57,26.87,0
Bengaluru,"Sunday, November 19, 2017",30.66,59.05,11.02,25.1,26.56,0
Bengaluru,"Monday, November 20, 2017",32.21,58.7,10.9,25.05,26.43,0
Bengaluru,"Tuesday, November 21, 2017",25.79,41.37,12.88,26.66,26.4,0
Bengaluru,"Wednesday, November 22, 2017",44.84,46.73,12.04,28.5,26.84,0
Bengaluru,"Thursday, November 23, 2017",38.07,63.39,11.09,28.13,27.21,0
Bengaluru,"Friday, November 24, 2017",17.64,80.23,12.17,30.94,26.78,0
Bengaluru,"Wednesday, December 6, 2017",93.7,92.18,12,28.15,25.89,0
Bengaluru,"Wednesday, January 10, 2018",31.37,71,6.82,20.93,45.45,0
Bengaluru,"Thursday, January 11, 2018",54.32,63.45,11.14,31.34,48.27,0
Bengaluru,"Friday, January 12, 2018",37.55,76.54,8.15,24.24,42.34,0
Bengaluru,"Saturday, January 13, 2018",36.12,98.69,9.71,28.98,41.38,0
Bengaluru,"Monday, January 15, 2018",38.84,100.57,5.56,20.85,33.68,0
Bengaluru,"Tuesday, January 16, 2018",41.35,99.23,7.45,26.35,36.95,0
Bengaluru,"Wednesday, January 17, 2018",46.76,101.11,6.61,23.5,36.51,0
Bengaluru,"Thursday, January 18, 2018",37.73,103.52,6.75,24.32,34.11,0
Bengaluru,"Friday, January 19, 2018",55,92.99,5.92,23.41,36.27,0
Bengaluru,"Saturday, January 20, 2018",33.34,114.17,5.78,23.33,40.27,0
Bengaluru,"Sunday, January 21, 2018",33.55,104.31,4.8,20.26,45.24,0
Bengaluru,"Monday, January 22, 2018",39.03,119.95,3.95,19.57,50.22,0
Bengaluru,"Tuesday, January 23, 2018",48.08,132.27,4.23,20.22,57.58,0
Bengaluru,"Wednesday, January 24, 2018",45.88,125.43,8.52,28.47,68.02,0
Bengaluru,"Thursday, January 25, 2018",39.93,129.02,5.5,20.55,64.75,0
Bengaluru,"Friday, January 26, 2018",39.28,117.17,4.06,18.82,57.65,0
Bengaluru,"Saturday, January 27, 2018",47.03,143.26,5.03,21.59,57.83,0
Bengaluru,"Sunday, January 28, 2018",39.38,124.79,3.93,18.06,58.16,0
Bengaluru,"Monday, January 29, 2018",33.47,114.19,4.67,20.86,60.91,0
Bengaluru,"Tuesday, January 30, 2018",53.56,115.21,4.15,18.96,70.16,0
Bengaluru,"Wednesday, January 31, 2018",37.93,112.97,4.4,20.81,73.36,0
Bengaluru,"Thursday, February 1, 2018",33.99,106.5,9.03,31,81.64,0
Bengaluru,"Saturday, February 3, 2018",28.81,104.97,4.62,19.43,75.86,0
Bengaluru,"Sunday, February 4, 2018",23.31,99.74,4.32,17.81,60.26,0
Bengaluru,"Monday, February 5, 2018",29.23,94.58,5.35,19.56,74.39,0
Bengaluru,"Tuesday, February 6, 2018",32.55,98.75,3.97,17.18,83.02,0
Bengaluru,"Wednesday, February 7, 2018",30.93,95.75,5.67,18.77,89.31,0
Bengaluru,"Thursday, February 8, 2018",35.48,87.19,13.58,32.12,94.19,0
Bengaluru,"Wednesday, March 25, 2020",25.25,48.81,2.62,11.41,11.91,0
Bengaluru,"Thursday, March 26, 2020",27.77,51.53,2.55,10.63,11.25,0
Bengaluru,"Friday, March 27, 2020",27.47,51.79,3.22,11.22,11.09,0
Bengaluru,"Tuesday, March 31, 2020",22.01,48.55,2.9,11.79,10.45,0
Bengaluru,"Wednesday, April 1, 2020",22.54,49.89,2.51,11.6,10.18,0
Bengaluru,"Friday, April 3, 2020",34.12,69.87,2.43,11.07,11.13,0
Bengaluru,"Wednesday, November 25, 2015",34.39,36.29,8.38,32.28,32.75,3
Bengaluru,"Friday, November 27, 2015",44.14,112.78,7.05,27.06,32.33,3
Bengaluru,"Monday, November 30, 2015",15.34,53.7,8.46,24.6,21.4,3
Bengaluru,"Thursday, December 3, 2015",19.86,72.72,11.73,26.85,37.08,3
Bengaluru,"Friday, December 4, 2015",28.35,102.15,13.06,24.78,52.45,3
Bengaluru,"Wednesday, March 16, 2016",76.33,144.2,11.08,26.5,36.52,3
Bengaluru,"Monday, March 21, 2016",121.43,164.52,8.95,35.01,32.86,3
Bengaluru,"Saturday, March 26, 2016",56.05,165.97,6.3,19.1,32.86,3
Bengaluru,"Monday, April 18, 2016",38.81,158.75,5.65,11.74,25.84,3
Bengaluru,"Tuesday, April 19, 2016",34.65,134.47,4.35,9.5,25.01,3
Bengaluru,"Wednesday, April 27, 2016",32.59,56.09,5.91,15.81,19.65,3
Bengaluru,"Saturday, April 30, 2016",46.6,59.08,9.97,21.66,17.48,3
Bengaluru,"Friday, May 6, 2016",23.99,35.12,2.85,11.43,16.79,3
Bengaluru,"Thursday, May 19, 2016",28.47,29.97,2.66,4.62,7.22,3
Bengaluru,"Friday, May 20, 2016",22.27,33.48,2.09,6.35,7.84,3
Bengaluru,"Sunday, June 19, 2016",26.77,105.43,6.42,10.44,31.78,3
Bengaluru,"Wednesday, June 22, 2016",29.83,23.86,5.48,12.97,32.55,3
Bengaluru,"Thursday, June 23, 2016",19,15.46,3.39,9.84,32.35,3
Bengaluru,"Monday, June 27, 2016",16.54,48.92,9.12,19.61,43.21,3
Bengaluru,"Wednesday, June 29, 2016",115.98,17.1,8.59,19.33,44.18,3
Bengaluru,"Sunday, August 14, 2016",21.57,97.04,5.63,7.1,40.59,3
Bengaluru,"Monday, September 26, 2016",16.88,116.82,4.73,2.93,49.59,3
Bengaluru,"Thursday, September 29, 2016",55.24,71,5.51,25.54,36.38,3
Bengaluru,"Wednesday, October 12, 2016",21.3,74.85,9.64,4.89,15.12,3
Bengaluru,"Thursday, October 20, 2016",62.36,181.92,16.5,3.31,15.14,3
Bengaluru,"Tuesday, October 25, 2016",80.99,224.1,14.17,11.88,33.13,3
Bengaluru,"Friday, November 4, 2016",55.92,118.8,12.26,14.38,36.05,3
Bengaluru,"Monday, October 9, 2017",26.08,71.87,9.19,15.19,26.53,3
Bengaluru,"Tuesday, October 17, 2017",27.86,118.88,14.4,21.29,26.83,3
Bengaluru,"Friday, October 20, 2017",79.76,264.9,14.24,22.47,26.81,3
Bengaluru,"Tuesday, October 24, 2017",42.56,176.27,15.76,25.27,26.59,3
Bengaluru,"Thursday, December 7, 2017",70.22,77.97,15.06,31.84,37.81,3
Bengaluru,"Friday, February 9, 2018",37.87,96.52,7.72,26.93,98.39,3
Bengaluru,"Tuesday, July 3, 2018",21.63,62.68,23.02,28.51,20.48,3
Bengaluru,"Wednesday, July 4, 2018",18.55,71.37,17.71,23.4,22.71,3
Bengaluru,"Friday, July 6, 2018",21.44,58.91,17.06,23.64,22.71,3
Bengaluru,"Saturday, July 7, 2018",15.56,38.84,13.94,22.69,22.06,3
Bengaluru,"Sunday, July 8, 2018",22.83,42.49,13.04,19.14,22.05,3
Bengaluru,"Thursday, July 12, 2018",17.82,51.19,15.33,20.39,21.33,3
Bengaluru,"Friday, July 13, 2018",16.63,47.82,12.73,20.25,23.13,3
Bengaluru,"Saturday, July 14, 2018",18.87,60.54,16.04,22.41,21.52,3
Bengaluru,"Monday, July 16, 2018",19.93,47.19,19.67,25.39,21.92,3
Bengaluru,"Tuesday, July 17, 2018",16.98,53.45,10.93,16.7,23.5,3
Bengaluru,"Thursday, July 19, 2018",16.82,43.02,6.33,13.91,20.52,3
Bengaluru,"Friday, July 20, 2018",15.52,41.94,6.5,13.27,20.52,3
Bengaluru,"Saturday, July 21, 2018",17.44,52.67,6.02,13.99,20.49,3
Bengaluru,"Sunday, July 22, 2018",18.63,67.89,5.71,11.91,20.14,3
Bengaluru,"Saturday, July 28, 2018",21.05,64.54,6.85,15.78,18.96,3
Bengaluru,"Sunday, July 29, 2018",20.1,57.53,6.38,14.34,20.18,3
Bengaluru,"Monday, July 30, 2018",22.92,65.5,15.82,23.4,22.04,3
Bengaluru,"Tuesday, July 31, 2018",20.96,67.39,16.68,26.45,22.48,3
Bengaluru,"Wednesday, August 1, 2018",20.59,68.6,17.54,29.88,21.15,3
Bengaluru,"Thursday, August 2, 2018",20.73,68.41,12.55,24.09,20.75,3
Bengaluru,"Saturday, August 4, 2018",27.61,94.02,23.36,31.52,20.08,3
Bengaluru,"Sunday, August 5, 2018",20.75,81.19,17.45,23.82,19.42,3
Bengaluru,"Monday, August 6, 2018",23.63,66.31,18.79,26.37,19.36,3
Bengaluru,"Tuesday, August 7, 2018",18.24,59.59,18.82,26.63,19.67,3
Bengaluru,"Wednesday, August 8, 2018",18.35,43.88,24.08,31.6,19.55,3
Bengaluru,"Thursday, August 9, 2018",17.33,55.07,21.68,28.22,20.98,3
Bengaluru,"Friday, August 10, 2018",18.24,59.31,23.38,29.13,19.74,3
Bengaluru,"Saturday, August 11, 2018",18.6,46.24,23.61,28.96,19.86,3
Bengaluru,"Sunday, August 12, 2018",10.61,35.22,16.83,21.04,18.86,3
Bengaluru,"Monday, August 13, 2018",11.4,39.72,18.47,25.47,18.9,3
Bengaluru,"Tuesday, August 14, 2018",13.1,31.87,20.8,30.21,18.01,3
Bengaluru,"Wednesday, August 15, 2018",15.35,36.24,17.91,26.23,19.41,3
Bengaluru,"Friday, August 24, 2018",18.74,60.28,22.92,34.56,21.91,3
Bengaluru,"Wednesday, August 29, 2018",20.52,49.08,16.42,30.96,21.16,3
Bengaluru,"Tuesday, September 4, 2018",32.78,81.02,21.82,37.81,21.32,3
Bengaluru,"Tuesday, September 11, 2018",30.34,79.46,12.1,35.58,24.82,3
Bengaluru,"Wednesday, September 12, 2018",24.47,73.31,16.57,42.15,22.64,3
Bengaluru,"Thursday, September 13, 2018",29.84,76.26,14.04,39.47,26.39,3
Bengaluru,"Friday, September 14, 2018",27.72,76.6,14.95,42.26,30.61,3
Bengaluru,"Saturday, September 15, 2018",24.1,56.2,15.31,41.69,26.97,3
Bengaluru,"Sunday, September 16, 2018",24.43,55.34,26.3,46.22,25.87,3
Bengaluru,"Monday, September 17, 2018",19.03,49.62,23.91,41.59,23.55,3
Bengaluru,"Thursday, September 20, 2018",25.55,74.65,28.53,54.46,20.6,3
Bengaluru,"Saturday, September 22, 2018",24.45,80.93,21.53,40.33,20.87,3
Bengaluru,"Monday, September 24, 2018",22.6,56.12,16.43,37.99,22.95,3
Bengaluru,"Tuesday, September 25, 2018",26.76,63.24,19.45,45.05,20.27,3
Bengaluru,"Wednesday, September 26, 2018",31.25,76.66,12.51,32.14,17.5,3
Bengaluru,"Thursday, September 27, 2018",29.24,72.24,13.98,37.06,14.07,3
Bengaluru,"Wednesday, October 10, 2018",40.93,109.21,18.56,47.59,14.9,3
Bengaluru,"Sunday, October 28, 2018",37.32,96.1,15.03,47.93,19.55,3
Bengaluru,"Tuesday, October 30, 2018",40.12,109.55,31.63,73.78,19.22,3
Bengaluru,"Wednesday, October 31, 2018",40.02,106.07,16.33,46.05,20.09,3
Bengaluru,"Saturday, November 10, 2018",50.36,88.44,14.78,39.15,17.41,3
Bengaluru,"Sunday, November 11, 2018",55.48,101.12,16.45,43.57,17.68,3
Bengaluru,"Tuesday, December 11, 2018",88.98,177.97,12.13,39.46,20.08,3
Bengaluru,"Wednesday, December 12, 2018",78.59,142.62,11.17,39.8,19.75,3
Bengaluru,"Monday, December 17, 2018",86.94,140.52,39.83,76.09,18.74,3
Bengaluru,"Wednesday, December 19, 2018",61.84,132.37,15.76,47.55,21.56,3
Bengaluru,"Friday, December 21, 2018",51.63,106.8,22.16,48.19,18.56,3
Bengaluru,"Tuesday, January 22, 2019",72.45,136.15,18.68,46.61,17.27,3
Bengaluru,"Friday, February 1, 2019",49.67,99.62,9.15,33.41,14.68,3
Bengaluru,"Saturday, February 16, 2019",45.37,98.49,21.59,44.47,16.77,3
Bengaluru,"Sunday, February 17, 2019",47.43,108.7,23.61,44.8,17.77,3
Bengaluru,"Monday, February 18, 2019",42.92,104.51,29.45,54.29,17.16,3
Bengaluru,"Sunday, March 10, 2019",39.45,85.59,3.31,16.78,14.76,3
Bengaluru,"Monday, March 11, 2019",34.4,79.55,4.31,19.58,13.93,3
Bengaluru,"Saturday, April 13, 2019",47.24,98.37,7.1,28.27,17.8,3
Bengaluru,"Tuesday, April 16, 2019",40.54,94.39,9.56,32.87,15.47,3
Bengaluru,"Wednesday, April 17, 2019",52.84,97.64,11.81,33.1,17.54,3
Bengaluru,"Thursday, April 18, 2019",46.1,72.34,12.61,31.8,17.34,3
Bengaluru,"Friday, April 19, 2019",42.33,63.83,6.84,25.65,18.08,3
Bengaluru,"Saturday, April 20, 2019",29.75,73.46,7.33,28.96,16.99,3
Bengaluru,"Monday, April 22, 2019",40.9,92.48,8.46,29.57,19.12,3
Bengaluru,"Wednesday, April 24, 2019",42.76,85.7,6.94,29.39,16.2,3
Bengaluru,"Thursday, April 25, 2019",57.96,109.49,8.23,32.06,16.84,3
Bengaluru,"Friday, April 26, 2019",63.83,109.42,5.79,27.21,18.21,3
Bengaluru,"Sunday, April 28, 2019",61.63,117.36,6.47,28.62,17.46,3
Bengaluru,"Monday, April 29, 2019",62.42,108.27,6.84,27.53,18.56,3
Bengaluru,"Monday, May 6, 2019",52.76,106.65,7.47,27.94,17.25,3
Bengaluru,"Tuesday, May 7, 2019",42.61,87.52,10.42,27.32,16.41,3
Bengaluru,"Saturday, May 11, 2019",40.38,93.84,6.49,24.4,17.05,3
Bengaluru,"Sunday, May 12, 2019",34.41,93.08,9.18,28.06,16.1,3
Bengaluru,"Monday, May 13, 2019",32.08,86.2,5.34,22.24,13.94,3
Bengaluru,"Tuesday, May 14, 2019",31.91,88.8,6.66,24.52,15.95,3
Bengaluru,"Sunday, May 19, 2019",51.35,101.63,8.15,25.63,18.52,3
Bengaluru,"Monday, May 20, 2019",46.82,105.55,8.15,28.8,18.13,3
Bengaluru,"Thursday, May 23, 2019",43.26,97.98,12.96,35.36,17.81,3
Bengaluru,"Friday, May 24, 2019",35.93,75.5,6.87,26.04,16.8,3
Bengaluru,"Monday, May 27, 2019",25.77,59.78,8.57,30.96,16.1,3
Bengaluru,"Tuesday, May 28, 2019",38.91,84.93,7.84,25.24,16.8,3
Bengaluru,"Sunday, June 16, 2019",22.01,56.08,6.47,21.24,12.87,3
Bengaluru,"Monday, June 17, 2019",25.77,64.03,8.35,25.92,13.23,3
Bengaluru,"Wednesday, June 19, 2019",25.41,60.88,7.2,23.52,12.07,3
Bengaluru,"Monday, June 24, 2019",18.54,44.9,6.3,22.49,13.29,3
Bengaluru,"Wednesday, June 26, 2019",34.69,61.12,7.53,24.94,13.32,3
Bengaluru,"Thursday, July 18, 2019",30.97,62.36,9.88,28.31,14.47,3
Bengaluru,"Tuesday, August 20, 2019",18.28,48.73,9.79,28.57,14.41,3
Bengaluru,"Friday, September 6, 2019",15.34,44.08,8.05,20.57,9.22,3
Bengaluru,"Monday, September 23, 2019",24.78,50.88,17.22,48.69,16.87,3
Bengaluru,"Friday, September 27, 2019",32.55,75.73,10.14,32.03,14.16,3
Bengaluru,"Thursday, October 3, 2019",26.79,52.83,12.09,37.85,15.48,3
Bengaluru,"Saturday, October 12, 2019",38.44,75.75,10.61,32.46,17.39,3
Bengaluru,"Monday, October 14, 2019",22.61,52.98,16.56,35.28,17.97,3
Bengaluru,"Tuesday, October 15, 2019",24.94,57.89,16.25,34.84,18.72,3
Bengaluru,"Thursday, October 17, 2019",19.3,48.38,17.76,35.63,17.01,3
Bengaluru,"Friday, October 18, 2019",25.83,52.13,11.2,26.37,15.22,3
Bengaluru,"Tuesday, October 22, 2019",16.46,35.11,13.68,29.48,14.84,3
Bengaluru,"Sunday, November 3, 2019",40,71.78,11.18,27.98,18,3
Bengaluru,"Wednesday, November 6, 2019",94.17,142.05,26.51,53.01,20.6,3
Bengaluru,"Sunday, November 10, 2019",52.86,102.92,11.34,31.84,20.13,3
Bengaluru,"Friday, November 15, 2019",26.33,65.78,15.95,38.17,18.25,3
Bengaluru,"Thursday, November 21, 2019",42.28,78.55,14.45,39.94,17.57,3
Bengaluru,"Friday, January 17, 2020",34.68,85.16,12.3,43.73,13.59,3
Bengaluru,"Friday, February 7, 2020",49.51,103.19,5.71,32.33,14.44,3
Bengaluru,"Saturday, February 8, 2020",45.3,106.63,5.64,30.83,13.5,3
Bengaluru,"Wednesday, February 12, 2020",32.82,72.71,6.23,27.32,12.02,3
Bengaluru,"Thursday, February 20, 2020",47.86,95.51,7.98,34.36,13.9,3
Bengaluru,"Saturday, March 14, 2020",29.97,72.04,5.47,28.63,10.8,3
Bengaluru,"Sunday, March 15, 2020",33.96,72.17,4.07,23.19,11.55,3
Bengaluru,"Monday, March 16, 2020",26.15,71.05,4.54,23.54,11.07,3
Bengaluru,"Tuesday, March 17, 2020",24.15,77.96,4.75,22.33,10.48,3
Bengaluru,"Wednesday, March 18, 2020",29.66,72.55,4.54,25.9,11.06,3
Bengaluru,"Sunday, April 5, 2020",30.26,67.3,2.48,11.62,11.08,3
Bengaluru,"Wednesday, April 22, 2020",19.95,50.26,2.71,11.49,8.33,3
Bengaluru,"Thursday, April 23, 2020",26.1,48.49,2.9,13.28,8.44,3
Bengaluru,"Friday, April 24, 2020",26.25,65.58,3.38,15.61,9.74,3
Bengaluru,"Thursday, May 14, 2020",24.81,58.72,3.9,16.02,10.15,3
Bengaluru,"Monday, June 1, 2020",9.16,22.16,2.64,9.4,5.7,3
Bengaluru,"Tuesday, June 2, 2020",8.95,19.43,3.09,10.18,5.13,3
Bengaluru,"Wednesday, June 3, 2020",9.69,19.34,4.22,10.9,4.92,3
Bengaluru,"Thursday, June 4, 2020",10.91,30.11,7.19,13.01,4.78,3
Bengaluru,"Sunday, June 7, 2020",17.6,45.11,3.45,12.94,5.31,3
Bengaluru,"Monday, June 8, 2020",20.16,48.85,4.64,15.43,5.22,3
Bengaluru,"Tuesday, June 9, 2020",21.7,52.5,4.65,16.43,5.64,3
Bengaluru,"Friday, June 12, 2020",16.84,35.21,5.17,15.48,5.93,3
Bengaluru,"Wednesday, June 17, 2020",18.29,56.47,5.9,17.22,6.48,3
Kolkata,"Sunday, April 15, 2018",30.28,54.89,2.49,45.52,2.87,3
Kolkata,"Saturday, May 19, 2018",8.61,27.5,13.52,51.04,14.51,4
Kolkata,"Monday, June 4, 2018",4.99,12.03,58.72,37.34,7.2,4
Kolkata,"Thursday, June 7, 2018",3.56,7.12,31.84,52.07,20.31,12
Kolkata,"Friday, June 15, 2018",51.23,133.18,,34.66,10.5,0
Kolkata,"Sunday, June 17, 2018",45.04,107.03,6.32,47.18,4.9,3
Kolkata,"Monday, June 18, 2018",50.1,105.68,3.23,36.5,8.55,3
Kolkata,"Wednesday, June 20, 2018",24.44,53.19,5.77,43.79,9.14,3
Kolkata,"Thursday, June 21, 2018",31.68,60.16,4.46,43.04,6.52,6
Kolkata,"Friday, June 22, 2018",25.22,48.96,0.99,29.07,6.53,3
Kolkata,"Saturday, June 23, 2018",22.95,44.58,1.14,26.85,5.38,3
Kolkata,"Monday, June 25, 2018",28.6,45.36,1.95,45.37,3.62,4
Kolkata,"Tuesday, June 26, 2018",30.5,46.08,1.27,38.33,3.19,4
Kolkata,"Wednesday, June 27, 2018",22.66,33.83,2.13,31.65,3.68,5
Kolkata,"Tuesday, July 3, 2018",27.81,50.73,4.36,33.96,1.65,3
Kolkata,"Wednesday, July 4, 2018",33.61,53.17,7.07,38.44,3.36,3
Kolkata,"Thursday, July 5, 2018",42.66,47.83,7.93,48.15,25.45,3
Kolkata,"Friday, July 6, 2018",40.26,65.18,6.53,55.18,1.52,12
Kolkata,"Saturday, July 7, 2018",18.54,37.89,8.62,39.9,4.06,3
Kolkata,"Monday, July 9, 2018",15.7,30.91,9.46,43.82,3.46,5
Kolkata,"Tuesday, July 10, 2018",18.81,38.66,7.32,42.01,1.93,4
Kolkata,"Thursday, July 12, 2018",18.38,36.92,4.68,32.37,11.69,3
Kolkata,"Friday, July 13, 2018",13.55,40.49,7.16,34.51,10.37,3
Kolkata,"Saturday, July 14, 2018",12.25,30.87,4.49,26.11,9.79,4
Kolkata,"Tuesday, July 17, 2018",12.9,28.06,7.34,39.08,8.99,4
Kolkata,"Wednesday, July 18, 2018",14.91,29.44,5.89,34.29,10.72,3
Kolkata,"Thursday, July 19, 2018",16.16,33.09,9.08,37.31,6.39,6
Kolkata,"Friday, July 20, 2018",17.75,37.53,6.68,34.09,6.78,11
Kolkata,"Sunday, July 22, 2018",6.68,12.6,3.4,20.14,4.9,11
Kolkata,"Wednesday, July 25, 2018",32.59,62.02,8.52,48.06,1.93,11
Kolkata,"Thursday, July 26, 2018",23.63,37.21,11.55,42.93,2.47,10
Kolkata,"Friday, July 27, 2018",28.19,45.99,15.32,50.05,4.07,10
Kolkata,"Saturday, July 28, 2018",40.4,65.45,10.06,49.56,4.21,12
Kolkata,"Sunday, July 29, 2018",44.14,66.64,25.27,57.51,3.39,12
Kolkata,"Thursday, August 2, 2018",33.29,64.64,4.48,35.7,8.69,12
Kolkata,"Friday, August 3, 2018",41.84,86.59,8.4,43.84,6.62,10
Kolkata,"Saturday, August 4, 2018",42.38,80.48,5.55,37.31,6.73,11
Kolkata,"Sunday, August 5, 2018",33.39,57.79,8.47,43.75,5.99,17
Kolkata,"Monday, August 6, 2018",33.48,67.16,14.37,49.93,7.44,15
Kolkata,"Tuesday, August 7, 2018",15.58,34.3,5.41,33.1,5.44,14
Kolkata,"Wednesday, August 8, 2018",18.05,36.65,5.88,34.38,14.51,11
Kolkata,"Thursday, August 9, 2018",17.7,39.71,7.34,42.47,11.48,12
Kolkata,"Friday, August 10, 2018",22.57,46.16,5.46,39.32,9.57,11
Kolkata,"Saturday, August 11, 2018",19.17,41.21,5.27,30.21,9.27,13
Kolkata,"Sunday, August 12, 2018",16.08,35.46,5.94,28.08,8.89,14
Kolkata,"Monday, August 13, 2018",14.69,29.3,7.33,39,18.23,10
Kolkata,"Tuesday, August 14, 2018",11.39,26.66,7.84,35.24,10.73,10
Kolkata,"Wednesday, August 15, 2018",6.93,19.88,4.24,23.01,11.82,12
Kolkata,"Thursday, August 16, 2018",12.13,31.55,24.49,50.75,13.46,10
Kolkata,"Friday, August 17, 2018",16.13,35.59,5.86,35.8,10.77,12
Kolkata,"Saturday, August 18, 2018",17,39.15,7.18,37.37,13.07,10
Kolkata,"Sunday, August 19, 2018",27.16,54.35,11.16,48.49,10.9,11
Kolkata,"Tuesday, August 21, 2018",8.15,25.76,6.41,34.06,14.38,10
Kolkata,"Thursday, August 23, 2018",30.55,48.8,4.04,35.54,8.77,10
Kolkata,"Saturday, August 25, 2018",20.94,39.66,9.95,41.87,7.49,11
Kolkata,"Sunday, August 26, 2018",7.93,25.17,3.4,18.28,7.25,11
Kolkata,"Monday, August 27, 2018",7.05,26.27,5.23,26.22,8.73,10
Kolkata,"Thursday, August 30, 2018",29.25,46.54,4.64,48.61,10.49,7
Kolkata,"Saturday, September 1, 2018",12.81,29.29,4.86,36.31,14.9,6
Kolkata,"Sunday, September 2, 2018",17.66,28.39,4.15,36.56,14.17,10
Kolkata,"Sunday, September 16, 2018",61.52,98.68,24.65,61.31,10.18,10
Kolkata,"Monday, September 17, 2018",66.04,108.13,14.92,48.96,12.37,10
Kolkata,"Wednesday, September 19, 2018",63.91,113.28,9.15,47.77,16.55,6
Kolkata,"Thursday, September 20, 2018",19.06,35,7.23,36.65,11.32,7
Kolkata,"Friday, September 21, 2018",7.63,15.53,3.36,23.36,10.34,7
Kolkata,"Monday, September 24, 2018",21.67,46.6,4.62,30.76,11.21,7
Kolkata,"Tuesday, September 25, 2018",35.85,63.79,10.5,53.11,7.76,7
Kolkata,"Friday, October 5, 2018",91.06,147.47,69.15,108.15,15.54,10
Kolkata,"Saturday, October 6, 2018",99.65,161.16,78.93,127.37,14.98,11
Kolkata,"Sunday, October 7, 2018",101.69,161.62,94.74,144.4,11.16,11
Kolkata,"Monday, October 8, 2018",102.72,169.29,92.72,152.52,13.55,7
Kolkata,"Tuesday, October 9, 2018",49.4,91.84,7.62,48.97,15.7,7
Kolkata,"Thursday, October 11, 2018",8.51,19.92,6.78,26.49,15.34,6
Kolkata,"Friday, October 12, 2018",17.35,36.08,6.07,27.88,15.68,7
Kolkata,"Monday, October 15, 2018",48.46,76.41,11.78,46.1,16.14,6
Kolkata,"Wednesday, October 17, 2018",86.87,133.92,102.06,120.23,11.86,10
Kolkata,"Sunday, October 21, 2018",97.88,151.9,57.8,103.51,9.82,11
Kolkata,"Friday, October 26, 2018",123.38,203.94,149.44,236.88,17.84,12
Kolkata,"Saturday, October 27, 2018",106.58,165.18,127.22,196.43,19.28,13
Kolkata,"Sunday, October 28, 2018",83.47,140.86,57.37,115.96,21.67,10
Kolkata,"Sunday, November 4, 2018",30.55,51.67,3.55,45.91,17.79,7
Kolkata,"Monday, November 5, 2018",32.08,56.14,4.79,51.42,13.55,7
Kolkata,"Tuesday, November 6, 2018",102.66,136.51,12.66,69.23,13.23,11
Kolkata,"Wednesday, November 7, 2018",233.1,264.82,23.69,84.99,22.69,10
Kolkata,"Thursday, November 8, 2018",276.33,360.75,24.08,89.73,29.86,10
Kolkata,"Saturday, November 10, 2018",171.76,266.69,40.39,102.93,40.26,12
Kolkata,"Sunday, November 11, 2018",132.37,210.28,57.51,98.81,42.32,10
Kolkata,"Monday, November 12, 2018",143.84,262.32,104.26,138.99,56.28,19
Kolkata,"Tuesday, November 13, 2018",183.64,294.5,110.36,165.31,23.48,26
Kolkata,"Wednesday, November 14, 2018",190.03,293.29,44.82,126.75,31.77,28
Kolkata,"Thursday, November 15, 2018",172.8,299.16,17.72,107.85,31.5,24
Kolkata,"Friday, November 16, 2018",142.65,263.76,18.97,107.78,50.87,35
Kolkata,"Saturday, November 17, 2018",131.5,237.02,33.2,116.07,47.97,22
Kolkata,"Sunday, November 18, 2018",156.47,257.04,33.08,96.46,30.69,20
Kolkata,"Monday, November 19, 2018",130.82,217.97,56.77,130.46,42.28,25
Kolkata,"Tuesday, November 20, 2018",160.56,241.45,116.81,194.43,48.37,40
Kolkata,"Wednesday, November 21, 2018",154.97,230.9,98.61,116.07,36.62,24
Kolkata,"Thursday, November 22, 2018",199.32,331.35,158.67,205,53.8,34
Kolkata,"Friday, November 23, 2018",187.21,297.11,57.74,131.96,55.7,25
Kolkata,"Saturday, November 24, 2018",206.07,347.61,122.03,162.28,68.52,32
Kolkata,"Sunday, November 25, 2018",243.93,378.31,107.88,154.73,41.36,36
Kolkata,"Monday, November 26, 2018",164.48,272.33,71.9,119.59,40,22
Kolkata,"Tuesday, November 27, 2018",99.56,175.44,83.37,138.81,38.8,23
Kolkata,"Wednesday, November 28, 2018",98.39,161.2,103.73,154.33,39.93,30
Kolkata,"Thursday, November 29, 2018",105.53,176.31,134.88,176.65,45.72,32
Kolkata,"Friday, November 30, 2018",116.97,218.42,85.43,146.49,44.97,31
Kolkata,"Saturday, December 1, 2018",153.41,254.9,91.62,163.69,51.49,35
Kolkata,"Sunday, December 2, 2018",153.39,237.95,68.54,111.44,41.01,20
Kolkata,"Monday, December 3, 2018",168.37,285.2,118.78,176.95,44.92,19
Kolkata,"Tuesday, December 4, 2018",183.93,316.43,95.48,168.94,18.63,30
Kolkata,"Wednesday, December 5, 2018",239.87,371.23,134.5,191.3,25.56,28
Kolkata,"Thursday, December 6, 2018",220.71,349.49,79.46,174.32,38.68,29
Kolkata,"Friday, December 7, 2018",267.93,418.89,135.62,231.23,49.27,49
Kolkata,"Saturday, December 8, 2018",253.8,388.94,77.04,182.55,41.99,38
Kolkata,"Sunday, December 9, 2018",227.13,386.88,134.63,214.57,35.12,22
Kolkata,"Monday, December 10, 2018",199.91,358.27,134.22,204.4,54.08,24
Kolkata,"Tuesday, December 11, 2018",211.39,343.07,146.16,222.15,60.72,38
Kolkata,"Wednesday, December 12, 2018",183.49,306.69,84.94,155.08,44.28,23
Kolkata,"Thursday, December 13, 2018",130.86,227.88,48.88,123.37,46.04,18
Kolkata,"Friday, December 14, 2018",130.09,225.36,30.36,96.56,40.07,17
Kolkata,"Saturday, December 15, 2018",133.61,228.39,28.85,104.53,38,16
Kolkata,"Sunday, December 16, 2018",121.38,219.86,22.3,87.91,35.79,12
Kolkata,"Monday, December 17, 2018",116.95,187.51,9.02,63.69,41.99,11
Kolkata,"Wednesday, December 19, 2018",74.22,121.56,53.09,103.22,35.2,12
Kolkata,"Thursday, December 20, 2018",122.11,198.5,91.72,154.02,39.93,17
Kolkata,"Friday, December 21, 2018",204.44,325.61,156.68,221.78,55.48,33
Kolkata,"Saturday, December 22, 2018",231.21,349.32,94.83,183.08,24.58,35
Kolkata,"Sunday, December 23, 2018",204.65,303.95,63.6,148.17,22.33,18
Kolkata,"Monday, December 24, 2018",177.51,264.89,70.02,154.22,16.92,18
Kolkata,"Tuesday, December 25, 2018",209.44,341.74,128.06,216.5,11.43,22
Kolkata,"Wednesday, December 26, 2018",197.41,311.48,110.71,194.51,15.89,21
Kolkata,"Thursday, December 27, 2018",258.54,384.73,131.35,222.65,15.6,39
Kolkata,"Friday, December 28, 2018",222.12,336.24,89.06,202.67,18.61,25
Kolkata,"Saturday, December 29, 2018",237.11,348.02,121.27,224.02,17.35,21
Kolkata,"Sunday, December 30, 2018",187.3,285.55,33.43,136.55,21.86,10
Kolkata,"Monday, December 31, 2018",177.21,276.41,62.52,130.83,21.22,19
Kolkata,"Tuesday, January 1, 2019",209.31,326.78,77.81,181.53,22.05,27
Kolkata,"Wednesday, January 2, 2019",172.39,261.09,68.97,174.35,22.9,26
Kolkata,"Thursday, January 3, 2019",244.09,381.78,180,293.1,17.46,39
Kolkata,"Friday, January 4, 2019",264.84,385.24,88.23,155.73,27.33,35
Kolkata,"Saturday, January 5, 2019",219.26,332.24,107.44,188.3,27.42,34
Kolkata,"Sunday, January 6, 2019",159.43,252.16,79.2,165.36,25.95,22
Kolkata,"Monday, January 7, 2019",158.89,263.39,123.86,204.26,25.3,28
Kolkata,"Tuesday, January 8, 2019",175.47,265.22,114.38,168.48,26.49,43
Kolkata,"Wednesday, January 9, 2019",189.25,283.42,133.55,177.89,26.33,36
Kolkata,"Thursday, January 10, 2019",227.08,326.44,96.3,176.34,23.65,36
Kolkata,"Friday, January 11, 2019",211.01,317.78,100.51,188.16,25.53,42
Kolkata,"Saturday, January 12, 2019",264.75,385.31,152.42,244.34,28.39,53
Kolkata,"Sunday, January 13, 2019",219.44,318.17,96.56,168.99,26.79,25
Kolkata,"Monday, January 14, 2019",282.9,417.05,155.42,252.14,28.07,37
Kolkata,"Tuesday, January 15, 2019",217.59,320.85,76.15,151.68,37.09,38
Kolkata,"Wednesday, January 16, 2019",157.3,255.7,76.58,129.08,42.75,21
Kolkata,"Thursday, January 17, 2019",208.75,348.3,140.27,189.6,52.08,37
Kolkata,"Friday, January 18, 2019",230.95,363.72,75.22,185.42,47.43,42
Kolkata,"Saturday, January 19, 2019",269.06,394.67,95.75,210.46,51.51,62
Kolkata,"Sunday, January 20, 2019",252.42,392,161.72,207.49,46.52,36
Kolkata,"Monday, January 21, 2019",266.1,419.43,155.98,237.22,54.25,44
Kolkata,"Tuesday, January 22, 2019",304.74,469.32,197.73,236.91,55.15,54
Kolkata,"Wednesday, January 23, 2019",282.8,396.97,163.39,213.42,31.01,48
Kolkata,"Thursday, January 24, 2019",214.45,322.12,142.88,220.84,34.88,43
Kolkata,"Friday, February 1, 2019",163.65,273.34,76.7,171.45,24.97,0
Kolkata,"Saturday, February 2, 2019",207.09,322.73,82.5,173.02,26.82,5
Kolkata,"Sunday, February 3, 2019",183.64,336.02,117.42,189.74,24.83,10
Kolkata,"Tuesday, February 5, 2019",169.86,290.85,127.55,194,25.08,10
Kolkata,"Thursday, February 7, 2019",180.67,295.97,99.12,210.32,35.17,13
Kolkata,"Friday, February 8, 2019",153.28,264.95,36.39,144.8,37.98,6
Kolkata,"Saturday, February 9, 2019",113.11,167.61,3.03,53.9,34.76,5
Kolkata,"Sunday, February 10, 2019",57.85,112.72,5.17,71.46,28.27,5
Kolkata,"Monday, February 11, 2019",90.05,161.6,25.58,112.75,30.21,5
Kolkata,"Tuesday, February 12, 2019",125.98,212.8,62.07,161.49,29.97,7
Kolkata,"Thursday, February 14, 2019",195.34,345.73,70.98,165.88,62.5,10
Kolkata,"Friday, February 15, 2019",206.83,339.86,100.18,193.43,85.39,11
Kolkata,"Saturday, February 16, 2019",115.8,208.77,58.12,157.32,60.77,6
Kolkata,"Sunday, February 17, 2019",96.52,160.84,19.6,106.35,48.23,5
Kolkata,"Tuesday, February 19, 2019",152.16,245.83,68.47,170.14,56.64,11
Kolkata,"Wednesday, February 20, 2019",95.73,159.86,19.29,87.32,55.99,7
Kolkata,"Thursday, February 21, 2019",157.09,272.5,65.58,168.78,54.45,10
Kolkata,"Friday, February 22, 2019",94.94,158.75,17.21,93.64,50.78,7
Kolkata,"Saturday, February 23, 2019",106.79,193.57,38.4,116.67,60.9,10
Kolkata,"Monday, February 25, 2019",81.45,131.38,7.75,85.86,46.3,7
Kolkata,"Tuesday, February 26, 2019",49.4,75.42,6.05,59.51,38.37,7
Kolkata,"Wednesday, February 27, 2019",28.96,42.82,6.07,58.94,34.33,11
Kolkata,"Thursday, February 28, 2019",36.08,52.25,15.77,72.67,32.36,12
Kolkata,"Friday, March 1, 2019",60.77,107.96,39.04,112.11,32.18,12
Kolkata,"Saturday, March 2, 2019",85.85,146.83,69.36,145.9,41.52,16
Kolkata,"Sunday, March 3, 2019",114.86,202.87,81.89,184.71,53.32,19
Kolkata,"Monday, March 4, 2019",97.47,170.15,5.3,76.91,43.07,12
Kolkata,"Tuesday, March 5, 2019",56.44,109.62,7.58,64.23,38.38,13
Kolkata,"Wednesday, March 6, 2019",73.88,124.15,8.96,63.38,37.14,12
Kolkata,"Thursday, March 7, 2019",89.06,167.12,31.13,105.76,41.93,18
Kolkata,"Friday, March 8, 2019",82.36,165.43,36.63,144.29,46.74,22
Kolkata,"Saturday, March 9, 2019",85.52,175.94,14.25,114.58,43.19,16
Kolkata,"Monday, March 11, 2019",64.17,127.44,8.48,62.74,35.33,11
Kolkata,"Tuesday, March 12, 2019",90,154.9,7.55,68.37,27.17,13
Kolkata,"Wednesday, March 13, 2019",68.87,119.24,5.98,59.13,25.73,10
Kolkata,"Friday, March 15, 2019",88.46,155.33,9.15,94.18,29.01,10
Kolkata,"Saturday, March 16, 2019",52.9,100.16,10.84,91.18,29.14,13
Kolkata,"Sunday, March 17, 2019",75.4,132.31,4.99,59.27,28.02,10
Kolkata,"Monday, March 18, 2019",48.07,108.15,14.27,105.42,26.32,15
Kolkata,"Tuesday, March 19, 2019",60.48,103.34,4.17,68.85,25.75,11
Kolkata,"Wednesday, March 20, 2019",67.03,118,8.28,75.71,25.01,11
Kolkata,"Thursday, March 21, 2019",60.11,97.86,3.44,38.61,21.34,7
Kolkata,"Friday, March 22, 2019",50.03,83.88,4.16,43.6,21.23,6
Kolkata,"Saturday, March 23, 2019",67.63,122.27,38.18,127.95,21.67,19
Kolkata,"Sunday, March 24, 2019",81.82,152.03,46.02,139.59,25.66,15
Kolkata,"Monday, March 25, 2019",100.22,210.26,62.22,171.26,35.33,19
Kolkata,"Wednesday, March 27, 2019",62.36,134.81,5.58,77.2,26.15,13
Kolkata,"Thursday, March 28, 2019",61.16,119.54,5.12,54.09,26.26,11
Kolkata,"Friday, March 29, 2019",53.72,103.52,5.72,47,24.11,10
Kolkata,"Sunday, March 31, 2019",50.23,92.3,4.56,31.47,19.37,6
Kolkata,"Monday, April 1, 2019",27.98,57.67,3.71,28.93,21.12,6
Kolkata,"Tuesday, April 2, 2019",47.53,89.35,5.26,40.57,19.12,10
Kolkata,"Wednesday, April 3, 2019",43.55,90.75,4.31,28.83,18.48,10
Kolkata,"Saturday, April 6, 2019",41.82,82.13,9.49,59.35,20.13,10
Kolkata,"Sunday, April 7, 2019",33.47,58.14,3.97,42.44,20.1,7
Kolkata,"Tuesday, April 9, 2019",36.38,65.76,5.1,43.97,19.69,10
Kolkata,"Wednesday, April 10, 2019",30.36,55.27,5.91,48.41,19.36,13
Kolkata,"Sunday, April 14, 2019",37.68,63.15,3.1,24.9,17.45,7
Kolkata,"Monday, April 15, 2019",37.91,67.16,3.62,25.66,14.29,7
Kolkata,"Thursday, April 18, 2019",76.6,171.99,9.55,57.95,35.59,15
Kolkata,"Friday, April 19, 2019",77.82,151.69,4.91,54.13,34.68,16
Kolkata,"Sunday, April 21, 2019",41.44,75.8,2.73,23.98,27.13,5
Kolkata,"Monday, April 22, 2019",47.76,85.76,3.57,40.14,29.99,7
Kolkata,"Tuesday, April 23, 2019",38.95,72.86,4.25,42.83,28.6,11
Kolkata,"Saturday, April 27, 2019",46.78,89.61,4.49,30.78,20.64,10
Kolkata,"Sunday, April 28, 2019",37.93,77.14,4.58,23.38,15.87,7
Kolkata,"Tuesday, April 30, 2019",24.32,141.78,5.54,25.85,10.87,10
Kolkata,"Wednesday, May 1, 2019",19.24,94.91,5.14,25.54,13.34,7
Kolkata,"Thursday, May 2, 2019",17.81,83.54,4.57,26.14,13.63,7
Kolkata,"Friday, May 3, 2019",16.59,56.12,3.37,19.09,13.3,6
Kolkata,"Saturday, May 4, 2019",22.34,39.22,5.73,31.4,12.25,7
Kolkata,"Sunday, May 5, 2019",55.45,108.43,18.33,52.48,6.14,12
Kolkata,"Tuesday, May 7, 2019",61.78,126.2,3.01,23.38,5.49,10
Kolkata,"Wednesday, May 8, 2019",67.4,133,3.64,24.77,4.85,10
Kolkata,"Thursday, May 9, 2019",66.57,132.1,2.95,20.84,4.74,5
Kolkata,"Sunday, May 12, 2019",53.61,109.67,2.71,12.6,7.85,4
Kolkata,"Monday, May 13, 2019",47.28,97.99,2.79,13.4,6.27,5
Kolkata,"Tuesday, May 14, 2019",37.4,82.31,3.16,18.51,7.8,7
Kolkata,"Wednesday, May 15, 2019",42.19,88.6,3.26,22.07,6.9,12
Kolkata,"Thursday, May 16, 2019",44.95,87.16,3.14,22.06,7.11,10
Kolkata,"Friday, May 17, 2019",52.68,96.98,3.25,19.35,6.73,12
Kolkata,"Sunday, May 19, 2019",51.42,96.62,3.45,13.94,7.14,5
Kolkata,"Tuesday, May 21, 2019",38.55,88.64,3.42,15.96,5.18,11
Kolkata,"Friday, May 24, 2019",33.18,79.78,3.6,18.12,6.43,11
Kolkata,"Saturday, May 25, 2019",30.37,66.61,3.69,20.42,7,12
Kolkata,"Monday, May 27, 2019",47.25,92.1,3.36,16.86,6.88,11
Kolkata,"Tuesday, May 28, 2019",43.54,89.93,3.48,16.41,6.77,10
Kolkata,"Wednesday, May 29, 2019",44.23,87.26,2.7,14.49,5.26,12
Kolkata,"Thursday, May 30, 2019",37.55,77.52,3.12,15.27,5.43,11
Kolkata,"Friday, May 31, 2019",31.79,71.66,4.08,13.98,5.67,27
Kolkata,"Saturday, June 1, 2019",36.25,69.53,3.74,20.47,4.15,76
Kolkata,"Sunday, June 2, 2019",28.84,57.42,10.7,23.31,5.08,7
Kolkata,"Monday, June 3, 2019",31.32,57.27,4.62,23.85,4.51,10
Kolkata,"Tuesday, June 4, 2019",31.93,60.06,7.66,23.2,4.6,24
Kolkata,"Wednesday, June 5, 2019",27.66,47.01,4.04,19.24,5,65
Kolkata,"Thursday, June 6, 2019",20.3,34.49,5.7,21.88,4.83,47
Kolkata,"Friday, June 7, 2019",19.04,33.84,5.92,21.69,4.5,10
Kolkata,"Saturday, June 8, 2019",15.87,29.35,7.36,20.32,4.49,6
Kolkata,"Monday, June 10, 2019",34.28,62.72,5.7,15.42,4.09,7
Kolkata,"Tuesday, June 11, 2019",31.04,58.4,17.04,31.43,5.64,7
Kolkata,"Wednesday, June 12, 2019",32.61,64.75,4.36,13.89,3.7,5
Kolkata,"Friday, June 14, 2019",52.05,89.17,6.14,25.68,4.35,7
Kolkata,"Saturday, June 15, 2019",37.14,65.3,9.93,28.59,4.88,6
Kolkata,"Sunday, June 16, 2019",31.52,60.8,5.08,17.01,3.76,5
Kolkata,"Tuesday, June 18, 2019",48.86,86.87,6.12,29.01,4.27,6
Kolkata,"Friday, June 21, 2019",19.24,38.81,3.69,23.52,7.04,6
Kolkata,"Saturday, June 22, 2019",19.23,36.22,11.63,28.31,8.33,7
Kolkata,"Sunday, June 23, 2019",17.54,35.32,18.47,28.63,8.49,5
Kolkata,"Monday, June 24, 2019",26.09,53.43,5.97,21.56,6.98,6
Kolkata,"Tuesday, June 25, 2019",21.93,52.12,9.22,18.13,9.67,5
Kolkata,"Saturday, June 29, 2019",44.03,76.1,6.27,27.27,9.08,11
Kolkata,"Sunday, June 30, 2019",47.54,82.48,12.15,36.89,8.65,12
Kolkata,"Tuesday, July 2, 2019",17.6,30.71,4.85,18.18,11.31,11
Kolkata,"Wednesday, July 3, 2019",20.48,39.15,3.98,21.37,11.78,16
Kolkata,"Saturday, July 6, 2019",28.76,52.07,5.7,27.72,19.7,10
Kolkata,"Sunday, July 7, 2019",19.65,40.85,4.91,19.28,15.27,6
Kolkata,"Wednesday, July 10, 2019",26.2,52.69,6.54,25.18,18.51,10
Kolkata,"Thursday, July 11, 2019",28.7,56.45,26.66,40.14,28.25,10
Kolkata,"Friday, July 12, 2019",29.63,57.5,6.38,23.87,21.76,11
Kolkata,"Saturday, July 13, 2019",35.3,69.72,4.92,20.46,30.05,10
Kolkata,"Sunday, July 14, 2019",41.91,75.46,3.17,20.05,55.39,7
Kolkata,"Tuesday, July 16, 2019",43.74,82.52,17.84,42.47,65.71,12
Kolkata,"Wednesday, July 17, 2019",57.6,104.21,39.95,60.92,23.78,12
Kolkata,"Thursday, July 18, 2019",44.18,81.77,7.49,28.47,11.54,14
Kolkata,"Sunday, July 21, 2019",25.98,47.27,3.74,17.02,8.99,6
Kolkata,"Tuesday, July 23, 2019",16.06,34.69,6.65,20.78,8.85,10
Kolkata,"Wednesday, July 24, 2019",14.63,33.81,6.44,24.72,8.27,10
Kolkata,"Thursday, July 25, 2019",36.9,63.34,4.5,35.93,8.03,14
Kolkata,"Friday, July 26, 2019",32.16,50.27,5.97,33.43,10.25,10
Kolkata,"Saturday, July 27, 2019",25.09,40.45,11.42,37.9,9.98,11
Kolkata,"Tuesday, July 30, 2019",21.44,43.61,8.17,31.25,7.88,13
Kolkata,"Wednesday, July 31, 2019",23.4,48.28,7.12,32.49,8.49,12
Kolkata,"Thursday, August 1, 2019",23.61,44.79,12.28,36.5,9.46,11
Kolkata,"Friday, August 2, 2019",17.93,34.63,13.68,33.58,11.22,13
Kolkata,"Saturday, August 3, 2019",25.22,40.82,21.74,38.44,18.44,14
Kolkata,"Sunday, August 4, 2019",39.37,62.25,12.69,34.72,13.94,10
Kolkata,"Tuesday, August 6, 2019",25.88,45.47,15.26,40.29,12.46,12
Kolkata,"Saturday, August 10, 2019",32.78,58.33,15.57,46,9.02,12
Kolkata,"Sunday, August 11, 2019",45.57,75.21,30.54,64.04,10.32,19
Kolkata,"Thursday, August 15, 2019",25.81,40.62,4.66,22.47,8.42,7
Kolkata,"Friday, August 16, 2019",27.99,47.39,6.3,25.53,11.58,7
Kolkata,"Saturday, August 17, 2019",20.92,26.95,7.49,27,14.84,10
Kolkata,"Sunday, August 18, 2019",18.3,24.3,4.8,18.57,11.63,7
Kolkata,"Thursday, August 22, 2019",31.91,55.66,12.33,29.36,10.05,12
Kolkata,"Friday, August 23, 2019",18.15,30.42,17.68,35.75,10.61,14
Kolkata,"Saturday, August 24, 2019",18.41,32.41,14.48,36.9,15.53,13
Kolkata,"Sunday, August 25, 2019",13.74,24.22,7.22,24.21,10.58,11
Kolkata,"Monday, August 26, 2019",12.82,22.87,12.89,26.58,11.7,11
Kolkata,"Tuesday, August 27, 2019",16.68,28.91,7.61,24.22,11.55,11
Kolkata,"Wednesday, August 28, 2019",24.71,40.02,15.78,35.58,11.55,12
Kolkata,"Thursday, August 29, 2019",14.31,29.09,15.18,33.02,9.74,13
Kolkata,"Friday, August 30, 2019",18.83,36.56,11.96,24.06,10.58,16
Kolkata,"Saturday, August 31, 2019",16.54,35.74,10.89,24.46,12.45,14
Kolkata,"Sunday, September 1, 2019",26.16,50.5,8.48,26.02,12.37,15
Kolkata,"Monday, September 2, 2019",15.99,32.01,26.78,42.46,15.43,14
Kolkata,"Wednesday, September 4, 2019",10.37,21.58,8.33,16.45,8.86,11
Kolkata,"Thursday, September 5, 2019",10.02,21.17,6.8,18.86,11.23,15
Kolkata,"Friday, September 6, 2019",8.77,20.17,6.43,19.24,13.53,16
Kolkata,"Saturday, September 7, 2019",11.06,21.3,5.86,19.42,13.16,18
Kolkata,"Sunday, September 8, 2019",12.63,23.51,6.03,21.28,9.32,14
Kolkata,"Monday, September 9, 2019",18.89,33.89,4.99,20.16,14.19,13
Kolkata,"Tuesday, September 10, 2019",20.96,43.09,3.85,15.97,16.92,13
Kolkata,"Wednesday, September 11, 2019",15.06,34.89,5.15,22.48,13.58,13
Kolkata,"Thursday, September 12, 2019",18.3,34.87,7.84,27.28,15.07,14
Kolkata,"Friday, September 13, 2019",13.73,39.58,5.36,22.35,13.49,16
Kolkata,"Saturday, September 14, 2019",18.34,50.45,4.77,23.26,10.47,15
Kolkata,"Sunday, September 15, 2019",22.12,54.31,4.55,20.26,8.36,13
Kolkata,"Monday, September 16, 2019",20.66,46.43,5.18,20.24,10.92,11
Kolkata,"Tuesday, September 17, 2019",19.19,38.64,6.37,18.91,12.69,12
Kolkata,"Wednesday, September 18, 2019",12.38,26.69,5.85,18.06,9.94,17
Kolkata,"Thursday, September 19, 2019",9.88,22.6,6.75,18.63,9.6,18
Kolkata,"Friday, September 20, 2019",20.57,44.33,14.74,38.48,11.8,18
Kolkata,"Saturday, September 21, 2019",26.92,54.04,23.25,46.95,12.86,21
Kolkata,"Sunday, September 22, 2019",22.27,39.76,9.48,28.26,11.41,18
Kolkata,"Monday, September 23, 2019",13.46,27.79,5.37,20.36,10.81,16
Kolkata,"Tuesday, September 24, 2019",7.86,19.38,6.52,19.05,10.95,19
Kolkata,"Wednesday, September 25, 2019",11.71,22.26,9.76,28.02,9.79,21
Kolkata,"Thursday, September 26, 2019",18.45,31.97,9.05,28.81,10.36,21
Kolkata,"Friday, September 27, 2019",19.27,33.53,10.16,32.53,12.21,22
Kolkata,"Saturday, September 28, 2019",19.66,33.92,14.96,35.71,13.45,25
Kolkata,"Sunday, September 29, 2019",14.96,26.69,7.84,25.86,10.91,22
Kolkata,"Monday, September 30, 2019",14.36,30.44,7.87,27.37,12.37,19
Kolkata,"Tuesday, October 1, 2019",32.51,61.75,9.06,33.94,12.94,18
Kolkata,"Wednesday, October 2, 2019",53.48,90.6,10.78,37.62,12.05,20
Kolkata,"Thursday, October 3, 2019",38.11,65.5,7.29,33.91,12.51,18
Kolkata,"Friday, October 4, 2019",32.16,58.42,5.25,25.58,13.25,17
Kolkata,"Saturday, October 5, 2019",36.38,66.53,14.07,40,11.1,19
Kolkata,"Sunday, October 6, 2019",41.4,76.92,12.93,39.51,9.86,21
Kolkata,"Monday, October 7, 2019",33.22,65.76,9.47,34.22,8.97,22
Kolkata,"Tuesday, October 8, 2019",25.16,55.33,16.23,37.51,9.89,22
Kolkata,"Wednesday, October 9, 2019",11.61,30.49,6.4,21.29,9.3,20
Kolkata,"Thursday, October 10, 2019",14.75,52.87,16.19,35.72,9.22,26
Kolkata,"Friday, October 11, 2019",37.23,66.97,37.6,62.43,11.88,27
Kolkata,"Saturday, October 12, 2019",50.35,82.16,40.06,70.28,9.34,25
Kolkata,"Sunday, October 13, 2019",69.61,108.35,15.77,45.64,9.41,13
Kolkata,"Monday, October 14, 2019",69.89,107.38,7.35,38.63,10.3,10
Kolkata,"Tuesday, October 15, 2019",64.09,103.94,7.8,39.45,11.66,12
Kolkata,"Wednesday, October 16, 2019",56.62,92.76,13.47,46.71,12.09,34
Kolkata,"Thursday, October 17, 2019",50.03,85.23,23.48,58.24,12.26,36
Kolkata,"Friday, October 18, 2019",62.88,108.38,51.52,87.26,13.14,40
Kolkata,"Saturday, October 19, 2019",61.12,105.64,38.45,69.35,11.71,36
Kolkata,"Sunday, October 20, 2019",63,101.4,12.99,45.48,10.42,37
Kolkata,"Monday, October 21, 2019",87.18,128.62,9.96,43.03,11.18,30
Kolkata,"Tuesday, October 22, 2019",68.66,111.63,20.17,59.45,11.14,28
Kolkata,"Wednesday, October 23, 2019",83.63,130.56,20.42,61.7,12.43,30
Kolkata,"Thursday, October 24, 2019",34.47,58.82,5.79,31.51,12.34,32
Kolkata,"Friday, October 25, 2019",17.39,42,8.01,28.21,14.18,28
Kolkata,"Saturday, October 26, 2019",33.33,63.66,10.15,36.42,10.78,34
Kolkata,"Sunday, October 27, 2019",97.83,133.73,20.33,48.02,10.95,32
Kolkata,"Monday, October 28, 2019",129.59,180.39,10.55,41.48,13.41,28
Kolkata,"Tuesday, October 29, 2019",120.12,177.4,18.92,55.32,12.98,31
Kolkata,"Wednesday, October 30, 2019",102.54,171.02,25.42,65.82,14.44,35
Kolkata,"Thursday, October 31, 2019",106.31,200.92,32.12,82.35,17.03,37
Kolkata,"Friday, November 1, 2019",101.59,211.21,49.12,104.08,17.99,31
Kolkata,"Saturday, November 2, 2019",75.18,157.84,19.95,66.18,18.4,17
Kolkata,"Sunday, November 3, 2019",67.16,136.63,15.49,54.45,18.45,35
Kolkata,"Monday, November 4, 2019",71.91,147.98,46.18,88.9,16.59,34
Kolkata,"Tuesday, November 5, 2019",118.34,221.56,34.21,88.37,16.67,31
Kolkata,"Wednesday, November 6, 2019",141.21,244.81,15.85,67.98,18.07,14
Kolkata,"Thursday, November 7, 2019",88.07,180.18,24.96,81.19,19.12,38
Kolkata,"Friday, November 8, 2019",50.55,103.92,9.91,41.23,19.43,29
Kolkata,"Saturday, November 9, 2019",11.92,34.15,7.48,21.94,16.9,26
Kolkata,"Sunday, November 10, 2019",19.4,43.14,6.53,25.71,13.62,17
Kolkata,"Monday, November 11, 2019",31.74,81.19,31.45,59.18,12.38,17
Kolkata,"Tuesday, November 12, 2019",83.3,181.97,93.88,147.85,27.04,43
Kolkata,"Wednesday, November 13, 2019",93.94,204.82,61.28,117.62,29.31,50
Kolkata,"Thursday, November 14, 2019",78.47,171.14,42.01,101.9,23.66,45
Kolkata,"Friday, November 15, 2019",73.73,161.01,63.94,113.96,25.83,53
Kolkata,"Saturday, November 16, 2019",86.92,170.48,67.18,122.19,26.43,40
Kolkata,"Sunday, November 17, 2019",91.89,178.88,67.3,119.98,27.14,55
Kolkata,"Monday, November 18, 2019",106.34,203.72,75.24,131.48,24.74,46
Kolkata,"Tuesday, November 19, 2019",94.08,208.28,61.33,123.02,27.35,52
Kolkata,"Wednesday, November 20, 2019",93.97,195.42,99.92,162.54,30.5,45
Kolkata,"Thursday, November 21, 2019",90.03,183.8,51.29,105.16,31.22,42
Kolkata,"Friday, November 22, 2019",89.43,187.94,40.04,100.86,29.84,36
Kolkata,"Saturday, November 23, 2019",110.7,222.67,54.7,123.61,31.07,45
Kolkata,"Sunday, November 24, 2019",132.43,258,75.4,139.23,30.21,50
Kolkata,"Monday, November 25, 2019",117.23,233.93,70.09,127.99,28.58,37
Kolkata,"Tuesday, November 26, 2019",117.32,229.43,98.2,145.73,29.69,45
Kolkata,"Wednesday, November 27, 2019",114.92,232.5,63.4,115.33,27.83,44
Kolkata,"Thursday, November 28, 2019",74.28,156.41,45.84,92.95,24.42,44
Kolkata,"Friday, November 29, 2019",83.26,170.19,74.96,120.73,25.1,45
Kolkata,"Saturday, November 30, 2019",107.68,224.99,96.3,142.7,25.16,54
Kolkata,"Sunday, December 1, 2019",92.93,192.04,80.54,121.36,22.43,49
Kolkata,"Monday, December 2, 2019",82.72,165.95,67.81,115,21.82,42
Kolkata,"Tuesday, December 3, 2019",95.06,202.55,70.95,120.88,28.27,42
Kolkata,"Wednesday, December 4, 2019",101.36,203.24,56.03,105.46,29.08,43
Kolkata,"Thursday, December 5, 2019",85.69,173.56,34.51,84.09,26.58,38
Kolkata,"Friday, December 6, 2019",71.72,143.09,46.68,92.79,25.75,22
Kolkata,"Saturday, December 7, 2019",68.23,152.71,76.75,132.12,29.46,41
Kolkata,"Sunday, December 8, 2019",76.4,163.09,69.99,121.73,29.94,40
Kolkata,"Monday, December 9, 2019",61.42,135.43,27.77,74.3,25.61,33
Kolkata,"Tuesday, December 10, 2019",57.4,136.04,30.53,83.24,26.79,39
Kolkata,"Wednesday, December 11, 2019",74.26,149.7,19.23,62.55,26.53,35
Kolkata,"Thursday, December 12, 2019",67.18,140.94,15.89,59.36,23.73,22
Kolkata,"Friday, December 13, 2019",101.93,185.67,17.2,60.84,23.41,21
Kolkata,"Saturday, December 14, 2019",121.48,228.18,37.12,88.08,22.81,44
Kolkata,"Sunday, December 15, 2019",96.64,186.46,25.75,67.17,23.7,36
Kolkata,"Monday, December 16, 2019",60.88,131.04,14.6,56.78,21.73,33
Kolkata,"Tuesday, December 17, 2019",65.04,139.55,18.08,60.14,20.85,38
Kolkata,"Wednesday, December 18, 2019",69.51,152.91,10.61,47,21.4,29
Kolkata,"Thursday, December 19, 2019",68.66,150.99,10.59,49.18,21.81,29
Kolkata,"Friday, December 20, 2019",83.06,185.51,30.54,79.65,23.67,31
Kolkata,"Saturday, December 21, 2019",121.14,248.22,46.48,101.01,27.78,45
Kolkata,"Sunday, December 22, 2019",109.38,220.65,17.01,62.02,24.24,37
Kolkata,"Monday, December 23, 2019",120.65,234.99,13.73,62.12,26.28,34
Kolkata,"Tuesday, December 24, 2019",123.92,262.53,49.47,96.2,29.43,42
Kolkata,"Wednesday, December 25, 2019",104.65,231.11,97.36,165.9,31.69,57
Kolkata,"Thursday, December 26, 2019",107.72,217.34,44.27,98.47,28.97,37
Kolkata,"Friday, December 27, 2019",79.44,144.61,9.66,48,27.49,29
Kolkata,"Saturday, December 28, 2019",118.6,212.65,12.86,55.28,24.3,40
Kolkata,"Sunday, December 29, 2019",95.05,177.8,21.78,67.98,25.24,35
Kolkata,"Monday, December 30, 2019",114.01,220.29,60.36,103.29,30.36,44
Kolkata,"Tuesday, December 31, 2019",128.67,235.51,88.57,143.92,34.42,49
Kolkata,"Wednesday, January 1, 2020",128.62,247.05,84.98,149.92,34.09,55
Kolkata,"Thursday, January 2, 2020",114.73,220.19,43.1,98.99,31.09,43
Kolkata,"Friday, January 3, 2020",54.29,100.05,19.14,55.61,30.4,33
Kolkata,"Saturday, January 4, 2020",47.11,96.07,50.89,89.54,30.58,41
Kolkata,"Sunday, January 5, 2020",91.78,170.2,84.79,125.79,33.6,44
Kolkata,"Monday, January 6, 2020",94.41,179.61,85.61,132.87,31.25,42
Kolkata,"Tuesday, January 7, 2020",101.15,197.16,24.72,68.32,27.7,37
Kolkata,"Wednesday, January 8, 2020",107.83,220.72,61.19,107.26,30.95,51
Kolkata,"Thursday, January 9, 2020",84.88,160.64,43.27,91.95,26.41,42
Kolkata,"Friday, January 10, 2020",84.49,158.8,26.82,72.64,27.64,34
Kolkata,"Saturday, January 11, 2020",78.54,149.81,24.89,67.03,24.99,31
Kolkata,"Sunday, January 12, 2020",83.17,156.39,40.21,86,24.13,33
Kolkata,"Monday, January 13, 2020",89.03,191.22,68.05,119.82,28.94,35
Kolkata,"Tuesday, January 14, 2020",146.7,269.95,159.22,214.54,35.36,70
Kolkata,"Wednesday, January 15, 2020",176.49,325.84,151.75,224.09,39.65,70
Kolkata,"Thursday, January 16, 2020",145.88,256.22,103.28,170.71,35.15,67
Kolkata,"Friday, January 17, 2020",111.02,211.36,109.92,171.93,35.51,48
Kolkata,"Saturday, January 18, 2020",82.65,167.5,78.57,140.68,27.53,46
Kolkata,"Sunday, January 19, 2020",83.41,176.12,45.12,93.6,31.03,30
Kolkata,"Monday, January 20, 2020",62.35,125.7,20.22,60.07,23.2,23
Kolkata,"Tuesday, January 21, 2020",75.02,157.98,62.34,105.24,23.12,39
Kolkata,"Wednesday, January 22, 2020",102.79,200.55,88.75,149.82,27.56,46
Kolkata,"Thursday, January 23, 2020",118.1,211.3,28.64,88.68,20.97,39
Kolkata,"Friday, January 24, 2020",84.27,164.39,50.67,109.03,21.23,35
Kolkata,"Saturday, January 25, 2020",62.5,134.22,37.25,89.28,21.4,30
Kolkata,"Sunday, January 26, 2020",106.39,197.16,86.73,146.25,25.26,39
Kolkata,"Monday, January 27, 2020",107.8,216.85,60.88,123.03,26.97,29
Kolkata,"Tuesday, January 28, 2020",115.41,221.71,45.17,100.08,28.54,28
Kolkata,"Wednesday, January 29, 2020",51.86,121.15,16,46.36,30.89,19
Kolkata,"Thursday, January 30, 2020",56.91,118.12,23.53,60.37,24.69,29
Kolkata,"Friday, January 31, 2020",73.09,154.08,50.69,100.07,27.8,31
Kolkata,"Saturday, February 1, 2020",61.11,135.39,53.87,106.07,25.27,35
Kolkata,"Sunday, February 2, 2020",67.01,158.46,66.93,122.47,29.23,33
Kolkata,"Monday, February 3, 2020",66.42,139.53,50.78,106.17,26.17,27
Kolkata,"Tuesday, February 4, 2020",79.24,168.58,57.23,124.05,29.31,34
Kolkata,"Wednesday, February 5, 2020",101.36,203.72,46.16,113.86,27.79,32
Kolkata,"Thursday, February 6, 2020",78.36,161.52,30.92,87.99,25.32,26
Kolkata,"Friday, February 7, 2020",80.67,180.94,22.63,80.68,24.99,26
Kolkata,"Saturday, February 8, 2020",110.11,225.37,18.23,77.9,21.25,26
Kolkata,"Sunday, February 9, 2020",89.17,174.34,22.96,75.49,20.03,22
Kolkata,"Monday, February 10, 2020",80.91,169.09,54.34,114.08,20.84,26
Kolkata,"Tuesday, February 11, 2020",106.37,210.54,98.81,162.32,24.81,39
Kolkata,"Wednesday, February 12, 2020",101.11,203.59,126.15,192.55,26.78,44
Kolkata,"Thursday, February 13, 2020",99.03,204.3,76.98,148.11,25.53,36
Kolkata,"Friday, February 14, 2020",106.87,217.18,79.9,153.8,33.36,35
Kolkata,"Saturday, February 15, 2020",71.25,157.73,48.61,114.34,29.58,26
Kolkata,"Sunday, February 16, 2020",100.15,211.64,59.42,126.21,33.1,23
Kolkata,"Monday, February 17, 2020",101.37,207.97,48.81,118.95,33.49,23
Kolkata,"Tuesday, February 18, 2020",92.52,190.61,32.88,88.24,35.44,21
Kolkata,"Wednesday, February 19, 2020",84.06,157.66,14.88,56.58,39.24,14
Kolkata,"Thursday, February 20, 2020",58.63,115.09,9.42,45.59,29.37,12
Kolkata,"Friday, February 21, 2020",81.15,175.18,53.7,108,28.02,21
Kolkata,"Saturday, February 22, 2020",107.24,208.66,49.64,115.93,28.94,30
Kolkata,"Sunday, February 23, 2020",94.78,189.57,33.97,86.54,30.88,18
Kolkata,"Monday, February 24, 2020",106.36,205.48,52.73,111.64,36.52,22
Kolkata,"Tuesday, February 25, 2020",82.03,136.88,24.71,78.26,35.78,21
Kolkata,"Wednesday, February 26, 2020",40.94,84.42,22.93,63.34,32.19,18
Kolkata,"Thursday, February 27, 2020",45,89.71,19.39,65.07,28.23,17
Kolkata,"Friday, February 28, 2020",73.23,141.5,20.01,67.78,26.35,20
Kolkata,"Saturday, February 29, 2020",73.68,141.14,40.41,97.62,28.26,23
Kolkata,"Sunday, March 1, 2020",92.08,173.74,56.32,115.46,29.07,23
Kolkata,"Monday, March 2, 2020",97.45,183.82,45.4,99.7,27.63,19
Kolkata,"Tuesday, March 3, 2020",82.48,149.76,11.03,49.24,28.48,13
Kolkata,"Wednesday, March 4, 2020",50.13,86.22,9.34,39.69,26.21,11
Kolkata,"Thursday, March 5, 2020",34.26,71.62,15.34,49.13,25.91,14
Kolkata,"Friday, March 6, 2020",36.1,72.34,20.44,50.34,24.57,12
Kolkata,"Saturday, March 7, 2020",32.81,58.09,8.91,34.7,24.09,12
Kolkata,"Sunday, March 8, 2020",37.96,73.49,20.34,50.59,23.21,12
Kolkata,"Monday, March 9, 2020",57.01,110.73,20.9,56.18,22.91,14
Kolkata,"Tuesday, March 10, 2020",65.59,119.8,14.37,53.35,22.14,15
Kolkata,"Wednesday, March 11, 2020",56.77,111.27,6.29,37.2,23.59,12
Kolkata,"Thursday, March 12, 2020",57.54,114.2,7.71,41.39,24.25,13
Kolkata,"Friday, March 13, 2020",57.2,110.82,12.35,49.84,24.08,15
Kolkata,"Saturday, March 14, 2020",52.17,110.27,8.16,29.75,23.42,10
Kolkata,"Monday, March 16, 2020",56.05,116.34,17.27,55.35,23.07,15
Kolkata,"Tuesday, March 17, 2020",61.94,118.28,16.78,54,22.89,19
Kolkata,"Wednesday, March 18, 2020",77.16,148.45,18.82,61.03,25.06,19
Kolkata,"Thursday, March 19, 2020",86.38,149.16,19.93,65.46,22.38,19
Kolkata,"Friday, March 20, 2020",42.09,82.64,11.39,43.24,21.18,14
Kolkata,"Saturday, March 21, 2020",47.22,86.73,12.61,39.57,21.54,12
Kolkata,"Sunday, March 22, 2020",16.18,30.44,5.32,22.63,19.72,7
Kolkata,"Saturday, March 28, 2020",46.57,77.11,6.29,21.9,18.62,7
Kolkata,"Sunday, March 29, 2020",40.85,68.04,4.77,19.36,18.28,7
Kolkata,"Monday, March 30, 2020",43.56,71.92,4.98,21.58,18.02,7
Kolkata,"Tuesday, March 31, 2020",44.67,76.1,5.16,24.25,18.77,6
Kolkata,"Wednesday, April 1, 2020",50.19,78.52,5.04,17.49,19.22,6
Kolkata,"Thursday, April 2, 2020",42.51,62.04,5.02,16.97,17.94,6
Kolkata,"Friday, April 3, 2020",43.08,71.67,5.13,18.42,17.37,7
Kolkata,"Sunday, April 5, 2020",47.78,75.16,6.62,17.57,17.75,7
Kolkata,"Monday, April 6, 2020",38.78,70.1,5.08,19.83,16.75,7
Kolkata,"Tuesday, April 7, 2020",39.33,74.46,4.97,16.34,16.76,6
Kolkata,"Wednesday, April 8, 2020",23.45,48.43,4.95,16.93,16.23,6
Kolkata,"Thursday, April 9, 2020",20.26,43.54,4.75,17.5,15.23,6
Kolkata,"Friday, April 10, 2020",19.11,37.8,4.27,13.56,15.46,7
Kolkata,"Saturday, April 11, 2020",18.03,39.16,4.5,13.21,15.25,6
Kolkata,"Sunday, April 12, 2020",23.56,57.98,4.83,13.35,14.97,6
Kolkata,"Monday, April 13, 2020",24.5,48.39,4.29,11.98,14.12,6
Kolkata,"Tuesday, April 14, 2020",26.65,50.91,3.7,10.12,12.72,6
Kolkata,"Wednesday, April 15, 2020",24.33,55.61,3.81,12.02,12.38,6
Kolkata,"Thursday, April 16, 2020",30.15,62.36,4.49,16.09,13.6,7
Kolkata,"Friday, April 17, 2020",21.85,45.57,3.88,11.72,13.43,6
Kolkata,"Saturday, April 18, 2020",18.37,39.71,3.94,12.9,12.76,6
Kolkata,"Sunday, April 19, 2020",13.35,31.37,3.83,12.64,13.4,6
Kolkata,"Monday, April 20, 2020",14.57,30.86,3.92,11.52,12.55,6
Kolkata,"Tuesday, April 21, 2020",11.81,24.7,4.05,16.42,12.34,7
Kolkata,"Wednesday, April 22, 2020",16.18,29.16,3.96,14.22,12.43,6
Kolkata,"Thursday, April 23, 2020",13.48,27.12,4.03,13.08,12.63,6
Kolkata,"Friday, April 24, 2020",10.49,23.68,3.97,12.58,12.42,5
Kolkata,"Saturday, April 25, 2020",15.3,29.63,4,12.72,12.36,6
Kolkata,"Sunday, April 26, 2020",15.74,27.95,3.86,12.4,12.13,5
Kolkata,"Monday, April 27, 2020",10.67,36.11,3.9,12.12,12.23,6
Kolkata,"Tuesday, April 28, 2020",7.71,19.98,3.95,13.15,12.33,6
Kolkata,"Wednesday, April 29, 2020",16.66,31,4.25,14.83,12.57,7
Kolkata,"Thursday, April 30, 2020",13.88,29.3,3.87,13.02,12.71,6
Kolkata,"Friday, May 1, 2020",10.46,25.57,3.84,12.09,12.52,5
Kolkata,"Saturday, May 2, 2020",16.81,32.46,4.15,14.88,12.49,7
Kolkata,"Sunday, May 3, 2020",18.04,32.98,3.94,13.21,13.04,6
Kolkata,"Monday, May 4, 2020",22.15,42.76,3.96,13.71,12.4,6
Kolkata,"Tuesday, May 5, 2020",17.49,35.85,3.82,12.46,11.35,6
Kolkata,"Wednesday, May 6, 2020",12.66,27.77,3.83,14.08,11.21,6
Kolkata,"Thursday, May 7, 2020",16.77,34.69,3.92,13.65,11,6
Kolkata,"Friday, May 8, 2020",16.16,32.48,3.81,11.89,11.47,5
Kolkata,"Saturday, May 9, 2020",21.76,44.67,3.85,12.16,11.28,5
Kolkata,"Sunday, May 10, 2020",19.3,42.14,3.03,9.66,9.96,5
Kolkata,"Monday, May 11, 2020",19.21,41.4,3.21,12.05,8.35,7
Kolkata,"Tuesday, May 12, 2020",29.09,59.6,3.64,13.65,7.25,6
Kolkata,"Wednesday, May 13, 2020",24.23,53.11,3.24,10.29,7.27,4
Kolkata,"Thursday, May 14, 2020",16.61,41.75,3.24,8.86,7.09,4
Kolkata,"Friday, May 15, 2020",12.3,31.18,3.3,8.71,6.88,5
Kolkata,"Saturday, May 16, 2020",11.23,30.52,3.22,8.55,6.68,5
Kolkata,"Sunday, May 17, 2020",10.61,31.76,3.28,8.77,6.39,5
Kolkata,"Monday, May 18, 2020",12.93,33.06,3.56,9.63,6.63,5
Kolkata,"Tuesday, May 19, 2020",8.32,22.93,3.82,9.82,7.39,5
Kolkata,"Wednesday, May 20, 2020",10.3,23.54,4.21,10.31,9.29,5
Kolkata,"Monday, June 1, 2020",12.65,32.89,4.26,14.08,11.93,12
Kolkata,"Tuesday, June 2, 2020",12.76,34.52,5.64,14.75,10.78,12
Kolkata,"Thursday, June 4, 2020",16,36.33,3.2,10.67,8.89,13
Kolkata,"Friday, June 5, 2020",11.25,28.39,4.02,10.97,9.35,14
Kolkata,"Saturday, June 6, 2020",16.85,41.15,10.63,15.68,10.68,13
Kolkata,"Sunday, June 7, 2020",24.22,48.4,4.92,13.06,8.74,13
Kolkata,"Monday, June 8, 2020",23.13,43.41,5.1,18.2,8.64,15
Kolkata,"Tuesday, June 9, 2020",19.63,43.1,4.22,13.94,9.12,14
Kolkata,"Wednesday, June 10, 2020",14.39,35.54,4.09,13.59,8.65,12
Kolkata,"Thursday, June 11, 2020",6.99,21.41,4.03,13.74,8.14,16
Kolkata,"Friday, June 12, 2020",8.7,22.11,3.88,15.2,8.52,18
Kolkata,"Saturday, June 13, 2020",8.96,25.88,3.75,13.68,8.81,13
Kolkata,"Sunday, June 14, 2020",9.93,25.89,3.57,12.34,8.37,13
Kolkata,"Monday, June 15, 2020",11.99,31.75,3.77,13.94,9.37,13
Kolkata,"Tuesday, June 16, 2020",9.9,27.05,3.79,14.34,8.64,11
Kolkata,"Wednesday, June 17, 2020",14.57,41.37,3.92,16.77,9.69,16
Kolkata,"Thursday, June 18, 2020",15.18,39.77,3.71,15.67,9.53,15
Kolkata,"Friday, June 19, 2020",18.5,46.04,4.19,15.91,10.15,14
Kolkata,"Saturday, June 20, 2020",11.11,34.98,4.1,12.21,11.48,11
Kolkata,"Tuesday, June 23, 2020",15.9,43.17,4.35,13.86,11.16,10
Kolkata,"Wednesday, June 24, 2020",16.98,50.87,5.6,14.09,11.66,11
Kolkata,"Thursday, June 25, 2020",15.53,43.63,7.41,13.74,10.32,7
Kolkata,"Saturday, June 27, 2020",7.89,24.73,5.24,14.52,8.39,11
Kolkata,"Sunday, June 28, 2020",10.58,25.56,5.94,18.62,6.92,11
Kolkata,"Monday, June 29, 2020",14.53,32.4,5.42,21.45,7.59,10
Kolkata,"Tuesday, June 30, 2020",14,35.85,6.25,18.12,9.64,11
Kolkata,"Wednesday, July 1, 2020",10.53,31.58,6.25,16.29,12.87,10
Kolkata,"Monday, July 30, 2018",33.26,58.03,3.76,45.64,3.78,8
Kolkata,"Tuesday, July 31, 2018",37.07,63.95,6.25,56.02,2.61,8
Kolkata,"Wednesday, August 1, 2018",29.1,39.94,7.5,54.99,5.9,8
Kolkata,"Tuesday, August 28, 2018",12.35,26.25,6.82,32.54,11.04,8
Kolkata,"Wednesday, August 29, 2018",14.53,32.85,14.8,47.86,11.51,8
Kolkata,"Friday, August 31, 2018",33.6,58.22,7.34,45.35,8.74,8
Kolkata,"Monday, September 3, 2018",33.71,54.09,3.63,37.27,11.48,8
Kolkata,"Tuesday, September 4, 2018",49.03,75.89,16.46,64.3,9.74,8
Kolkata,"Friday, September 7, 2018",14.2,39.94,6.53,33.32,13.05,8
Kolkata,"Tuesday, September 18, 2018",61.13,103.62,16.39,52.87,11.19,8
Kolkata,"Saturday, September 22, 2018",15.65,31.7,7.9,30.81,9.12,8
Kolkata,"Sunday, September 23, 2018",19.86,43.42,16.33,34.33,9.17,8
Kolkata,"Wednesday, September 26, 2018",46.55,75.42,19.96,64.01,9.1,8
Kolkata,"Monday, October 1, 2018",70.58,134.51,46.34,108.47,10.63,8
Kolkata,"Wednesday, October 3, 2018",61.41,111.2,10.99,49.09,10.76,8
Kolkata,"Thursday, October 4, 2018",79.58,140.16,20.05,82.71,11.8,8
Kolkata,"Wednesday, October 10, 2018",9.55,24.85,4.57,28.66,14.66,8
Kolkata,"Saturday, October 13, 2018",22.46,32.48,4.35,23.01,14.83,8
Kolkata,"Sunday, October 14, 2018",34.8,56.81,34.67,44.7,16.35,8
Kolkata,"Thursday, October 25, 2018",91.93,150.75,121.46,168.54,14,8
Kolkata,"Thursday, November 1, 2018",23.18,41.36,39.35,80.39,15.74,8
Kolkata,"Saturday, November 3, 2018",41.75,78.82,31.62,99.86,15.2,8
Kolkata,"Friday, November 9, 2018",183.88,285.82,23.38,93.59,25,8
Kolkata,"Tuesday, December 18, 2018",64.86,98.44,31.67,57.19,32.24,8
Kolkata,"Monday, February 4, 2019",164.48,293.11,114.77,204.14,26.51,8
Kolkata,"Wednesday, February 13, 2019",130.91,254.19,78.61,182.41,32.89,8
Kolkata,"Thursday, March 14, 2019",89.98,140.82,3.91,61.94,26.32,8
Kolkata,"Saturday, March 30, 2019",54.17,105.96,4.24,40.34,22.53,8
Kolkata,"Friday, April 5, 2019",43.05,81.36,4.61,32.13,16.33,8
Kolkata,"Monday, April 8, 2019",34.9,64.37,4.43,46.27,20.36,8
Kolkata,"Tuesday, April 16, 2019",52.47,101.54,4.18,27.57,13.11,8
Kolkata,"Wednesday, April 17, 2019",64.22,123.58,2.77,33.68,20.08,8
Kolkata,"Wednesday, April 24, 2019",36.62,66.55,3.65,35.54,26.55,8
Kolkata,"Thursday, April 25, 2019",32.45,59.51,5.19,33.76,21.53,8
Kolkata,"Monday, April 29, 2019",27.48,102.42,5.58,25.17,14.68,8
Kolkata,"Monday, May 6, 2019",55.4,127.11,3.15,18.19,4.93,8
Kolkata,"Friday, May 10, 2019",65.47,129.42,2.73,17.43,3.81,8
Kolkata,"Saturday, May 18, 2019",50.03,99.23,3.28,14.22,6.52,8
Kolkata,"Monday, May 20, 2019",43.74,91.54,4.32,16.12,5.84,8
Kolkata,"Sunday, May 26, 2019",36.76,72.29,3.22,22.55,7.16,8
Kolkata,"Sunday, June 9, 2019",31.08,48.86,28,38.47,11.48,8
Kolkata,"Monday, June 17, 2019",50.58,107.48,3.53,20.77,4.15,8
Kolkata,"Wednesday, June 19, 2019",50.99,92.07,3.23,27.94,4.01,8
Kolkata,"Thursday, June 20, 2019",41.77,77.35,4.83,32.58,5.14,8
Kolkata,"Wednesday, June 26, 2019",19.68,44.36,11.01,19.87,9.77,8
Kolkata,"Thursday, June 27, 2019",22.86,49.27,18.44,35.56,13.5,8
Kolkata,"Friday, June 28, 2019",31.59,58.52,5.62,25.12,10.93,8
Kolkata,"Monday, July 1, 2019",23.16,48.3,8.37,24.62,10.15,8
Kolkata,"Friday, July 5, 2019",27.6,54.31,4.63,21.98,20.3,8
Kolkata,"Monday, July 8, 2019",27.94,60.83,3.9,20.08,12.06,8
Kolkata,"Friday, July 19, 2019",15.02,30.29,5.11,19.27,13.53,8
Kolkata,"Saturday, July 20, 2019",22.92,44.3,5.29,19.42,11.54,8
Kolkata,"Monday, July 29, 2019",10.12,20.56,7.37,25.32,8.11,8
Kolkata,"Friday, August 9, 2019",21.7,45.74,7.96,26.26,9.3,8
Kolkata,"Monday, August 12, 2019",29.86,51.62,11.43,36.39,11.79,8
Kolkata,"Tuesday, August 13, 2019",13.17,22.97,7.54,23.81,11.33,8
Kolkata,"Wednesday, August 14, 2019",29.6,54.22,6.88,27.35,10.46,8
Kolkata,"Monday, August 19, 2019",13.95,30.32,6.97,22.21,11.51,8
Kolkata,"Tuesday, August 20, 2019",27.41,46.94,4.87,27.65,11.93,8
Kolkata,"Wednesday, August 21, 2019",30.31,52.58,6.57,24.58,10.14,8
Kolkata,"Monday, March 23, 2020",29.31,56.35,6.39,24.39,20.61,8
Kolkata,"Tuesday, March 24, 2020",33.21,52.19,5.56,19.53,19.63,8
Kolkata,"Thursday, March 26, 2020",37.02,60.49,5.62,20.02,19.23,8
Kolkata,"Friday, March 27, 2020",48.1,83.63,5.25,20.16,18.61,8
Kolkata,"Saturday, April 4, 2020",60.85,100.15,5.21,20.07,17.56,8
Kolkata,"Monday, May 25, 2020",16.54,51.67,2.9,8.09,10.04,8
Kolkata,"Friday, June 26, 2020",9.59,28.44,6.38,14.35,10.35,8
Kolkata,"Saturday, July 21, 2018",6.06,16.48,3.7,19.28,7.47,9
Kolkata,"Monday, July 23, 2018",22.03,36.75,9.06,41.7,3.33,9
Kolkata,"Tuesday, July 24, 2018",23.92,47.38,7.67,40.73,2.84,9
Kolkata,"Monday, August 20, 2018",12.88,23.27,8.91,31.45,13.78,9
Kolkata,"Wednesday, August 22, 2018",23.34,36.64,3.18,31.44,10.2,9
Kolkata,"Friday, August 24, 2018",30.26,47.99,5.95,39.64,8.5,9
Kolkata,"Wednesday, September 5, 2018",29.75,47.56,15.02,50.19,11.52,9
Kolkata,"Thursday, September 6, 2018",11.17,27.02,4.37,26.34,17.8,9
Kolkata,"Saturday, September 8, 2018",20.14,45.48,5.23,27.85,9.91,9
Kolkata,"Sunday, September 9, 2018",19.4,42.79,3.16,20.35,9.94,9
Kolkata,"Monday, September 10, 2018",29.06,51.97,3.38,22.8,9.24,9
Kolkata,"Tuesday, September 11, 2018",35.32,56.64,9.09,41.86,7.79,9
Kolkata,"Wednesday, September 12, 2018",46.23,73.8,5.1,41.46,7.05,9
Kolkata,"Thursday, September 13, 2018",56.84,92.4,2.79,33.34,6.91,9
Kolkata,"Friday, September 14, 2018",55.87,87.69,19.02,69.15,6.38,9
Kolkata,"Saturday, September 15, 2018",56.61,96.62,39.3,75.9,6.98,9
Kolkata,"Thursday, September 27, 2018",57.59,88.21,12.61,62.43,4.8,9
Kolkata,"Friday, September 28, 2018",63.57,97.56,10.95,63.4,5.13,9
Kolkata,"Saturday, September 29, 2018",60.23,94.97,7.88,59.75,6.38,9
Kolkata,"Sunday, September 30, 2018",66.41,108.46,5.17,47.03,8.55,9
Kolkata,"Tuesday, October 2, 2018",62.53,113.68,3.53,41.8,13.83,9
Kolkata,"Tuesday, October 16, 2018",59.26,100.25,28.29,65.67,16.78,9
Kolkata,"Thursday, October 18, 2018",79.18,124.87,3.4,50.37,14.12,9
Kolkata,"Friday, October 19, 2018",83.31,126.23,44.49,90.11,9.25,9
Kolkata,"Saturday, October 20, 2018",100.26,152.59,93.02,130.12,9.38,9
Kolkata,"Monday, October 22, 2018",101.08,155.61,79.6,146.25,14.11,9
Kolkata,"Tuesday, October 23, 2018",107.64,173.2,92.07,171.65,15.53,9
Kolkata,"Wednesday, October 24, 2018",100.85,164.83,30.44,113.83,18.14,9
Kolkata,"Monday, October 29, 2018",28.53,47.29,6.67,54.22,20.77,9
Kolkata,"Tuesday, October 30, 2018",17.27,33.52,5.9,44.51,19.22,9
Kolkata,"Wednesday, October 31, 2018",9.37,27.49,7.04,46.95,17.75,9
Kolkata,"Friday, November 2, 2018",30.72,62.59,54.56,114.91,11.35,9
Kolkata,"Friday, January 25, 2019",157.14,246.66,100.66,182.61,32.01,9
Kolkata,"Wednesday, February 6, 2019",194.51,342.34,116.34,220.76,26.96,9
Kolkata,"Monday, February 18, 2019",113.34,183.53,43.93,144.71,48.66,9
Kolkata,"Sunday, February 24, 2019",114.95,221.88,33.15,107.33,64.72,9
Kolkata,"Sunday, March 10, 2019",66.32,122.77,5.59,51.45,39.78,9
Kolkata,"Tuesday, March 26, 2019",82.49,174.78,4.46,55.92,29.64,9
Kolkata,"Thursday, April 4, 2019",41.47,80.25,4.66,30.77,15.35,9
Kolkata,"Thursday, April 11, 2019",36.29,63.16,5.04,31.06,16.09,9
Kolkata,"Friday, April 12, 2019",34.96,61.52,5.49,33.18,15.03,9
Kolkata,"Saturday, April 13, 2019",38.4,74.74,4.38,32.54,15.32,9
Kolkata,"Saturday, April 20, 2019",55.14,98.35,2.87,39.07,30.64,9
Kolkata,"Friday, April 26, 2019",40.39,79.62,4.9,32.7,21.9,9
Kolkata,"Saturday, May 11, 2019",55.4,121.13,3.03,16.95,9.62,9
Kolkata,"Wednesday, May 22, 2019",40.31,91.94,3.18,14.12,5.82,9
Kolkata,"Thursday, May 23, 2019",32.48,72.04,2.98,11.85,6.08,9
Kolkata,"Thursday, June 13, 2019",43.52,75.56,6.69,26.81,4.38,9
Kolkata,"Thursday, July 4, 2019",32.09,63.73,3.71,22.15,15.54,9
Kolkata,"Tuesday, July 9, 2019",26.94,60.03,6.57,23.29,19.4,9
Kolkata,"Monday, July 15, 2019",45.48,92.7,6.2,29.17,73.45,9
Kolkata,"Monday, July 22, 2019",19.9,43.33,7.72,19.9,11.88,9
Kolkata,"Sunday, July 28, 2019",12.07,23.33,5.36,18.79,9.13,9
Kolkata,"Monday, August 5, 2019",33.97,57.32,8.16,29.84,10.98,9
Kolkata,"Wednesday, August 7, 2019",9.07,16.56,6.29,17.38,12.7,9
Kolkata,"Thursday, August 8, 2019",11.36,22.78,7.95,24.05,9.84,9
Kolkata,"Tuesday, September 3, 2019",10.64,19.67,22.93,25.61,31.02,9
Kolkata,"Sunday, March 15, 2020",23.34,55.65,7.32,33.42,23.08,9
Kolkata,"Wednesday, March 25, 2020",53.01,77.59,5.92,21.92,19.44,9
Kolkata,"Thursday, May 21, 2020",7.3,32.25,3.85,10.57,8.02,9
Kolkata,"Friday, May 22, 2020",17.4,38.11,3.42,10.28,7.59,9
Kolkata,"Saturday, May 23, 2020",21.78,55.17,3,8.59,9.64,9
Kolkata,"Sunday, May 24, 2020",18.89,49.54,2.94,8.07,9.92,9
Kolkata,"Tuesday, May 26, 2020",15.14,47.74,3.06,8.64,9.09,9
Kolkata,"Wednesday, May 27, 2020",13.81,39.88,3.31,9.45,9.03,9
Kolkata,"Thursday, May 28, 2020",15.07,31.97,3.48,14.26,8.75,9
Kolkata,"Friday, May 29, 2020",17.5,38.8,3.27,11.5,9.76,9
Kolkata,"Saturday, May 30, 2020",15.02,37.46,3.19,10,11.59,9
Kolkata,"Sunday, May 31, 2020",14.29,32.47,3.11,10.93,11.53,9
Kolkata,"Wednesday, June 3, 2020",14.58,33.88,8.19,15.08,10.95,9
Kolkata,"Sunday, June 21, 2020",9.3,27.62,3.97,11.38,11.6,9
Kolkata,"Monday, June 22, 2020",13.7,36.69,4.32,13.5,11.77,9
Bengaluru,"Wednesday, November 18, 2015",19.32,16.42,4.57,18.77,25,1
Bengaluru,"Friday, November 20, 2015",13.89,31.44,6.84,15.35,23.93,1
Bengaluru,"Saturday, November 21, 2015",16.06,24.35,4.57,16.2,21.28,1
Bengaluru,"Sunday, November 22, 2015",16.97,15.69,3.07,12.6,13.92,1
Bengaluru,"Sunday, November 29, 2015",29.35,75.79,5.72,21.4,19.08,1
Bengaluru,"Saturday, December 5, 2015",25.04,89.26,9.79,22.96,51.77,1
Bengaluru,"Wednesday, December 9, 2015",48.01,78.58,16.65,31.61,46.15,1
Bengaluru,"Thursday, December 10, 2015",35.48,58.04,25.04,35.53,51.46,1
Bengaluru,"Saturday, December 12, 2015",50.19,73.43,18.73,31.41,20.93,1
Bengaluru,"Sunday, December 13, 2015",34.57,64.09,15.68,37.39,12.64,1
Bengaluru,"Tuesday, December 15, 2015",39.67,100.76,5.93,13.92,14.1,1
Bengaluru,"Wednesday, December 16, 2015",50.47,56.41,4.71,20.85,20.54,1
Bengaluru,"Thursday, December 17, 2015",41.04,62.41,10.15,26.28,22.39,1
Bengaluru,"Saturday, December 19, 2015",42.57,78.99,20.49,39.15,21.95,1
Bengaluru,"Sunday, December 20, 2015",60.44,65.74,17.24,33.82,26.04,1
Bengaluru,"Monday, December 21, 2015",48.4,72.52,18.51,39.72,30.54,1
Bengaluru,"Wednesday, December 23, 2015",49.42,74.68,20.35,42.2,36.34,1
Bengaluru,"Thursday, December 24, 2015",61.58,81.49,20.86,42.26,44.44,1
Bengaluru,"Saturday, December 26, 2015",57.15,63.84,15.88,31.61,18.88,1
Bengaluru,"Sunday, December 27, 2015",76.35,76.37,16.45,31.61,14.76,1
Bengaluru,"Monday, December 28, 2015",85.66,83.91,22.68,42.44,41.98,1
Bengaluru,"Tuesday, December 29, 2015",49.06,73.13,20.76,40.51,24.83,1
Bengaluru,"Wednesday, December 30, 2015",48.16,74,22.45,44.59,21.42,1
Bengaluru,"Thursday, December 31, 2015",71.06,74.39,20.87,44.85,26.49,1
Bengaluru,"Friday, January 1, 2016",56.4,95.08,13.8,34.31,14.68,1
Bengaluru,"Saturday, January 2, 2016",53.69,93.92,26.49,54.77,16.05,1
Bengaluru,"Sunday, January 3, 2016",62.35,99.34,24.56,55.6,16.37,1
Bengaluru,"Monday, January 4, 2016",64.96,104.62,18.56,50.81,14.18,1
Bengaluru,"Tuesday, January 5, 2016",70.15,105.12,23.56,56.05,16.97,1
Bengaluru,"Wednesday, January 6, 2016",68.22,91.74,29.68,55.38,16.71,1
Bengaluru,"Saturday, January 9, 2016",79.8,74.11,57.18,86.73,21.32,1
Bengaluru,"Sunday, January 10, 2016",76.18,63.19,38.5,52.1,11.01,1
Bengaluru,"Monday, January 11, 2016",61.48,53.24,23.76,62.48,10.72,1
Bengaluru,"Wednesday, January 13, 2016",70.78,160,11.43,37.72,12.06,1
Bengaluru,"Saturday, January 16, 2016",77.23,235.32,35.73,94.37,16.11,1
Bengaluru,"Monday, January 18, 2016",73.89,133.08,95.19,110.35,16.09,1
Bengaluru,"Tuesday, January 19, 2016",75.45,113.92,44.25,71.08,20.9,1
Bengaluru,"Wednesday, January 20, 2016",78.07,122.54,43.53,55.6,28.94,1
Bengaluru,"Thursday, January 21, 2016",53.45,62.27,44.68,50.76,43.57,1
Bengaluru,"Monday, January 25, 2016",51.7,121.42,15.35,35.03,19.55,1
Bengaluru,"Tuesday, January 26, 2016",54.34,108.47,7.72,28.2,17.79,1
Bengaluru,"Wednesday, January 27, 2016",54.33,76.37,14.67,32.76,20.6,1
Bengaluru,"Thursday, January 28, 2016",84.84,50.03,20.32,34.42,53.81,1
Bengaluru,"Friday, January 29, 2016",87.02,83.23,7.3,23.82,22.43,1
Bengaluru,"Saturday, January 30, 2016",71.42,130.22,8.62,25.13,20.22,1
Bengaluru,"Sunday, January 31, 2016",119.16,218.27,15.82,36.49,33.27,1
Bengaluru,"Monday, February 1, 2016",84.45,158.01,15.81,40.35,30.23,1
Bengaluru,"Tuesday, February 2, 2016",76.8,159.14,17.4,41.2,27.39,1
Bengaluru,"Wednesday, February 3, 2016",75.57,193.59,13.74,41.28,23.28,1
Bengaluru,"Thursday, February 4, 2016",74.6,152.36,10.79,32.57,22.79,1
Bengaluru,"Friday, February 5, 2016",72.11,121.86,9.3,31.63,21.72,1
Bengaluru,"Saturday, February 6, 2016",63.42,169.11,5.2,25.16,19.25,1
Bengaluru,"Sunday, February 7, 2016",82.78,351.51,4.31,35.82,19.97,1
Bengaluru,"Monday, February 8, 2016",75.98,154.26,3.23,21.56,18.87,1
Bengaluru,"Tuesday, February 9, 2016",85.33,223.57,6.7,30.85,20.89,1
Bengaluru,"Wednesday, February 10, 2016",84.32,256.75,5.88,26.54,20.63,1
Bengaluru,"Thursday, February 11, 2016",91.95,190.47,5.85,25.01,17.12,1
Bengaluru,"Friday, February 12, 2016",83.66,164.48,6.15,26.13,19.85,1
Bengaluru,"Saturday, February 13, 2016",85.96,146.45,8.34,33.17,17.34,1
Bengaluru,"Wednesday, February 24, 2016",110.05,100.07,11.92,25.42,28.79,1
Bengaluru,"Thursday, February 25, 2016",66.98,100.6,9.08,25.34,27.07,1
Bengaluru,"Thursday, March 10, 2016",53.1,161.1,13.13,34.09,31.23,1
Bengaluru,"Friday, March 11, 2016",60.7,173.24,13.82,33.16,33.7,1
Bengaluru,"Sunday, March 13, 2016",64.29,144.67,5.68,14.6,21.27,1
Bengaluru,"Tuesday, March 15, 2016",68.48,144.33,15.88,25.68,24.7,1
Bengaluru,"Friday, March 18, 2016",60.58,194,7.91,15.69,26.55,1
Bengaluru,"Sunday, March 20, 2016",239.54,189.8,3.12,9.98,27.35,1
Bengaluru,"Wednesday, March 23, 2016",29.73,186.28,10.09,35.81,29.53,1
Bengaluru,"Thursday, March 24, 2016",34.49,180.42,7.52,22.68,24.5,1
Bengaluru,"Friday, March 25, 2016",32.59,183.03,4.59,14.13,22.9,1
Bengaluru,"Monday, March 28, 2016",57.92,157.8,6.37,22.21,50,1
Bengaluru,"Tuesday, March 29, 2016",48.28,162.1,5.17,15.33,24.05,1
Bengaluru,"Thursday, March 31, 2016",50.78,156.52,5.35,21.42,23.75,1
Bengaluru,"Friday, April 8, 2016",34.18,318.02,3.97,11.52,19.5,1
Bengaluru,"Saturday, April 9, 2016",33.01,152.78,27.61,32.63,18.87,1
Bengaluru,"Sunday, April 10, 2016",31.3,144.68,4.2,13.01,16.4,1
Bengaluru,"Monday, April 11, 2016",31.68,159.23,4.37,12.52,20.63,1
Bengaluru,"Wednesday, April 13, 2016",36.88,159.45,16.58,26.02,30.91,1
Bengaluru,"Thursday, April 14, 2016",35.46,224.24,9.73,23.58,25.67,1
Bengaluru,"Friday, April 15, 2016",35.31,196.65,6.29,14.15,26.03,1
Bengaluru,"Saturday, April 16, 2016",34.85,171.26,4.84,8.09,26.81,1
Bengaluru,"Sunday, April 17, 2016",36.9,145.98,3.37,7.11,24.31,1
Bengaluru,"Wednesday, May 25, 2016",,32.45,2.12,5.85,24.05,1
Bengaluru,"Thursday, May 26, 2016",,34.84,1.87,5.43,21.54,1
Bengaluru,"Friday, May 27, 2016",,39.88,1.78,4.86,21.52,1
Bengaluru,"Saturday, May 28, 2016",,36.26,1.82,5.28,21.36,1
Bengaluru,"Sunday, May 29, 2016",,19.21,1.69,4.9,17.98,1
Bengaluru,"Thursday, June 2, 2016",17.71,21.58,3.79,12.31,29.71,1
Bengaluru,"Tuesday, July 5, 2016",18.36,57.25,10.01,17.76,31.94,1
Bengaluru,"Thursday, August 11, 2016",31.42,60.6,4.21,7.77,40.48,1
Bengaluru,"Monday, August 15, 2016",14.38,61.19,4.9,6.76,40.86,1
Bengaluru,"Tuesday, September 6, 2016",37.14,64.32,4.29,2.76,40.36,1
Bengaluru,"Friday, September 23, 2016",26.6,103.69,6.32,8.74,120.07,1
Bengaluru,"Saturday, October 8, 2016",27.31,91.1,10.57,5.49,38.9,1
Bengaluru,"Sunday, October 9, 2016",13.51,85.18,7.51,3.9,15.05,1
Bengaluru,"Monday, October 10, 2016",18.96,72.83,6.87,4.02,15.09,1
Bengaluru,"Tuesday, October 11, 2016",14.61,70.21,6.43,5.29,15.11,1
Bengaluru,"Thursday, October 13, 2016",25.15,66.38,14.37,4.02,15.12,1
Bengaluru,"Saturday, October 15, 2016",35.18,154.1,18.71,3.44,15.02,1
Bengaluru,"Monday, October 17, 2016",56.36,182.16,16.27,6.79,14.45,1
Bengaluru,"Tuesday, October 18, 2016",53.43,180.64,15.26,7.55,14.91,1
Bengaluru,"Friday, October 21, 2016",62.74,191.9,16.25,9.55,19.99,1
Bengaluru,"Saturday, October 22, 2016",97.17,195.61,15.42,9.13,39.56,1
Bengaluru,"Thursday, October 27, 2016",59.61,137.68,8.04,16.72,37.52,1
Bengaluru,"Friday, October 28, 2016",62.38,123.91,12.29,15.06,34.9,1
Bengaluru,"Monday, October 31, 2016",36.92,95.71,13.39,6.17,38.42,1
Bengaluru,"Sunday, October 1, 2017",20.01,57.46,5.63,1.37,23.86,1
Bengaluru,"Monday, October 2, 2017",20.5,46.54,38.94,1.8,23.89,1
Bengaluru,"Tuesday, October 3, 2017",22.85,63.75,6.46,1.81,23.95,1
Bengaluru,"Wednesday, October 4, 2017",121.63,67.04,4.69,7.5,23.88,1
Bengaluru,"Thursday, October 5, 2017",21.36,42.33,13.18,21.6,24.02,1
Bengaluru,"Sunday, October 8, 2017",78.14,65.04,7.57,14.42,26.27,1
Bengaluru,"Sunday, October 15, 2017",40.34,50.86,14,18.62,26.03,1
Bengaluru,"Saturday, October 21, 2017",39.67,157.62,8.15,16.86,26.51,1
Bengaluru,"Sunday, October 22, 2017",22.44,118.74,8.29,14.94,26.26,1
Bengaluru,"Wednesday, October 25, 2017",35.29,134.15,16.44,26.42,26.4,1
Bengaluru,"Thursday, October 26, 2017",25.49,88.04,17.04,22.64,26.39,1
Bengaluru,"Friday, October 27, 2017",26.03,87.11,13.99,19.54,26.4,1
Bengaluru,"Saturday, October 28, 2017",37.38,91.81,15.78,22.25,26.62,1
Bengaluru,"Friday, December 8, 2017",103.18,93.55,28,50.17,68.36,1
Bengaluru,"Saturday, December 9, 2017",90.59,108.41,21.48,44.62,30.02,1
Bengaluru,"Sunday, December 10, 2017",81.28,117.05,17.62,38.79,42.43,1
Bengaluru,"Monday, December 11, 2017",63.5,85.74,8.19,41.9,37.61,1
Bengaluru,"Tuesday, December 12, 2017",,85.6,7.87,33,54.97,1
Bengaluru,"Wednesday, December 13, 2017",,93.92,10.44,28.17,87.2,1
Bengaluru,"Thursday, December 14, 2017",161.35,73.5,16.43,34.18,56.03,1
Bengaluru,"Friday, December 15, 2017",85.57,55.14,42.05,67.93,28.03,1
Bengaluru,"Tuesday, December 19, 2017",76.92,72.71,10.01,31.68,65.03,1
Bengaluru,"Wednesday, December 20, 2017",107.9,70.28,11.34,88.57,57.13,1
Bengaluru,"Thursday, December 21, 2017",84.55,62.23,10.59,69.84,49.98,1
Bengaluru,"Friday, December 22, 2017",71.71,58.04,11.41,77.93,37,1
Bengaluru,"Saturday, December 23, 2017",56.14,60.26,10.11,37.69,80.1,1
Bengaluru,"Sunday, December 24, 2017",48.78,38.57,3.71,17.8,84.26,1
Bengaluru,"Monday, December 25, 2017",159.52,45.31,4.58,14.41,72.53,1
Bengaluru,"Tuesday, December 26, 2017",63.3,60.95,7.62,20.89,37.01,1
Bengaluru,"Wednesday, December 27, 2017",73.7,87.05,6.4,26.75,9.77,1
Bengaluru,"Thursday, December 28, 2017",62.76,83.3,7,25.49,10.45,1
Bengaluru,"Friday, December 29, 2017",32.57,74.48,10.82,27.48,9.6,1
Bengaluru,"Saturday, December 30, 2017",26.74,70.68,10.05,24.2,8.98,1
Bengaluru,"Sunday, January 14, 2018",34.43,110.99,10.94,30.63,36.21,1
Bengaluru,"Friday, February 2, 2018",29.63,103.77,5.9,25.09,75.97,1
Bengaluru,"Sunday, February 11, 2018",28.29,96.63,5.06,14.77,62.54,1
Bengaluru,"Friday, June 8, 2018",19.28,21.36,9.94,16.94,18.55,1
Bengaluru,"Tuesday, June 19, 2018",32.62,100.12,8.27,17.4,39.88,1
Bengaluru,"Wednesday, June 20, 2018",13.64,73.69,8.31,18.08,39.82,1
Bengaluru,"Thursday, June 21, 2018",16.71,76.66,7.76,20.93,39.87,1
Bengaluru,"Friday, June 22, 2018",18.94,79.08,10.67,27.45,40.19,1
Bengaluru,"Saturday, June 23, 2018",23.76,55.83,9.93,22.5,43.21,1
Bengaluru,"Sunday, June 24, 2018",21.84,73.73,7.93,18.69,43.75,1
Bengaluru,"Monday, June 25, 2018",51.82,70.62,6.93,16.14,39.41,1
Bengaluru,"Tuesday, June 26, 2018",32.62,56.97,5.69,13.51,42.98,1
Bengaluru,"Wednesday, June 27, 2018",11.68,42.25,4.95,12.58,42.71,1
Bengaluru,"Thursday, June 28, 2018",9.23,34.44,6.3,14.8,42.01,1
Bengaluru,"Friday, June 29, 2018",11.93,44.86,10.26,17.54,37.54,1
Bengaluru,"Monday, October 1, 2018",21.61,66.61,14.5,34.21,14.76,1
Bengaluru,"Tuesday, October 2, 2018",14.51,51.79,11.08,26.83,13.69,1
Bengaluru,"Wednesday, October 3, 2018",15.17,52.6,12.05,27.91,13.57,1
Bengaluru,"Thursday, October 4, 2018",21.47,46.9,16.7,32.94,13.65,1
Bengaluru,"Friday, October 5, 2018",13.99,40.41,15.24,29.23,14.61,1
Bengaluru,"Saturday, October 6, 2018",14,42,14.33,29.19,12.98,1
Bengaluru,"Sunday, October 7, 2018",20.86,69.05,13.17,32.48,14.74,1
Bengaluru,"Monday, October 8, 2018",32.94,96.04,12.11,34.31,15.77,1
Bengaluru,"Friday, October 19, 2018",20.75,61.94,9.89,27.29,12,1
Bengaluru,"Saturday, October 20, 2018",25.61,86.65,10.61,31.45,11.56,1
Bengaluru,"Sunday, October 21, 2018",36.42,122.86,14.12,38.3,12.67,1
Bengaluru,"Saturday, November 17, 2018",49.2,96.6,7.31,28.53,17.03,1
Bengaluru,"Sunday, November 18, 2018",41.2,83.45,9.24,25.94,16.24,1
Bengaluru,"Monday, November 19, 2018",19.95,61.66,13,28.63,14.46,1
Bengaluru,"Friday, December 28, 2018",68.37,111.01,9.44,32,17.22,1
Bengaluru,"Saturday, December 29, 2018",65.81,106.31,11.15,32.97,17.7,1
Bengaluru,"Sunday, December 30, 2018",64.29,100.07,8.74,27.6,16,1
Bengaluru,"Monday, December 31, 2018",63.77,107.44,15.48,40.95,16.72,1
Bengaluru,"Tuesday, January 1, 2019",61.55,107.76,14.75,41.3,17.97,1
Bengaluru,"Wednesday, January 2, 2019",47.27,92.47,12.94,41.65,20.45,1
Bengaluru,"Saturday, January 5, 2019",46.57,99.1,15.87,44.4,18.17,1
Bengaluru,"Sunday, January 6, 2019",56.8,105.51,9.68,36.84,22.58,1
Bengaluru,"Monday, January 7, 2019",58.29,116.5,15.59,48.97,26.01,1
Bengaluru,"Wednesday, January 9, 2019",62.6,113.27,17.76,55.76,25.66,1
Bengaluru,"Thursday, January 10, 2019",63.63,108.49,12.78,53.27,30.88,1
Bengaluru,"Friday, January 11, 2019",59.52,111.13,14.65,51.67,29.43,1
Bengaluru,"Saturday, January 12, 2019",70.5,121.91,14.05,50.62,28.56,1
Bengaluru,"Sunday, January 13, 2019",54.44,99.59,10.6,43.65,27.09,1
Bengaluru,"Monday, January 14, 2019",58.36,110.39,14.18,48.49,26.18,1
Bengaluru,"Tuesday, January 15, 2019",47.13,86.88,16.17,48.92,21.74,1
Bengaluru,"Wednesday, January 16, 2019",62.4,99.49,10.64,44.5,24.59,1
Bengaluru,"Saturday, January 19, 2019",59.01,102.34,7.41,33.38,17.08,1
Bengaluru,"Sunday, January 20, 2019",42.33,82.67,5.69,27.7,14.47,1
Bengaluru,"Monday, January 21, 2019",52.05,99.24,6.26,31.71,15.56,1
Bengaluru,"Thursday, January 24, 2019",50.66,109.76,7.08,28.82,15.78,1
Bengaluru,"Friday, January 25, 2019",35.76,87.96,7.16,28.37,14.75,1
Bengaluru,"Saturday, January 26, 2019",51.09,101.59,7.25,29.19,15.32,1
Bengaluru,"Sunday, January 27, 2019",40.56,87.62,5.89,24.5,14.06,1
Bengaluru,"Monday, January 28, 2019",38.48,73.19,7.95,24.72,12.92,1
Bengaluru,"Tuesday, January 29, 2019",29.81,62.01,9.41,28.59,12.84,1
Bengaluru,"Sunday, February 3, 2019",39.5,87.56,6.69,24.55,13.75,1
Bengaluru,"Monday, February 4, 2019",32.91,70.95,9.19,25.35,13.82,1
Bengaluru,"Tuesday, February 5, 2019",37.93,82.59,6.98,24.42,13.77,1
Bengaluru,"Wednesday, February 6, 2019",60.08,115.27,10.06,33.98,14.13,1
Bengaluru,"Monday, February 11, 2019",41.65,78.53,10,26.17,15.25,1
Bengaluru,"Tuesday, February 12, 2019",49.32,88.06,8.75,27.32,14.48,1
Bengaluru,"Wednesday, February 13, 2019",47.31,92.86,9.72,30.98,15.25,1
Bengaluru,"Thursday, February 14, 2019",37.94,84.87,11.4,32.32,16.68,1
Bengaluru,"Wednesday, February 20, 2019",31.49,79.97,9.18,27.55,15.62,1
Bengaluru,"Sunday, April 14, 2019",41.74,89.76,6.27,25.14,15.09,1
Bengaluru,"Wednesday, May 1, 2019",42.75,74.84,7.54,23.34,15.57,1
Bengaluru,"Thursday, May 2, 2019",46.45,102.47,12.06,27.32,14.92,1
Bengaluru,"Wednesday, May 22, 2019",40.4,84.74,9.12,30.39,16.3,1
Bengaluru,"Sunday, June 2, 2019",44.24,64.72,5.18,19.6,12.94,1
Bengaluru,"Wednesday, June 5, 2019",28.4,56.09,7.78,27.22,10.02,1
Bengaluru,"Friday, June 7, 2019",25.02,56.96,8.64,32.77,15.21,1
Bengaluru,"Saturday, June 8, 2019",23.54,53.47,6.54,24.49,14.01,1
Bengaluru,"Sunday, June 9, 2019",16.31,39.84,5.29,20.29,12.94,1
Bengaluru,"Monday, June 10, 2019",7.85,25.87,6.28,21.21,11.79,1
Bengaluru,"Tuesday, June 11, 2019",11.32,30.88,5.87,20.4,13.18,1
Bengaluru,"Wednesday, June 12, 2019",12.8,35.87,6.7,22.31,13.74,1
Bengaluru,"Saturday, June 29, 2019",25.37,81.98,6.35,27.38,9.02,1
Bengaluru,"Sunday, June 30, 2019",20.16,63.53,5.14,19.15,10.04,1
Bengaluru,"Monday, July 1, 2019",26.89,70.15,6.08,21.32,9.92,1
Bengaluru,"Tuesday, July 2, 2019",20.79,62.01,6.09,23.04,10.46,1
Bengaluru,"Sunday, July 7, 2019",19.38,68.71,5.33,21.55,8.26,1
Bengaluru,"Monday, July 8, 2019",17.24,55.7,5.42,19.26,8.74,1
Bengaluru,"Wednesday, July 10, 2019",31.67,50.35,6.02,22.32,11.63,1
Bengaluru,"Saturday, July 13, 2019",20.39,57.91,5.27,22.77,11.76,1
Bengaluru,"Sunday, July 14, 2019",19.18,51.48,5.39,20.69,11.64,1
Bengaluru,"Saturday, July 20, 2019",15.96,42.66,5.09,21.45,12.36,1
Bengaluru,"Sunday, July 21, 2019",19.24,41.46,6.43,25.39,11.87,1
Bengaluru,"Monday, July 22, 2019",15.91,41.71,6.7,26.02,11.03,1
Bengaluru,"Tuesday, July 23, 2019",19.14,41.62,6.94,25.31,11.49,1
Bengaluru,"Wednesday, July 24, 2019",20.89,63.75,6.44,24.67,12.15,1
Bengaluru,"Friday, July 26, 2019",20.33,53.25,6.92,24.97,11.62,1
Bengaluru,"Saturday, July 27, 2019",23.21,50.99,5.66,19.66,11.85,1
Bengaluru,"Sunday, July 28, 2019",23.3,49.13,7.2,22.03,11.46,1
Bengaluru,"Monday, July 29, 2019",18.61,56.25,5.18,21.39,11.72,1
Bengaluru,"Tuesday, July 30, 2019",23.14,56.4,5.84,24.17,11.9,1
Bengaluru,"Thursday, August 1, 2019",19.87,51.46,5.12,18.94,11.1,1
Bengaluru,"Friday, August 2, 2019",18.45,52.16,6.62,23.57,11.78,1
Bengaluru,"Saturday, August 3, 2019",18.13,46.6,6.99,20.69,11.18,1
Bengaluru,"Sunday, August 4, 2019",16.26,41.66,9.14,20.51,10.68,1
Bengaluru,"Tuesday, August 6, 2019",14.76,30.58,10.3,24.66,11.72,1
Bengaluru,"Wednesday, August 7, 2019",14.94,32.65,10.1,25.36,12.83,1
Bengaluru,"Friday, August 9, 2019",15.53,30.16,9.06,23.29,12.13,1
Bengaluru,"Saturday, August 10, 2019",13.63,38.48,8.61,24.99,12.32,1
Bengaluru,"Sunday, August 11, 2019",12.95,38.27,8.35,21.33,11.74,1
Bengaluru,"Sunday, August 25, 2019",14.98,55.99,5.28,18.18,11.29,1
Bengaluru,"Sunday, September 1, 2019",17.64,47.85,5.73,17.09,8.94,1
Bengaluru,"Monday, September 2, 2019",10.98,27.78,3.7,12.58,8.81,1
Bengaluru,"Sunday, September 8, 2019",12.63,45.47,6,15.67,7.49,1
Bengaluru,"Thursday, September 12, 2019",20.53,57.11,9.86,25.64,12.42,1
Bengaluru,"Saturday, September 14, 2019",22.29,56.94,6.61,20.68,10.94,1
Bengaluru,"Sunday, September 15, 2019",21.74,50.11,7.52,18.78,10.07,1
Bengaluru,"Thursday, September 19, 2019",23.96,59.79,6.04,21.91,16.1,1
Bengaluru,"Friday, September 20, 2019",19.12,56.78,11.37,26.19,17.48,1
Bengaluru,"Saturday, September 21, 2019",22.92,68.81,7.27,27.2,14.09,1
Bengaluru,"Thursday, September 26, 2019",16.59,41.07,10.63,26.68,13.17,1
Bengaluru,"Friday, October 25, 2019",13.43,42.75,5.68,19.56,12.32,1
Bengaluru,"Saturday, October 26, 2019",18.21,47.6,6.8,20.81,11.69,1
Bengaluru,"Tuesday, November 12, 2019",27.77,68.96,7.02,27.22,16.45,1
Bengaluru,"Sunday, November 24, 2019",41.18,71.69,4.45,20.72,17.36,1
Bengaluru,"Thursday, January 16, 2020",39.36,84.68,7.12,37.98,13.75,1
Bengaluru,"Sunday, January 19, 2020",26.66,59.29,5.34,25.93,13.36,1
Bengaluru,"Monday, January 20, 2020",34.51,82.12,6.77,35.46,14.44,1
Bengaluru,"Tuesday, January 21, 2020",37.86,84.98,6.26,33.87,14.19,1
Bengaluru,"Wednesday, January 22, 2020",28.25,71.37,6.1,31.73,14.77,1
Bengaluru,"Thursday, January 23, 2020",41.13,76.02,8.76,30.61,14.45,1
Bengaluru,"Sunday, January 26, 2020",44.48,93.93,9.21,48.99,16.11,1
Bengaluru,"Monday, January 27, 2020",45.49,92.25,12.1,46.01,17.79,1
Bengaluru,"Tuesday, January 28, 2020",52.63,98.54,6.61,34.73,17.5,1
Bengaluru,"Thursday, February 6, 2020",43.83,92.77,7.34,37.61,13.82,1
Bengaluru,"Sunday, February 16, 2020",45.02,89.03,6.18,32.5,13.44,1
Bengaluru,"Monday, February 17, 2020",41.66,94.89,14.05,45.43,13.41,1
Bengaluru,"Tuesday, February 18, 2020",43.29,105.87,6.85,38.88,15.06,1
Bengaluru,"Wednesday, February 19, 2020",55.31,97.46,6.29,34.52,15.25,1
Bengaluru,"Friday, February 21, 2020",30.24,72.85,4.56,26.87,12.05,1
Bengaluru,"Saturday, February 22, 2020",33.96,82.03,4.67,26.23,13.04,1
Bengaluru,"Sunday, February 23, 2020",36.3,85.26,4.15,23.7,12.61,1
Bengaluru,"Monday, February 24, 2020",35.6,82.42,5.07,28.15,11.92,1
Bengaluru,"Tuesday, February 25, 2020",41.83,97.01,5,33.28,12.39,1
Bengaluru,"Wednesday, February 26, 2020",47.39,88.67,5.03,30.32,12.47,1
Bengaluru,"Thursday, February 27, 2020",39.39,92.84,5.95,33.19,12.63,1
Bengaluru,"Friday, February 28, 2020",42.58,95.58,5.36,29.54,12.35,1
Bengaluru,"Saturday, February 29, 2020",48.75,95.45,5.79,30.87,12.22,1
Bengaluru,"Sunday, March 1, 2020",56.2,89.66,3.51,21.37,14.37,1
Bengaluru,"Monday, March 2, 2020",53.75,115.89,6.52,32.36,14.37,1
Bengaluru,"Thursday, March 5, 2020",57.89,111.38,6.09,30.95,14.39,1
Bengaluru,"Saturday, March 7, 2020",44.33,89.88,5.26,28.22,15.57,1
Bengaluru,"Sunday, March 8, 2020",38.66,84.01,3.91,22.73,14.03,1
Bengaluru,"Monday, March 9, 2020",38.88,84.66,4.74,24.69,13.54,1
Bengaluru,"Wednesday, March 11, 2020",39.57,80.31,4.86,27.1,11.31,1
Bengaluru,"Thursday, March 12, 2020",34.62,78.55,6.45,30.35,10.85,1
Bengaluru,"Friday, March 13, 2020",34.77,76.68,6.76,30.03,10.94,1
Bengaluru,"Sunday, March 22, 2020",30.16,66.88,4.2,14.52,12.95,1
Bengaluru,"Monday, March 23, 2020",40.28,82.77,4.01,20.75,13.99,1
Bengaluru,"Tuesday, March 24, 2020",50.85,82.89,3.45,16.61,14.92,1
Bengaluru,"Saturday, March 28, 2020",24.89,45.75,2.63,12.06,10.13,1
Bengaluru,"Sunday, March 29, 2020",28.45,47.23,2.99,14.05,10.41,1
Bengaluru,"Monday, March 30, 2020",32.46,53.57,3.02,13.51,11.12,1
Bengaluru,"Thursday, April 2, 2020",27.12,58.49,2.43,10.93,10.92,1
Bengaluru,"Saturday, April 4, 2020",31.93,63.83,2.43,10.79,11.25,1
Bengaluru,"Wednesday, April 29, 2020",13.68,39.31,2.68,13.47,10.72,1
Bengaluru,"Thursday, April 30, 2020",20.3,54.56,4.21,17.17,8.07,1
Bengaluru,"Sunday, May 3, 2020",22.35,56.07,3.02,16.81,6.94,1
Bengaluru,"Monday, May 4, 2020",26.1,71.6,2.7,17.75,6.47,1
Bengaluru,"Tuesday, May 5, 2020",29.23,87.56,3.09,17.24,7.53,1
Bengaluru,"Thursday, May 7, 2020",26.87,72.07,2.9,17.08,8.9,1
Bengaluru,"Friday, May 8, 2020",17.61,52.32,3,16.68,7.94,1
Bengaluru,"Saturday, May 9, 2020",21.05,60.98,3.05,15.16,8.26,1
Bengaluru,"Sunday, May 10, 2020",24.29,59.49,3.02,13.74,8.84,1
Bengaluru,"Monday, May 11, 2020",20.58,66.73,3.08,14.33,9.01,1
Bengaluru,"Saturday, May 16, 2020",23.44,56.99,3.89,17.24,10.07,1
Bengaluru,"Sunday, May 17, 2020",21.25,52.69,3.12,12.56,10.3,1
Bengaluru,"Monday, May 18, 2020",16.82,47.84,7.57,11.92,10.52,1
Bengaluru,"Friday, May 22, 2020",18.13,56.21,4.32,16.51,8.98,1
Bengaluru,"Saturday, May 23, 2020",19.52,62.59,3.49,15.53,8.76,1
Bengaluru,"Monday, May 25, 2020",21.06,57.36,3.88,17.08,9.36,1
Bengaluru,"Thursday, June 18, 2020",28.32,63.66,5.57,16.54,6.84,1
Bengaluru,"Friday, June 19, 2020",21.55,57.17,4.82,15.89,6.54,1
Bengaluru,"Saturday, June 20, 2020",18.32,47.55,4.48,14.97,6.59,1
Bengaluru,"Wednesday, June 24, 2020",19.72,52.43,5.41,16.98,7.37,1
Bengaluru,"Friday, June 26, 2020",15.4,28.66,4.42,15.57,7.32,1
Bengaluru,"Saturday, June 27, 2020",16.6,29.48,3.06,13.07,6.88,1
Bengaluru,"Sunday, June 28, 2020",20.44,26.34,2.69,10.58,6.58,1
Bengaluru,"Monday, June 29, 2020",28.68,29.27,3.62,12.94,6.8,1
Bengaluru,"Tuesday, June 30, 2020",14.47,24.26,4.61,15,6.82,1
Bengaluru,"Wednesday, July 1, 2020",17.5,30.48,3.95,14.83,7.42,1
Kolkata,"Wednesday, April 11, 2018",29,50.87,3.26,45.29,3.59,1
Kolkata,"Tuesday, April 17, 2018",24.37,40.66,6.12,39.05,2.12,1
Kolkata,"Saturday, June 16, 2018",47.55,128.66,6.01,24.51,7.4,1
Kolkata,"Sunday, January 27, 2019",112.94,188.34,23.6,115.22,28.35,1
Kolkata,"Monday, January 28, 2019",112.49,180.14,17.94,96.7,26.23,1
Kolkata,"Tuesday, January 29, 2019",97.05,175.72,33.82,113.39,23.96,1
Kolkata,"Wednesday, January 30, 2019",103.58,181.31,37.98,120.43,21.48,1
Kolkata,"Thursday, January 31, 2019",153.89,270.09,90.12,168.14,22.98,1
Kolkata,"Thursday, April 12, 2018",21.7,43.04,3.49,42.54,3.77,2
Kolkata,"Friday, April 13, 2018",23.09,46.49,3.69,36.72,3.88,2
Kolkata,"Saturday, April 14, 2018",21.56,42.1,2.81,29.43,4.22,2
Kolkata,"Monday, April 16, 2018",26.72,51.27,2.63,31.56,3.7,2
Kolkata,"Tuesday, June 19, 2018",39.25,87.24,2.6,33.45,12.06,2
Kolkata,"Sunday, June 24, 2018",24.61,46.54,0.86,26.32,3.96,2
Kolkata,"Thursday, June 28, 2018",24.4,26.42,1.95,22.79,6.38,2
Kolkata,"Friday, June 29, 2018",16.11,35,1.34,24.17,5.29,2
Kolkata,"Saturday, June 30, 2018",28.7,55.13,0.59,18.5,4.44,2
Kolkata,"Sunday, July 1, 2018",27.7,57.99,0.47,14.73,3.71,2
Kolkata,"Monday, July 2, 2018",29.26,55.35,0.88,20.51,2.88,2
Kolkata,"Sunday, July 8, 2018",9.84,28.42,3.09,20.99,5.91,2
Kolkata,"Wednesday, July 11, 2018",18.01,36.07,4.76,33.98,5.65,2
Kolkata,"Sunday, July 15, 2018",7.72,19.72,3.11,18.71,9.52,2
Kolkata,"Monday, July 16, 2018",7.64,20.65,4.93,27,8.72,2
Kolkata,"Saturday, January 26, 2019",126.08,203.17,39.14,127.36,30.14,2
Bengaluru,"Tuesday, November 10, 2015",12.63,43.64,1.46,4.75,12.63,2
Bengaluru,"Thursday, November 19, 2015",21.99,39.86,7.08,19.51,41.96,2
Bengaluru,"Monday, November 23, 2015",19.66,36.84,6.47,20.87,24.04,2
Bengaluru,"Tuesday, November 24, 2015",20.35,33.97,7.76,24.75,26.98,2
Bengaluru,"Saturday, November 28, 2015",44.94,114.34,8.47,29.37,32.75,2
Bengaluru,"Tuesday, December 1, 2015",14.18,55.71,12.9,27.06,21.81,2
Bengaluru,"Wednesday, December 2, 2015",13.36,33.82,8.24,17.46,22,2
Bengaluru,"Monday, December 7, 2015",41.16,85.25,10.04,23.91,46.07,2
Bengaluru,"Tuesday, December 8, 2015",46.33,82.86,17.24,34.36,45.43,2
Bengaluru,"Friday, December 11, 2015",32.95,79.07,23.41,36.25,26.38,2
Bengaluru,"Monday, December 14, 2015",52.06,56.71,13.51,21.45,11.98,2
Bengaluru,"Friday, December 18, 2015",56.62,85.88,24.29,45.46,29.2,2
Bengaluru,"Tuesday, December 22, 2015",49.54,84.48,22.95,49.45,34.27,2
Bengaluru,"Friday, December 25, 2015",68.48,81.97,17.96,37.33,24.77,2
Bengaluru,"Saturday, March 12, 2016",59.53,163.88,7.19,19.89,26.04,2
Bengaluru,"Monday, March 14, 2016",67.65,148.74,6.95,20.19,23.37,2
Bengaluru,"Thursday, March 17, 2016",72.22,151.36,11.89,18.7,29.15,2
Bengaluru,"Saturday, March 19, 2016",98.29,206.35,10.49,24.48,29.65,2
Bengaluru,"Tuesday, March 22, 2016",66.36,190.04,9.51,37.08,32.7,2
Bengaluru,"Sunday, March 27, 2016",63.5,175.45,4.97,18.63,42.56,2
Bengaluru,"Wednesday, March 30, 2016",42.65,142.17,5.45,16.91,22.67,2
Bengaluru,"Friday, April 1, 2016",49.33,150.05,7.72,24.09,23.19,2
Bengaluru,"Saturday, April 2, 2016",51.78,159.41,10.62,25.48,29.64,2
Bengaluru,"Sunday, April 3, 2016",53.54,157.92,8.11,18.69,19.18,2
Bengaluru,"Monday, April 4, 2016",54.8,165.25,12.49,28.58,45.69,2
Bengaluru,"Tuesday, April 5, 2016",49.84,215.52,19.66,45.68,22.62,2
Bengaluru,"Wednesday, April 6, 2016",63.16,254.77,7.65,24.61,28.88,2
Bengaluru,"Thursday, April 7, 2016",46.24,208.97,3.14,10.68,23.17,2
Bengaluru,"Tuesday, April 12, 2016",36.98,177.82,3.86,9.61,17.27,2
Bengaluru,"Monday, May 30, 2016",35.98,29.59,3.03,9.75,30.8,2
Bengaluru,"Tuesday, May 31, 2016",27.6,32.09,5,16.73,56.94,2
Bengaluru,"Wednesday, June 1, 2016",17.15,26.07,4.41,19.55,75.14,2
Bengaluru,"Monday, June 20, 2016",27.61,72.63,9.28,16.62,37.12,2
Bengaluru,"Friday, June 24, 2016",15.04,23.51,3.91,9.58,30.59,2
Bengaluru,"Tuesday, June 28, 2016",27.23,34.13,8.54,21.32,45.56,2
Bengaluru,"Thursday, June 30, 2016",13.95,48.92,7.33,16.49,37.66,2
Bengaluru,"Friday, July 1, 2016",25,35.36,5.42,17.99,41.94,2
Bengaluru,"Saturday, July 2, 2016",31.8,9.93,3.27,10.19,35.09,2
Bengaluru,"Sunday, July 3, 2016",17.36,30.52,10.96,16.04,29.15,2
Bengaluru,"Monday, July 4, 2016",19.4,112.27,12.8,19,32.37,2
Bengaluru,"Thursday, July 7, 2016",15.02,33.56,3.18,11.82,35.53,2
Bengaluru,"Saturday, September 10, 2016",43.95,68.24,4.78,1.38,104.81,2
Bengaluru,"Friday, September 16, 2016",32.23,57.94,10.28,65.31,13.14,2
Bengaluru,"Saturday, September 24, 2016",39.41,102.24,7.88,10.48,84.68,2
Bengaluru,"Friday, September 30, 2016",75.42,121.03,3.75,6.51,55.12,2
Bengaluru,"Sunday, October 23, 2016",67.85,184.81,17.7,8.52,24.4,2
Bengaluru,"Monday, October 24, 2016",58.78,179.79,17.97,6.73,23.24,2
Bengaluru,"Wednesday, October 26, 2016",68.17,116.92,8.27,18.86,40.67,2
Bengaluru,"Saturday, October 29, 2016",78.74,130.99,10.07,13.2,35.3,2
Bengaluru,"Wednesday, November 2, 2016",31.26,142.2,16.42,3.64,36.28,2
Bengaluru,"Tuesday, November 8, 2016",52.08,109.02,8.9,6.48,29.57,2
Bengaluru,"Friday, October 6, 2017",24.73,55.39,8.58,17.21,24.05,2
Bengaluru,"Saturday, October 7, 2017",29.16,70.61,9.98,17.23,25.33,2
Bengaluru,"Wednesday, October 11, 2017",22.5,62.71,14.24,17.4,26.24,2
Bengaluru,"Thursday, October 12, 2017",27.29,54.56,10.47,16.24,26.64,2
Bengaluru,"Friday, October 13, 2017",24.83,52.24,10.69,16.58,26.23,2
Bengaluru,"Saturday, October 14, 2017",32.61,44.65,10.09,15.1,26.16,2
Bengaluru,"Monday, October 16, 2017",21.63,76.61,9.41,15.09,26.29,2
Bengaluru,"Thursday, October 19, 2017",44.66,147.94,12.47,21.72,26.71,2
Bengaluru,"Monday, October 23, 2017",26.85,123.41,9.24,17.72,26.38,2
Bengaluru,"Friday, June 15, 2018",61.43,33.51,9.95,21.94,54.13,2
Bengaluru,"Saturday, June 16, 2018",22.24,43.59,9.44,20.74,65.66,2
Bengaluru,"Sunday, June 17, 2018",17.38,42.66,9.08,18.77,65.85,2
Bengaluru,"Monday, June 18, 2018",13.38,100.6,9.51,19.88,52.88,2
Bengaluru,"Saturday, June 30, 2018",18.23,65.8,32.78,38.97,26.36,2
Bengaluru,"Monday, July 2, 2018",16.29,55.13,28.13,31.9,24.06,2
Bengaluru,"Sunday, July 15, 2018",17.08,63.33,12.09,16.7,20.98,2
Bengaluru,"Thursday, August 16, 2018",12.86,38.58,14.92,23.99,20.34,2
Bengaluru,"Friday, August 17, 2018",16.77,52.28,16.77,25.21,17.01,2
Bengaluru,"Saturday, August 18, 2018",20.09,65.73,15.73,24.67,17.14,2
Bengaluru,"Sunday, August 19, 2018",16.78,52.97,13.99,24.39,16.94,2
Bengaluru,"Monday, August 20, 2018",24.78,67.41,19.12,30.67,19.27,2
Bengaluru,"Tuesday, August 21, 2018",20.61,77.55,18.5,29.4,22.57,2
Bengaluru,"Wednesday, August 22, 2018",20.75,74,19.51,30.51,21.02,2
Bengaluru,"Thursday, August 23, 2018",17.29,52.66,22.31,32.44,21.4,2
Bengaluru,"Saturday, August 25, 2018",22.36,75.89,24.38,36.32,25.09,2
Bengaluru,"Sunday, August 26, 2018",18.42,60.03,21.34,31.57,23.73,2
Bengaluru,"Monday, August 27, 2018",19.86,64.68,25.62,36.57,24.91,2
Bengaluru,"Tuesday, August 28, 2018",21.93,63.28,20.83,31.9,22.82,2
Bengaluru,"Thursday, August 30, 2018",23.33,66.23,22.69,32.55,19.65,2
Bengaluru,"Friday, August 31, 2018",19.74,57.18,24.42,38.66,24.71,2
Bengaluru,"Saturday, September 1, 2018",23.62,78.59,18.31,29.17,22.74,2
Bengaluru,"Sunday, September 2, 2018",21.84,69.2,16.09,26.12,19.52,2
Bengaluru,"Monday, September 3, 2018",25.06,73.19,24.51,36.16,18.8,2
Bengaluru,"Wednesday, September 5, 2018",25.32,77.04,19.25,31.97,20.18,2
Bengaluru,"Thursday, September 6, 2018",25.21,71.56,20.52,33.3,19.48,2
Bengaluru,"Friday, September 7, 2018",27.2,66.34,20.06,32.1,19.09,2
Bengaluru,"Saturday, September 8, 2018",18.32,47.45,9.29,23.04,18.31,2
Bengaluru,"Sunday, September 9, 2018",19.07,56.66,9.72,25.42,19.12,2
Bengaluru,"Monday, September 10, 2018",28.1,72.52,8.51,28.16,23.38,2
Bengaluru,"Tuesday, September 18, 2018",19.86,64.1,17.97,32.53,23.56,2
Bengaluru,"Wednesday, September 19, 2018",20.21,69.15,12.96,28.88,20.72,2
Bengaluru,"Friday, September 21, 2018",26.75,81.33,15.97,37.62,21.57,2
Bengaluru,"Sunday, September 23, 2018",30.84,75.04,13.19,39.6,24.26,2
Bengaluru,"Friday, September 28, 2018",26.36,77.69,13.23,34.42,15.1,2
Bengaluru,"Saturday, September 29, 2018",17.35,64.18,13.34,33.62,13.5,2
Bengaluru,"Sunday, September 30, 2018",25.28,62.82,13.1,31.12,15.14,2
Bengaluru,"Tuesday, October 9, 2018",31.82,91.63,14.75,41.65,14.37,2
Bengaluru,"Sunday, October 14, 2018",48.48,100.3,6.99,28.07,13.1,2
Bengaluru,"Tuesday, October 16, 2018",35.37,94.07,10.95,31.15,12.5,2
Bengaluru,"Wednesday, October 17, 2018",19.99,51.83,14.07,32.79,11.95,2
Bengaluru,"Thursday, October 18, 2018",62.95,55.23,14,37.9,12.18,2
Bengaluru,"Monday, October 22, 2018",37.81,132.8,20.84,51.26,11.84,2
Bengaluru,"Tuesday, October 23, 2018",49.17,123.18,23.55,52.1,13.07,2
Bengaluru,"Wednesday, October 24, 2018",62.67,111.41,19.33,47.8,14.23,2
Bengaluru,"Thursday, October 25, 2018",46.34,121.55,17.54,45.09,16.93,2
Bengaluru,"Friday, October 26, 2018",50.19,123.42,14.97,46.02,22.94,2
Bengaluru,"Saturday, October 27, 2018",39.65,112.7,15.66,51.24,20.03,2
Bengaluru,"Thursday, November 1, 2018",20.96,66.49,16.9,37.49,16.25,2
Bengaluru,"Friday, November 2, 2018",17.57,56.53,12.79,29.12,16.35,2
Bengaluru,"Saturday, November 3, 2018",21.42,63.23,11.8,28.45,16.22,2
Bengaluru,"Sunday, November 4, 2018",21.84,77.72,9.14,25.74,15.52,2
Bengaluru,"Monday, November 5, 2018",23.98,90.86,11.81,32.92,15.31,2
Bengaluru,"Tuesday, November 6, 2018",41.38,116.55,11.41,34.18,15.25,2
Bengaluru,"Wednesday, November 7, 2018",57.03,107.56,11.01,34.22,15.57,2
Bengaluru,"Thursday, November 8, 2018",61.98,108.02,14.54,38.24,15.34,2
Bengaluru,"Friday, November 9, 2018",33.68,98.45,11.58,32.31,15.66,2
Bengaluru,"Friday, November 16, 2018",25.1,59.99,11.77,31.59,18.74,2
Bengaluru,"Tuesday, November 20, 2018",25.85,67.23,15.66,35,15.63,2
Bengaluru,"Wednesday, November 21, 2018",33.31,71.11,11.66,32.46,16.38,2
Bengaluru,"Thursday, November 22, 2018",17.95,39.52,13.98,30.52,15.83,2
Bengaluru,"Friday, November 23, 2018",25.58,50.78,16.08,34.72,18.03,2
Bengaluru,"Saturday, November 24, 2018",108.3,93.05,11.24,32.39,19.59,2
Bengaluru,"Sunday, November 25, 2018",61.34,106.53,7.46,27.58,21.03,2
Bengaluru,"Monday, November 26, 2018",71.66,119.7,7.78,30.14,21.13,2
Bengaluru,"Tuesday, November 27, 2018",54.73,137.9,19.16,36.17,41.22,2
Bengaluru,"Wednesday, November 28, 2018",59.58,112.2,10.19,32.37,21.36,2
Bengaluru,"Thursday, November 29, 2018",42.06,86.54,11.35,28.83,18.27,2
Bengaluru,"Friday, November 30, 2018",43.16,79.92,10.45,30.83,20.64,2
Bengaluru,"Saturday, December 1, 2018",40.67,83.54,12.57,34.43,20.42,2
Bengaluru,"Sunday, December 2, 2018",28.25,68.25,9.29,27.96,18.89,2
Bengaluru,"Monday, December 3, 2018",33.56,69.43,11.16,29.75,18.51,2
Bengaluru,"Tuesday, December 4, 2018",25.83,74.27,15.31,34.03,18.98,2
Bengaluru,"Wednesday, December 5, 2018",51.43,64.2,13.6,30.8,18.26,2
Bengaluru,"Thursday, December 6, 2018",29.32,81.35,13.52,33.09,17.66,2
Bengaluru,"Friday, December 7, 2018",37.49,150.02,16.07,34.16,17.51,2
Bengaluru,"Saturday, December 8, 2018",61,98.66,9.36,28.09,15.46,2
Bengaluru,"Sunday, December 9, 2018",63.28,110.14,5.87,19.92,11.87,2
Bengaluru,"Monday, December 10, 2018",75.78,137.41,9.79,31.44,15.23,2
Bengaluru,"Thursday, December 13, 2018",67.36,103.83,10.53,37.08,19.05,2
Bengaluru,"Friday, December 14, 2018",48.45,84.47,12.96,38.05,18.13,2
Bengaluru,"Saturday, December 15, 2018",47.62,81.06,15.51,39.72,18.23,2
Bengaluru,"Sunday, December 16, 2018",64.42,109.67,13.08,38.75,16.93,2
Bengaluru,"Thursday, December 20, 2018",45.7,105.66,11.87,35.33,19.31,2
Bengaluru,"Saturday, December 22, 2018",42.57,93.24,12.09,35.22,17.98,2
Bengaluru,"Sunday, December 23, 2018",37.34,86.46,9.1,25.68,16.35,2
Bengaluru,"Monday, December 24, 2018",43.13,85.68,10.4,29.5,15.77,2
Bengaluru,"Tuesday, December 25, 2018",57.89,102.48,10.72,33.96,16.55,2
Bengaluru,"Wednesday, December 26, 2018",59.38,100.47,10.07,33.88,16.61,2
Bengaluru,"Thursday, December 27, 2018",57.28,107.8,12.41,34.5,16.37,2
Bengaluru,"Thursday, January 3, 2019",48.86,96.42,16.74,51.87,29.72,2
Bengaluru,"Friday, January 4, 2019",51.35,105.52,17.37,50.21,24.95,2
Bengaluru,"Tuesday, January 8, 2019",60.04,106.76,19.73,56.53,26.12,2
Bengaluru,"Thursday, January 17, 2019",67.83,120.55,15.74,48.8,23.07,2
Bengaluru,"Friday, January 18, 2019",75.06,118.41,7.81,32.16,14.87,2
Bengaluru,"Wednesday, January 23, 2019",60.91,121.85,11.95,40.52,16.95,2
Bengaluru,"Saturday, February 2, 2019",45.32,96.87,9.15,30.75,14.41,2
Bengaluru,"Thursday, February 7, 2019",51.88,117.29,6.9,31.49,15.02,2
Bengaluru,"Friday, February 8, 2019",54.76,108.3,5.51,25.96,15.13,2
Bengaluru,"Saturday, February 9, 2019",68.68,123.42,11.64,37.69,16.47,2
Bengaluru,"Sunday, February 10, 2019",50.31,93.13,9.95,29.4,17.01,2
Bengaluru,"Friday, February 15, 2019",35.35,92.27,9.65,32.59,17.04,2
Bengaluru,"Tuesday, February 19, 2019",44.28,98.5,8.09,30.1,18.13,2
Bengaluru,"Thursday, February 21, 2019",36.4,92.9,14.06,36.91,12.47,2
Bengaluru,"Friday, February 22, 2019",38.35,101.4,17.28,44.74,14.54,2
Bengaluru,"Monday, April 15, 2019",52.38,92.14,8.34,31.72,15.92,2
Bengaluru,"Sunday, April 21, 2019",25.18,69.39,6.37,27.82,15.03,2
Bengaluru,"Tuesday, April 23, 2019",37.08,77.31,7.76,28.78,16.05,2
Bengaluru,"Saturday, April 27, 2019",66.34,123.11,7.59,27.39,17.39,2
Bengaluru,"Tuesday, April 30, 2019",53.78,94.01,6.44,26.58,17.41,2
Bengaluru,"Friday, May 3, 2019",47.56,95.06,8.56,25.52,17.29,2
Bengaluru,"Saturday, May 4, 2019",56.62,116.59,7.6,26.34,18.79,2
Bengaluru,"Sunday, May 5, 2019",54.62,110.84,6.9,25.65,16.93,2
Bengaluru,"Wednesday, May 15, 2019",33.89,81.23,7.43,25.03,16.03,2
Bengaluru,"Tuesday, May 21, 2019",45.3,93.68,5.1,23.99,16.95,2
Bengaluru,"Saturday, May 25, 2019",26.07,71.31,6.76,25.38,15.38,2
Bengaluru,"Sunday, May 26, 2019",22.5,49.25,5.26,23.18,13.51,2
Bengaluru,"Wednesday, May 29, 2019",28.66,62.28,5.08,22.09,15.5,2
Bengaluru,"Thursday, May 30, 2019",35.18,77.36,5.72,22.95,14.98,2
Bengaluru,"Friday, May 31, 2019",30.29,60.85,6.44,24.68,13.84,2
Bengaluru,"Saturday, June 1, 2019",28.95,64.19,9.57,29.63,13.43,2
Bengaluru,"Monday, June 3, 2019",20.3,42.09,6.5,24.12,12.08,2
Bengaluru,"Tuesday, June 4, 2019",27.33,61.65,9,30.04,11.9,2
Bengaluru,"Thursday, June 6, 2019",25.72,51.53,7.47,27.68,12.3,2
Bengaluru,"Thursday, June 13, 2019",16.38,38.15,7.7,23.51,12.46,2
Bengaluru,"Tuesday, June 18, 2019",28.82,64.96,6.09,22.94,13.94,2
Bengaluru,"Thursday, June 20, 2019",24.36,53.32,5.24,20.57,12,2
Bengaluru,"Friday, June 21, 2019",25.35,56.61,5.8,22.89,12.55,2
Bengaluru,"Saturday, June 22, 2019",16.58,45.48,4.93,21.76,12.89,2
Bengaluru,"Sunday, June 23, 2019",14.8,36.43,4.83,21.5,12.11,2
Bengaluru,"Tuesday, June 25, 2019",30.39,76.25,6.73,26.12,13.05,2
Bengaluru,"Thursday, June 27, 2019",26.44,65.51,7.51,24.37,12.55,2
Bengaluru,"Friday, June 28, 2019",26.98,85.13,7.01,23.98,7.99,2
Bengaluru,"Wednesday, July 3, 2019",18.25,60.9,5.89,21.1,8.4,2
Bengaluru,"Thursday, July 4, 2019",18.92,60.19,6.44,23.35,8.71,2
Bengaluru,"Friday, July 5, 2019",20.9,57.46,6.03,23.66,11.62,2
Bengaluru,"Saturday, July 6, 2019",16.65,51.06,6.2,25.96,10.2,2
Bengaluru,"Tuesday, July 9, 2019",19.53,46.87,5.88,20.78,10.19,2
Bengaluru,"Thursday, July 11, 2019",23.49,61.32,6.71,24.61,11.9,2
Bengaluru,"Friday, July 12, 2019",20.95,62.33,6.06,23.18,11.9,2
Bengaluru,"Monday, July 15, 2019",17.84,47.39,6.14,21.59,10.92,2
Bengaluru,"Tuesday, July 16, 2019",24.91,46.99,6.8,22.16,12.2,2
Bengaluru,"Wednesday, July 17, 2019",26.83,55,9.37,26.64,12.84,2
Bengaluru,"Friday, July 19, 2019",18.98,37.85,6.92,22.72,13.99,2
Bengaluru,"Thursday, July 25, 2019",20.67,53.24,7.12,24.76,11.97,2
Bengaluru,"Wednesday, July 31, 2019",26.99,47.37,5.7,21.49,11.74,2
Bengaluru,"Monday, August 5, 2019",15.08,29.63,9.97,22.65,11.23,2
Bengaluru,"Thursday, August 8, 2019",14.31,27.28,9.42,22.47,12.92,2
Bengaluru,"Monday, August 12, 2019",18.62,46.51,12.49,26.78,14.07,2
Bengaluru,"Tuesday, August 13, 2019",22.1,46.9,12.63,28.97,14.28,2
Bengaluru,"Wednesday, August 14, 2019",26.64,46.08,10.13,25.42,14.27,2
Bengaluru,"Thursday, August 15, 2019",15.63,38.14,8.64,21.81,13.18,2
Bengaluru,"Friday, August 16, 2019",18.63,34.85,8.64,24.55,13.51,2
Bengaluru,"Saturday, August 17, 2019",20.79,52,10.77,28.58,14.78,2
Bengaluru,"Sunday, August 18, 2019",23.25,47.66,12.4,29.87,16.35,2
Bengaluru,"Monday, August 19, 2019",20.73,49.59,12.5,31.49,16.63,2
Bengaluru,"Wednesday, August 21, 2019",17.04,45.86,12.94,27.03,12.61,2
Bengaluru,"Thursday, August 22, 2019",17.3,57.03,9.03,23.82,12.29,2
Bengaluru,"Friday, August 23, 2019",15.08,44.78,7.84,22.24,12.69,2
Bengaluru,"Saturday, August 24, 2019",15.29,63.42,8.07,23.84,12.39,2
Bengaluru,"Monday, August 26, 2019",14.14,49.29,5.95,19.29,10.86,2
Bengaluru,"Tuesday, August 27, 2019",11.42,47,7.18,23.79,12.1,2
Bengaluru,"Wednesday, August 28, 2019",15.3,42.17,6.49,22.89,11.62,2
Bengaluru,"Thursday, August 29, 2019",17.22,44.99,5.15,19.69,11.37,2
Bengaluru,"Friday, August 30, 2019",15.01,50.6,5.76,19.78,10.31,2
Bengaluru,"Saturday, August 31, 2019",20.82,65.26,7.24,22.6,10.46,2
Bengaluru,"Tuesday, September 3, 2019",11.18,32.65,6.38,17.74,9.5,2
Bengaluru,"Wednesday, September 4, 2019",13.01,40.46,7.04,19.57,9.34,2
Bengaluru,"Saturday, September 7, 2019",20.16,45.38,7.3,18.87,8.43,2
Bengaluru,"Monday, September 9, 2019",15.92,49.54,6.98,17.26,8.79,2
Bengaluru,"Tuesday, September 10, 2019",20.67,58.85,5.4,13.55,10.59,2
Bengaluru,"Wednesday, September 11, 2019",19.51,60.37,6.57,16.19,9.56,2
Bengaluru,"Friday, September 13, 2019",21.84,60.43,10.46,24.74,11.91,2
Bengaluru,"Monday, September 16, 2019",48.41,40.74,8,20.07,10.48,2
Bengaluru,"Tuesday, September 17, 2019",68.71,43.3,8.98,23.99,12.24,2
Bengaluru,"Wednesday, September 18, 2019",22.83,63.17,6.7,23.16,13.83,2
Bengaluru,"Sunday, September 22, 2019",19.15,53.11,14.84,37.17,14.75,2
Bengaluru,"Tuesday, September 24, 2019",17.68,36.94,11.88,36.56,14.1,2
Bengaluru,"Wednesday, September 25, 2019",13.45,32.33,7.39,26.46,15.3,2
Bengaluru,"Saturday, September 28, 2019",26.32,78.07,7.34,27.62,14.52,2
Bengaluru,"Sunday, September 29, 2019",38.4,87.7,4.7,21.74,14.52,2
Bengaluru,"Monday, September 30, 2019",23.22,53.78,5.23,17.87,13.18,2
Bengaluru,"Tuesday, October 1, 2019",34.28,68.99,11.17,29.12,14.14,2
Bengaluru,"Wednesday, October 2, 2019",17.34,36.79,13.18,35.39,13.28,2
Bengaluru,"Tuesday, October 8, 2019",24.46,39.4,8.65,26.66,14.09,2
Bengaluru,"Sunday, October 13, 2019",20.84,46.8,11.38,26.36,15.76,2
Bengaluru,"Sunday, October 20, 2019",17.2,39.02,6.82,23.16,13.23,2
Bengaluru,"Wednesday, October 23, 2019",11.71,35.91,7.89,19.84,17.04,2
Bengaluru,"Thursday, October 24, 2019",12.57,46.46,4.34,16.05,12.27,2
Bengaluru,"Sunday, October 27, 2019",42.44,74.17,7.74,23.05,12.84,2
Bengaluru,"Monday, October 28, 2019",42.44,78.91,10.63,26.91,13.82,2
Bengaluru,"Tuesday, October 29, 2019",34.24,78,11.34,27.53,16.13,2
Bengaluru,"Wednesday, October 30, 2019",18.77,42.23,11.91,32.16,15.45,2
Bengaluru,"Thursday, October 31, 2019",18.62,49.95,7.39,26.76,14.41,2
Bengaluru,"Friday, November 1, 2019",27.42,77.15,12.02,31.75,14.01,2
Bengaluru,"Saturday, November 2, 2019",27.1,72.41,12.02,30.28,16.17,2
Bengaluru,"Monday, November 11, 2019",61.83,117.91,8.64,34.39,20.35,2
Bengaluru,"Wednesday, November 13, 2019",30.39,81.26,10.37,31.5,17.33,2
Bengaluru,"Thursday, November 14, 2019",23.32,61.17,11.88,32.14,17.36,2
Bengaluru,"Saturday, November 16, 2019",20.62,57.92,12.03,33.07,17.27,2
Bengaluru,"Sunday, November 17, 2019",30.7,64.16,10.09,34.06,16.75,2
Bengaluru,"Monday, November 18, 2019",27.07,61.85,12.69,36.43,17.29,2
Bengaluru,"Tuesday, November 19, 2019",20.23,51.01,12.61,34.15,16.19,2
Bengaluru,"Wednesday, November 20, 2019",21.12,48.76,13.06,33.42,16.37,2
Bengaluru,"Friday, November 22, 2019",44.17,78.49,11.39,36.86,15.81,2
Bengaluru,"Saturday, November 23, 2019",36.68,68.13,9.67,34.86,15.22,2
Bengaluru,"Saturday, January 18, 2020",26.9,65.04,6.83,28.93,14.38,2
Bengaluru,"Friday, January 24, 2020",42.19,84.68,7.99,40.6,13.91,2
Bengaluru,"Saturday, January 25, 2020",44.82,95.52,10.87,49.87,14.99,2
Bengaluru,"Wednesday, January 29, 2020",46.45,100.44,8.04,38.26,13.87,2
Bengaluru,"Thursday, January 30, 2020",43.42,107.2,17.25,53.47,14.17,2
Bengaluru,"Saturday, February 1, 2020",52.07,105.15,5.09,30.74,14.51,2
Bengaluru,"Sunday, February 2, 2020",35.27,84.84,4.24,23.37,13.05,2
Bengaluru,"Monday, February 3, 2020",33.79,80.75,9.12,35.34,12.29,2
Bengaluru,"Sunday, February 9, 2020",52.39,111.14,4.66,26.24,15.42,2
Bengaluru,"Monday, February 10, 2020",35.53,82.96,5.3,26.76,15.84,2
Bengaluru,"Tuesday, February 11, 2020",33.94,77.23,6.41,27.96,12.4,2
Bengaluru,"Thursday, February 13, 2020",37.67,86.81,9.5,38.56,12.15,2
Bengaluru,"Friday, February 14, 2020",50.47,120.55,15.25,49,14.09,2
Bengaluru,"Saturday, February 15, 2020",54.91,129.65,16.22,56.07,14.89,2
Bengaluru,"Tuesday, March 3, 2020",70.78,154.34,8.97,35.82,14.47,2
Bengaluru,"Wednesday, March 4, 2020",55.66,118.07,12.1,39.86,15.46,2
Bengaluru,"Friday, March 6, 2020",41.84,83.19,5.52,25.33,13.61,2
Bengaluru,"Tuesday, March 10, 2020",41.48,89.64,3.92,23.81,12.71,2
Bengaluru,"Thursday, March 19, 2020",38.15,87.04,4.96,27.94,12.13,2
Bengaluru,"Friday, March 20, 2020",43.31,94.45,3.79,24.16,13.53,2
Bengaluru,"Saturday, March 21, 2020",40.62,95.67,6.2,32.76,13.76,2
Bengaluru,"Sunday, April 19, 2020",24.22,41.6,2.61,11.63,9.42,2
Bengaluru,"Monday, April 20, 2020",19.42,31.92,2.57,11.72,9.03,2
Bengaluru,"Tuesday, April 21, 2020",17.04,48.52,3.12,13.46,7.96,2
Bengaluru,"Sunday, April 26, 2020",21.32,43.11,3.03,13.11,9.89,2
Bengaluru,"Monday, April 27, 2020",19.25,50.33,3.17,14.32,9.21,2
Bengaluru,"Tuesday, April 28, 2020",20.74,55.81,2.71,13.01,10.71,2
Bengaluru,"Friday, May 1, 2020",24.81,61.29,3.34,14.65,8.95,2
Bengaluru,"Saturday, May 2, 2020",18.36,50.84,3.13,15.24,7.84,2
Bengaluru,"Wednesday, May 6, 2020",23.02,64.54,2.81,16.58,8.56,2
Bengaluru,"Tuesday, May 12, 2020",15.43,70.53,3.19,14.61,8.98,2
Bengaluru,"Friday, May 15, 2020",17.34,46.71,4.43,16.78,9.42,2
Bengaluru,"Tuesday, May 19, 2020",23.81,79.02,3.75,13.59,9.81,2
Bengaluru,"Wednesday, May 20, 2020",17.9,64,4.3,15.4,8.9,2
Bengaluru,"Thursday, May 21, 2020",19.53,60.44,4.38,16.17,8.87,2
Bengaluru,"Sunday, May 24, 2020",18.62,66.58,3.28,13.26,8.97,2
Bengaluru,"Tuesday, May 26, 2020",22.25,71.59,4.18,16.95,9.58,2
Bengaluru,"Wednesday, May 27, 2020",19.81,55.23,4.73,18.77,12.06,2
Bengaluru,"Thursday, May 28, 2020",28.46,55.7,4.48,16.36,9.1,2
Bengaluru,"Friday, May 29, 2020",23.16,53.37,5.1,17.14,8.2,2
Bengaluru,"Saturday, May 30, 2020",15.87,42.52,4.12,17.45,8.7,2
Bengaluru,"Sunday, May 31, 2020",23.32,51.62,2.39,10.32,7.26,2
Bengaluru,"Friday, June 5, 2020",22.88,48.48,3.88,18.98,5.64,2
Bengaluru,"Saturday, June 6, 2020",18.18,50.12,4.61,16.43,5.7,2
Bengaluru,"Wednesday, June 10, 2020",25.44,73.07,11.1,17.72,6,2
Bengaluru,"Thursday, June 11, 2020",16.53,39.75,5.74,16.75,5.76,2
Bengaluru,"Saturday, June 13, 2020",16.79,42.32,5.42,16.68,6.57,2
Bengaluru,"Sunday, June 14, 2020",16.66,35.74,4.77,14.6,6.7,2
Bengaluru,"Monday, June 15, 2020",19.57,36.58,5.15,15.5,6.55,2
Bengaluru,"Tuesday, June 16, 2020",17.07,45.6,5.16,15.94,6.9,2
Bengaluru,"Sunday, June 21, 2020",18.18,42.05,4.6,14.83,6.5,2
Bengaluru,"Monday, June 22, 2020",15.65,40.19,5.59,17.28,6.5,2
Bengaluru,"Tuesday, June 23, 2020",20.38,49.93,5.16,17.11,6.76,2
Bengaluru,"Thursday, June 25, 2020",16.93,40.06,6.01,19.1,7.42,2
Bengaluru,"Wednesday, July 13, 2016",,40.21,3.27,5.83,14.47,
Bengaluru,"Thursday, July 14, 2016",,52.13,6.23,11.43,18.34,
Bengaluru,"Thursday, July 21, 2016",26.7,21.82,30.59,44.21,11.35,
Bengaluru,"Friday, July 22, 2016",20.15,77.75,19.25,31.59,17.94,
Bengaluru,"Thursday, July 28, 2016",17,97.59,10.12,12.98,15.8,
Bengaluru,"Friday, July 29, 2016",22.19,46.72,11.37,15.42,10.82,
Bengaluru,"Saturday, July 30, 2016",8.74,62.96,9.58,11.75,13.48,
Bengaluru,"Sunday, July 31, 2016",18.9,138.45,24.37,28.43,21.24,
Bengaluru,"Monday, August 1, 2016",17.54,69.17,39.37,20.54,2.09,
Bengaluru,"Tuesday, August 2, 2016",20.06,95.02,6.15,10.25,0.15,
Bengaluru,"Wednesday, August 3, 2016",19.91,77.41,8.17,14.77,0.68,
Bengaluru,"Thursday, August 4, 2016",14.66,51.42,6.68,13.59,0.33,
Bengaluru,"Tuesday, August 16, 2016",101.09,55.19,5.23,7.33,40.69,
Bengaluru,"Wednesday, August 17, 2016",33.05,83.6,6.58,5.75,40.91,
Bengaluru,"Thursday, August 18, 2016",39.14,63.13,4.93,4.7,40.66,
Bengaluru,"Saturday, August 20, 2016",100.39,13.98,5.88,1.98,40.31,
Bengaluru,"Sunday, August 21, 2016",56.45,11.73,4.82,3.35,40.82,
Bengaluru,"Monday, August 22, 2016",35.4,29.35,4.85,2.91,40.19,
Bengaluru,"Tuesday, August 23, 2016",43.43,77.31,4.74,3.97,40.51,
Bengaluru,"Wednesday, August 24, 2016",34.99,73.18,4.35,2.31,40.31,
Bengaluru,"Thursday, August 25, 2016",15.02,62.79,3.54,0.59,41.23,
Bengaluru,"Friday, August 26, 2016",29.31,51.59,4.63,0.47,40.74,
Bengaluru,"Sunday, August 28, 2016",6.82,58.75,49.24,2.75,39.99,
Bengaluru,"Tuesday, August 30, 2016",27.9,33.7,5.05,5.14,40.42,
Bengaluru,"Friday, September 2, 2016",23.25,72.41,4.13,0.67,40.36,
Bengaluru,"Saturday, September 3, 2016",31.08,74.7,4.38,4.38,40.4,
Bengaluru,"Sunday, September 4, 2016",37.35,59.38,3.16,1.91,40.42,
Bengaluru,"Monday, September 5, 2016",22.49,51.96,2.72,1.07,40.48,
Bengaluru,"Wednesday, September 7, 2016",28.89,53.47,3.55,4.13,40.83,
Bengaluru,"Thursday, September 8, 2016",28.25,65.4,12.9,2.51,40.73,
Bengaluru,"Saturday, October 1, 2016",65.16,100.91,8.31,4.41,55.14,
Bengaluru,"Tuesday, October 4, 2016",70.57,112.72,7.54,6.39,55.41,
Bengaluru,"Thursday, October 6, 2016",54.75,81.36,8.6,7.29,55.42,
Bengaluru,"Friday, October 7, 2016",41.7,139.73,11.37,5.86,55.17,
Kolkata,"Tuesday, April 10, 2018",34.38,57,,,2.52,
Mumbai,"Monday, June 3, 2019",16.91,45.9,26.45,38.15,7.21,
Mumbai,"Tuesday, June 4, 2019",14.51,49.54,16.3,23.25,7.47,
Mumbai,"Wednesday, June 5, 2019",16.41,53.63,12.61,18.98,8.87,
Mumbai,"Thursday, June 6, 2019",12.41,57.2,17.28,25.75,10.61,
Mumbai,"Friday, June 7, 2019",12.86,65.7,23.87,35.29,11.13,
Mumbai,"Saturday, June 8, 2019",14.42,77.47,25.34,36.46,9.55,
Mumbai,"Sunday, June 9, 2019",16.3,85.38,27.75,38.53,8.39,
Mumbai,"Monday, June 10, 2019",18.41,75.69,27.33,48.3,16.2,
Mumbai,"Tuesday, June 11, 2019",18.13,50.39,22.23,50.27,18.1,
Mumbai,"Wednesday, June 12, 2019",15.48,46.88,25.57,44.77,17.14,
Mumbai,"Thursday, June 13, 2019",13.64,57.28,21.6,36.51,15.49,
Mumbai,"Friday, June 14, 2019",15.87,56.1,23.48,36.99,14.05,
Mumbai,"Saturday, June 15, 2019",13.97,48.22,23.56,37.27,13.96,
Mumbai,"Sunday, June 16, 2019",11.64,55.6,17.38,26.09,10.25,
Mumbai,"Monday, June 17, 2019",12.33,59.29,17.32,26.02,9.36,
Mumbai,"Tuesday, June 18, 2019",14.3,52.99,17.55,29.1,8.75,
Mumbai,"Wednesday, June 19, 2019",14.45,56.82,22.59,34.57,9.6,
Mumbai,"Thursday, June 20, 2019",15.98,82.29,27.03,35.37,8.91,
Mumbai,"Friday, June 21, 2019",16.49,78.83,26.62,35.38,9.47,
Mumbai,"Saturday, June 22, 2019",19.33,88.55,25.32,35.7,10.41,
Mumbai,"Sunday, June 23, 2019",18.81,88.85,22.83,33.94,9.22,
Mumbai,"Monday, June 24, 2019",20.36,80.85,20.8,36.33,8.51,
Mumbai,"Tuesday, June 25, 2019",17.72,53.76,30.17,44.24,12.19,
Mumbai,"Wednesday, June 26, 2019",15.04,49.61,27.65,40.77,12.07,
Mumbai,"Thursday, June 27, 2019",10.52,31.79,29.74,43.92,12.66,
Mumbai,"Friday, June 28, 2019",7.2,31.49,21.04,32.43,8.71,
Mumbai,"Saturday, June 29, 2019",10.31,34.34,19.59,34.84,7.86,
Mumbai,"Sunday, June 30, 2019",11.91,39.11,22.59,35.8,7.93,
Mumbai,"Monday, July 1, 2019",8.73,24.69,21.26,38.51,7.62,
Mumbai,"Tuesday, July 2, 2019",9.86,21.58,27.78,47.34,11.71,
Mumbai,"Wednesday, July 3, 2019",13.44,31.61,37.74,54.8,12.88,
Mumbai,"Thursday, July 4, 2019",16.28,43.96,44.97,58.4,10.29,
Mumbai,"Friday, July 5, 2019",13.97,53.1,31.89,44.87,11,
Mumbai,"Saturday, July 6, 2019",10.48,46.43,20.99,30.74,7.73,
Mumbai,"Sunday, July 7, 2019",17.65,82.39,20.06,29.25,5.74,
Mumbai,"Monday, July 8, 2019",9.78,54.07,22.01,34.24,6.49,
Mumbai,"Tuesday, July 9, 2019",10.49,45.85,18.6,28.55,6.16,
Mumbai,"Wednesday, July 10, 2019",8.69,28.14,25.96,38.82,6.27,
Mumbai,"Thursday, July 11, 2019",11,49.5,28.42,37.52,8.24,
Mumbai,"Friday, July 12, 2019",11.6,48.04,24.42,35.3,6.75,
Mumbai,"Saturday, July 13, 2019",11.06,44.93,25.43,36.87,5.61,
Mumbai,"Sunday, July 14, 2019",9.18,43.54,26.83,36.79,5.43,
Mumbai,"Monday, July 15, 2019",10.76,57,22.66,32.65,6.57,
Mumbai,"Tuesday, July 16, 2019",11.46,51.18,28.27,37.71,7.03,
Mumbai,"Wednesday, July 17, 2019",14.55,59.21,27.74,37.14,11.05,
Mumbai,"Thursday, July 18, 2019",14.07,62.65,24.18,35.47,14.42,
Mumbai,"Friday, July 19, 2019",18.79,78.75,28.95,42.14,17.49,
Mumbai,"Saturday, July 20, 2019",18.67,57.53,32.17,49.09,17.58,
Mumbai,"Sunday, July 21, 2019",22.6,48.5,33.18,52.83,16.54,
Mumbai,"Monday, July 22, 2019",11.58,32.14,21.45,37.5,16.04,
Mumbai,"Tuesday, July 23, 2019",7.33,25.93,22.41,37.59,14.29,
Mumbai,"Wednesday, July 24, 2019",7.93,22.05,22.44,36.2,13.52,
Mumbai,"Thursday, July 25, 2019",14.23,42.48,26.43,39.55,13.69,
Mumbai,"Friday, July 26, 2019",11.83,41.53,21.56,32.01,12.09,
Mumbai,"Saturday, July 27, 2019",11.84,43.68,17.04,26.48,10.02,
Mumbai,"Sunday, July 28, 2019",14.16,53.66,17.06,25.59,9.87,
Mumbai,"Monday, July 29, 2019",12.93,47.19,17.86,27.06,13.77,
Mumbai,"Tuesday, July 30, 2019",10.37,32.95,23.37,33.95,15.65,
Mumbai,"Wednesday, July 31, 2019",9.25,33.22,18.95,30.2,18.33,
Mumbai,"Thursday, August 1, 2019",9.44,38.95,18.22,27.45,16.59,
Mumbai,"Friday, August 2, 2019",7.97,29.55,18.23,27.33,16.34,
Mumbai,"Saturday, August 3, 2019",8.06,23.05,16.04,24.19,15.24,
Mumbai,"Sunday, August 4, 2019",10.3,35.88,15.93,23.05,12.79,
Mumbai,"Monday, August 5, 2019",11.9,41.42,18.87,26.81,12.44,
Mumbai,"Tuesday, August 6, 2019",10.6,41.04,23.34,31.87,12.25,
Mumbai,"Wednesday, August 7, 2019",12.73,51.39,24.49,32.45,11.54,
Mumbai,"Thursday, August 8, 2019",18.67,72.32,23.89,32.84,11.17,
Mumbai,"Friday, August 9, 2019",18.48,66.95,19.78,28.11,10.95,
Mumbai,"Saturday, August 10, 2019",18.71,76.53,18,23.54,9.67,
Mumbai,"Sunday, August 11, 2019",15.56,62.75,19.14,25.2,8.21,
Mumbai,"Monday, August 12, 2019",12.73,56.76,20.93,28.39,8.78,
Mumbai,"Tuesday, August 13, 2019",13.07,52.56,28.81,38.17,10.04,
Mumbai,"Wednesday, August 14, 2019",15.06,61.4,27.53,39.97,10.91,
Mumbai,"Thursday, August 15, 2019",11.75,47.84,23.11,33.42,10.23,
Mumbai,"Friday, August 16, 2019",11.89,51.78,21.54,31.39,8.81,
Mumbai,"Saturday, August 17, 2019",13.3,64.05,17.68,26.81,8.8,
Mumbai,"Sunday, August 18, 2019",11.37,52.68,20.6,29.22,8.62,
Mumbai,"Monday, August 19, 2019",11.44,53.12,23.24,32.29,10.27,
Mumbai,"Tuesday, August 20, 2019",13.78,63.94,25.29,35.44,8.67,
Mumbai,"Wednesday, August 21, 2019",15.77,53.39,21.95,32.19,5.67,
Mumbai,"Thursday, August 22, 2019",12.96,53.14,22.39,32.56,7.52,
Mumbai,"Friday, August 23, 2019",16.01,52.92,23.11,34.04,12.92,
Mumbai,"Saturday, August 24, 2019",18.56,49.36,18.39,27.72,12.42,
Mumbai,"Sunday, August 25, 2019",12.37,47.31,24.17,35.08,12.82,
Mumbai,"Monday, August 26, 2019",14.76,59.08,24.26,34.95,15.1,
Mumbai,"Tuesday, August 27, 2019",13.53,55.06,22.73,32.22,14.52,
Mumbai,"Wednesday, August 28, 2019",12.75,45,18.89,28.73,19.5,
Mumbai,"Thursday, August 29, 2019",13.24,46.32,22.52,32.28,15.95,
Mumbai,"Friday, August 30, 2019",11.17,39.63,27.41,37.62,16.12,
Mumbai,"Saturday, August 31, 2019",11.53,42.24,23.87,34.6,15.21,
Mumbai,"Sunday, September 1, 2019",9.75,32.99,25.25,35.69,11.7,
Mumbai,"Monday, September 2, 2019",12.12,41.22,24.24,32.13,9.82,
Mumbai,"Tuesday, September 3, 2019",6.72,21.31,22.59,33.25,11.08,
Mumbai,"Wednesday, September 4, 2019",7.68,20.72,16.94,28.84,12.63,
Mumbai,"Thursday, September 5, 2019",5.68,20.38,13.76,24.08,12.98,
Mumbai,"Friday, September 6, 2019",7.6,29.36,12.54,23.05,11.7,
Mumbai,"Saturday, September 7, 2019",10.71,34.27,13.36,24.75,10.07,
Mumbai,"Sunday, September 8, 2019",8.69,29.63,13.52,26.66,9,
Mumbai,"Monday, September 9, 2019",12.07,46.77,14.4,26.77,9.16,
Mumbai,"Tuesday, September 10, 2019",13.89,51.1,10.6,22.61,9.89,
Mumbai,"Wednesday, September 11, 2019",14.62,47.04,20.44,33.46,10.31,
Mumbai,"Thursday, September 12, 2019",10.93,41.79,13.61,23.65,10.26,
Mumbai,"Friday, September 13, 2019",12.93,39.62,24.34,38.08,11.37,
Mumbai,"Saturday, September 14, 2019",13.24,54.5,17.51,29.52,11.01,
Mumbai,"Sunday, September 15, 2019",10.85,32.85,18.68,35.25,9.14,
Mumbai,"Monday, September 16, 2019",11.95,45.25,31.62,44.35,19.52,
Mumbai,"Tuesday, September 17, 2019",16.24,43.48,31.84,44.44,15.38,
Mumbai,"Wednesday, September 18, 2019",17.95,42.66,36.78,52.32,14.89,
Mumbai,"Thursday, September 19, 2019",21.73,38.49,15.81,46.79,13.33,
Mumbai,"Friday, September 20, 2019",14.94,34.2,17.92,39.84,17.44,
Mumbai,"Saturday, September 21, 2019",12.09,33,20.6,37.44,15.24,
Mumbai,"Sunday, September 22, 2019",15.09,44.55,15.96,31.9,12.04,
Mumbai,"Monday, September 23, 2019",18.6,57.85,20.12,33.08,13.89,
Mumbai,"Tuesday, September 24, 2019",15.04,59.47,21.42,32.84,11.16,
Mumbai,"Wednesday, September 25, 2019",16.9,37.22,20.46,42,11.57,
Mumbai,"Thursday, September 26, 2019",17.28,39.46,22.87,41.89,19.44,
Mumbai,"Friday, September 27, 2019",8.39,22.71,15.69,27.95,14.47,
Mumbai,"Saturday, September 28, 2019",8.32,27.38,18.67,28.84,16.88,
Mumbai,"Sunday, September 29, 2019",9.62,32.07,17.97,27.5,12.28,
Mumbai,"Monday, September 30, 2019",8.33,26.16,21.75,31.46,12.68,
Mumbai,"Tuesday, October 1, 2019",10.46,42.8,25.55,33.31,12.79,
Mumbai,"Wednesday, October 2, 2019",16.15,56.33,28.85,39.43,14.04,
Mumbai,"Thursday, October 3, 2019",17.62,52.25,27.17,40.88,13.22,
Mumbai,"Friday, October 4, 2019",24.77,64.32,24.94,42.97,13.33,
Mumbai,"Saturday, October 5, 2019",32.11,74.94,30.47,52.77,17.09,
Mumbai,"Sunday, October 6, 2019",35.13,77.75,27.92,53.84,14.61,
Mumbai,"Monday, October 7, 2019",45.48,88.32,17.51,42.85,14,
Mumbai,"Tuesday, October 8, 2019",54.08,99.28,11.83,36.78,12.48,
Mumbai,"Wednesday, October 9, 2019",21.6,49.28,17.6,45.09,13.27,
Mumbai,"Thursday, October 10, 2019",39.03,81.82,22.43,55.32,13.7,
Mumbai,"Friday, October 11, 2019",39.11,77.93,16.68,51.5,19.65,
Mumbai,"Saturday, October 12, 2019",49.37,103.99,23.95,56.41,15.3,
Mumbai,"Sunday, October 13, 2019",42.92,88.36,19.99,50.59,13.69,
Mumbai,"Monday, October 14, 2019",55.33,112.01,21.2,53.9,14.9,
Mumbai,"Tuesday, October 15, 2019",50.61,111.2,21.49,55.03,14.75,
Mumbai,"Wednesday, October 16, 2019",49.19,118.26,22.95,57.99,15.33,
Mumbai,"Thursday, October 17, 2019",56.89,126.82,18.2,52.69,15.51,
Mumbai,"Friday, October 18, 2019",62.55,129.06,31.34,67,18.73,
Mumbai,"Saturday, October 19, 2019",28.56,48.57,34.93,59.86,19.56,
Mumbai,"Sunday, October 20, 2019",15.09,29.91,26.82,46.26,21.13,
Mumbai,"Monday, October 21, 2019",17.75,41.34,20.91,39.17,19.3,
Mumbai,"Tuesday, October 22, 2019",17.92,44.55,19.12,40.4,15.09,
Mumbai,"Wednesday, October 23, 2019",17.85,41.64,39.34,55.43,16.18,
Mumbai,"Thursday, October 24, 2019",30.71,72.1,41.44,63.53,17.51,
Mumbai,"Friday, October 25, 2019",20.04,46.59,24.72,47.77,16.19,
Mumbai,"Saturday, October 26, 2019",25.58,57.91,35.65,54.15,15.37,
Mumbai,"Sunday, October 27, 2019",39.09,76.14,38.01,52.34,19.28,
Mumbai,"Monday, October 28, 2019",53.5,91.27,23.72,40.97,17.58,
Mumbai,"Tuesday, October 29, 2019",56.28,102.53,21.95,46.88,14.21,
Mumbai,"Wednesday, October 30, 2019",40.81,84.5,19.68,44.63,13.88,
Mumbai,"Thursday, October 31, 2019",25.37,77.85,23.35,49.77,14.51,
Mumbai,"Friday, November 1, 2019",16.55,57.59,20.48,44.17,14.82,
Mumbai,"Saturday, November 2, 2019",11.99,39.96,18.12,41.17,16.57,
Mumbai,"Sunday, November 3, 2019",20.09,62.74,25.17,48.84,17.7,
Mumbai,"Monday, November 4, 2019",28.41,66.83,21.88,47.57,13.52,
Mumbai,"Tuesday, November 5, 2019",36.96,76.94,12.57,42.93,14.93,
Mumbai,"Wednesday, November 6, 2019",52.87,101.96,25.56,62.77,15.25,
Mumbai,"Thursday, November 7, 2019",19.26,52.22,9.35,30.05,13.56,
Mumbai,"Friday, November 8, 2019",12.19,41.81,13.33,35.9,11.76,
Mumbai,"Saturday, November 9, 2019",27.12,73.34,18.64,50.12,13.91,
Mumbai,"Sunday, November 10, 2019",49.51,98.73,26.17,56.49,13.09,
Mumbai,"Monday, November 11, 2019",57.72,106.42,18.86,57.85,13.54,
Mumbai,"Tuesday, November 12, 2019",69.7,132.42,23.32,65.85,15.99,
Mumbai,"Wednesday, November 13, 2019",64.9,122.75,19.44,66.57,17.01,
Mumbai,"Thursday, November 14, 2019",62.54,123.27,17.52,62.96,17.78,
Mumbai,"Friday, November 15, 2019",69.75,128.01,17.47,65.5,18.87,
Mumbai,"Saturday, November 16, 2019",77.05,135.69,15.82,58.64,19.51,
Mumbai,"Sunday, November 17, 2019",70.89,123.26,15.95,51.35,17.79,
Mumbai,"Monday, November 18, 2019",72.13,125.42,10.68,51.78,16.91,
Mumbai,"Tuesday, November 19, 2019",90.92,163.46,23.24,75.78,16.51,
Mumbai,"Wednesday, November 20, 2019",91.86,171.91,29.09,80.72,19.47,
Mumbai,"Thursday, November 21, 2019",92.37,167.92,23.58,73.07,20.64,
Mumbai,"Friday, November 22, 2019",87.03,163.02,22.99,70.08,19.7,
Mumbai,"Saturday, November 23, 2019",82.21,154.89,25.47,67.69,18.22,
Mumbai,"Sunday, November 24, 2019",82.78,149.57,17.24,58.43,16.35,
Mumbai,"Monday, November 25, 2019",89.06,159.83,20.65,65.55,16.88,
Mumbai,"Tuesday, November 26, 2019",83.45,158.37,28.52,75.75,16.93,
Mumbai,"Wednesday, November 27, 2019",73.81,143.06,33.12,73.44,17.02,
Mumbai,"Thursday, November 28, 2019",71.95,142.88,23.35,73.14,19.14,
Mumbai,"Friday, November 29, 2019",81.38,148.72,32.36,75.1,19.31,
Mumbai,"Saturday, November 30, 2019",87.36,158.29,22.47,65.12,18.8,
Mumbai,"Sunday, December 1, 2019",94.89,168.1,34.82,75.49,18.47,
Mumbai,"Monday, December 2, 2019",64.67,120.78,17.63,53.64,17.11,
Mumbai,"Tuesday, December 3, 2019",39.87,98.1,25.44,58.85,18.28,
Mumbai,"Wednesday, December 4, 2019",49.87,109.16,22.61,56.18,18.07,
Mumbai,"Thursday, December 5, 2019",65.29,121.72,23.97,59.59,34.63,
Mumbai,"Friday, December 6, 2019",83.28,149.35,21.27,57.07,21.47,
Mumbai,"Saturday, December 7, 2019",70.54,140.48,22.79,63.02,19.52,
Mumbai,"Sunday, December 8, 2019",88.13,157.73,16.35,58.8,18.82,
Mumbai,"Monday, December 9, 2019",82.73,147.34,20.08,60.95,18.14,
Mumbai,"Tuesday, December 10, 2019",82.73,150.62,23.16,68.58,20.61,
Mumbai,"Wednesday, December 11, 2019",95.77,169.34,28.29,71.52,21.34,
Mumbai,"Thursday, December 12, 2019",95.21,169.26,39.47,79.89,19.77,
Mumbai,"Friday, December 13, 2019",72.43,132.97,19.79,57.49,17.73,
Mumbai,"Saturday, December 14, 2019",50.06,110.41,25.28,60.45,16.16,
Mumbai,"Sunday, December 15, 2019",69.63,143.27,26.16,65.19,15.63,
Mumbai,"Monday, December 16, 2019",89.46,161.83,29.25,67.28,16.79,
Mumbai,"Tuesday, December 17, 2019",80.42,149.67,29.99,66.23,17.29,
Mumbai,"Wednesday, December 18, 2019",73.92,137.11,22.08,59.3,17.01,
Mumbai,"Thursday, December 19, 2019",75.17,138.83,26.2,64.03,17.47,
Mumbai,"Friday, December 20, 2019",94.27,169.49,32.6,79.62,18.38,
Mumbai,"Saturday, December 21, 2019",94.04,174.95,43.51,88.32,18.72,
Mumbai,"Sunday, December 22, 2019",94.72,171.39,32.75,72.93,19.23,
Mumbai,"Monday, December 23, 2019",94.33,167.3,35.31,72.19,20.09,
Mumbai,"Tuesday, December 24, 2019",122.89,205.91,30.94,77.07,23.81,
Mumbai,"Wednesday, December 25, 2019",134.32,215.78,24.85,69.58,23.2,
Mumbai,"Thursday, December 26, 2019",87.5,152.83,24.13,58.34,21.21,
Mumbai,"Friday, December 27, 2019",88.03,154.44,30.85,70.12,19.47,
Mumbai,"Saturday, December 28, 2019",75.77,140.33,28.21,63.78,18.35,
Mumbai,"Sunday, December 29, 2019",75.81,145.75,26.83,62.91,18.59,
Mumbai,"Monday, December 30, 2019",86.42,155.08,27.84,62.84,18.84,
Mumbai,"Tuesday, December 31, 2019",65.76,127.82,16.87,54.33,15.52,
Mumbai,"Wednesday, January 1, 2020",104.06,183.88,40.17,85.81,15.69,
Mumbai,"Thursday, January 2, 2020",107.87,171.73,14.73,55.87,16.86,
Mumbai,"Friday, January 3, 2020",93.64,157.8,18.77,59.18,15.47,
Mumbai,"Saturday, January 4, 2020",94.05,158.44,13.92,53.59,15.1,
Mumbai,"Sunday, January 5, 2020",91.04,162.68,28.01,67.61,16.3,
Mumbai,"Monday, January 6, 2020",70.2,142.64,24.3,63.21,18.3,
Mumbai,"Tuesday, January 7, 2020",87.2,165.84,44.5,85.98,21.67,
Mumbai,"Wednesday, January 8, 2020",64.97,120.55,23.68,50.91,18.76,
Mumbai,"Thursday, January 9, 2020",59.98,126.87,16.13,54.9,15.59,
Mumbai,"Friday, January 10, 2020",65.06,143.74,22.62,65.51,14.29,
Mumbai,"Saturday, January 11, 2020",76.71,162.07,31.83,72.78,22.54,
Mumbai,"Sunday, January 12, 2020",98.12,194.66,57.3,92.98,26.77,
Mumbai,"Monday, January 13, 2020",68.39,120.46,18.8,47.02,23.91,
Mumbai,"Tuesday, January 14, 2020",36.33,97.67,21.17,46.51,18.73,
Mumbai,"Wednesday, January 15, 2020",30.53,91.62,18.69,49.11,15.37,
Mumbai,"Thursday, January 16, 2020",34.16,84.73,15.66,47.2,16.18,
Mumbai,"Friday, January 17, 2020",51,115.87,21.31,62.5,15.45,
Mumbai,"Saturday, January 18, 2020",87.28,167.77,21.29,77.28,18.35,
Mumbai,"Sunday, January 19, 2020",96.1,195.03,48.56,93.9,20.81,
Mumbai,"Monday, January 20, 2020",89.26,181.54,49.49,93.54,22.7,
Mumbai,"Tuesday, January 21, 2020",96.99,207.73,65,104.64,23.11,
Mumbai,"Wednesday, January 22, 2020",78.69,173.23,71.62,110.22,22.24,
Mumbai,"Thursday, January 23, 2020",87.78,189.99,39.85,84.15,22.07,
Mumbai,"Friday, January 24, 2020",73.57,163.95,36.83,76.32,20.89,
Mumbai,"Saturday, January 25, 2020",91.57,192.11,43.7,85.32,22.38,
Mumbai,"Sunday, January 26, 2020",103.35,210.51,47.34,88.43,22.89,
Mumbai,"Monday, January 27, 2020",57.22,120.42,21.19,50.18,22.26,
Mumbai,"Tuesday, January 28, 2020",25.47,81.69,27.08,45.51,19.6,
Mumbai,"Wednesday, January 29, 2020",19.77,97,13.46,34.71,16.2,
Mumbai,"Thursday, January 30, 2020",52.66,141.65,25.75,62.06,17.89,
Mumbai,"Friday, January 31, 2020",65.97,158.62,30.65,70.91,18.82,
Mumbai,"Saturday, February 1, 2020",72.14,168.79,31.63,75.13,19.18,
Mumbai,"Sunday, February 2, 2020",80.79,186.22,51.93,81.8,22.59,
Mumbai,"Monday, February 3, 2020",83.47,165.19,36.72,67.27,23.47,
Mumbai,"Tuesday, February 4, 2020",77.73,151.8,16.67,55.74,21.14,
Mumbai,"Wednesday, February 5, 2020",60.91,153.38,36.17,82.28,20.72,
Mumbai,"Thursday, February 6, 2020",47.67,127.57,16.91,51.75,21.09,
Mumbai,"Friday, February 7, 2020",49.35,136.21,32.11,68.25,20.77,
Mumbai,"Saturday, February 8, 2020",68.47,151.73,24.39,61.71,21.46,
Mumbai,"Sunday, February 9, 2020",68.29,144.61,14.68,44.17,20.06,
Mumbai,"Monday, February 10, 2020",56.58,129.32,17.49,51.98,18.16,
Mumbai,"Tuesday, February 11, 2020",60.95,143.87,26.37,62.47,19.31,
Mumbai,"Wednesday, February 12, 2020",60.53,145.25,31.29,76.66,19.98,
Mumbai,"Thursday, February 13, 2020",67.91,152.14,43.06,94.87,20.6,
Mumbai,"Friday, February 14, 2020",58.14,149.22,33.45,82.04,19.47,
Mumbai,"Saturday, February 15, 2020",53.27,151.37,37.35,82.97,19.77,
Mumbai,"Sunday, February 16, 2020",68.93,165.51,26.61,73.92,18.7,
Mumbai,"Monday, February 17, 2020",102.48,212.49,40.65,95.3,21.74,
Mumbai,"Tuesday, February 18, 2020",88.15,201.4,40.77,101.97,23.17,
Mumbai,"Wednesday, February 19, 2020",92.5,212.28,52.42,110.76,30.49,
Mumbai,"Thursday, February 20, 2020",62.8,146.64,37.9,84.24,23.47,
Mumbai,"Friday, February 21, 2020",39.37,100.68,26.82,62.63,23.77,
Mumbai,"Saturday, February 22, 2020",65.93,157.96,27.56,80.8,21.75,
Mumbai,"Sunday, February 23, 2020",77.63,194.83,37.84,95.9,21.11,
Mumbai,"Monday, February 24, 2020",84.7,185.63,35.27,92.03,21.9,
Mumbai,"Tuesday, February 25, 2020",48.01,152.41,38.95,86.91,20.22,
Mumbai,"Wednesday, February 26, 2020",41.03,131.59,17.35,67.68,21.45,
Mumbai,"Thursday, February 27, 2020",51.74,144.95,27.45,85.28,23.77,
Mumbai,"Friday, February 28, 2020",77.61,185.24,63.03,132.6,23.88,
Mumbai,"Saturday, February 29, 2020",74.98,183.77,61.44,120.01,26.05,
Mumbai,"Sunday, March 1, 2020",43.39,121.29,23.67,55.78,28.59,
Mumbai,"Monday, March 2, 2020",52.18,142.49,49.03,77.28,21.12,
Mumbai,"Tuesday, March 3, 2020",43.68,137.1,20.36,46.47,21.76,
Mumbai,"Wednesday, March 4, 2020",36.73,122.49,21.57,48.46,19.32,
Mumbai,"Thursday, March 5, 2020",32.59,108.48,17.09,43.7,19.16,
Mumbai,"Friday, March 6, 2020",20.15,105.77,21.05,40.01,17.49,
Mumbai,"Saturday, March 7, 2020",24.45,131.04,14.59,38.51,16.16,
Mumbai,"Sunday, March 8, 2020",27,125.15,20.26,52.07,14.65,
Mumbai,"Monday, March 9, 2020",35.03,134.18,17.46,48.52,16.27,
Mumbai,"Tuesday, March 10, 2020",40.47,125.98,19.71,39.93,18.29,
Mumbai,"Wednesday, March 11, 2020",16.04,74.65,13.42,32.6,14.87,
Mumbai,"Thursday, March 12, 2020",18.59,80.55,17.93,42.67,14.78,
Mumbai,"Friday, March 13, 2020",23.81,108.48,12.31,42.95,14.74,
Mumbai,"Saturday, March 14, 2020",30.33,126.36,11.69,46.5,15.92,
Mumbai,"Sunday, March 15, 2020",49.84,175.84,42.39,84.12,17.02,
Mumbai,"Monday, March 16, 2020",57.99,190.49,42.84,95.94,22.98,
Mumbai,"Tuesday, March 17, 2020",78.54,204.96,73.59,125.6,19.98,
Mumbai,"Wednesday, March 18, 2020",52.03,150.71,47.33,89.72,20.92,
Mumbai,"Thursday, March 19, 2020",30.33,99.38,24.02,49.39,23.04,
Mumbai,"Friday, March 20, 2020",21.08,84.44,32.78,45.69,22.48,
Mumbai,"Saturday, March 21, 2020",20.14,67.91,23.5,38.19,20.59,
Mumbai,"Sunday, March 22, 2020",16.75,53.27,12.44,20.96,16.68,
Mumbai,"Monday, March 23, 2020",23.48,64.7,9.84,20.27,14.84,
Mumbai,"Tuesday, March 24, 2020",35.58,92.81,10.91,22.74,13.82,
Mumbai,"Wednesday, March 25, 2020",30.86,77.24,10.93,21.67,11.97,
Mumbai,"Thursday, March 26, 2020",27.82,65.48,11.52,21.6,11.6,
Mumbai,"Friday, March 27, 2020",24.81,69.65,8.32,16.85,11.1,
Mumbai,"Saturday, March 28, 2020",28.14,67.46,7.49,19.07,11.2,
Mumbai,"Sunday, March 29, 2020",23.43,66.1,6.46,16.35,9.98,
Mumbai,"Monday, March 30, 2020",23.57,63.65,7.59,17.25,9.82,
Mumbai,"Tuesday, March 31, 2020",25.36,63.61,9.69,18.14,10.37,
Mumbai,"Wednesday, April 1, 2020",20.08,58.94,9.72,17.03,10.35,
Mumbai,"Thursday, April 2, 2020",26.27,77.19,8.63,16.94,9.96,
Mumbai,"Friday, April 3, 2020",24.33,83.88,8.18,15.5,9.2,
Mumbai,"Saturday, April 4, 2020",24.7,78.44,9.35,16.89,8.72,
Mumbai,"Sunday, April 5, 2020",27.36,73.53,10.76,18.47,8.25,
Mumbai,"Monday, April 6, 2020",20.82,54.45,10.49,16.46,7.73,
Mumbai,"Tuesday, April 7, 2020",24.1,79.61,12.88,18.28,7.31,
Mumbai,"Wednesday, April 8, 2020",29.52,98.54,14.47,20.06,7.97,
Mumbai,"Thursday, April 9, 2020",28.3,93.39,14.81,20.89,9.05,
Mumbai,"Friday, April 10, 2020",25.89,83.39,12.95,19.36,8.32,
Mumbai,"Saturday, April 11, 2020",29.54,82.21,12.22,19.82,6.82,
Mumbai,"Sunday, April 12, 2020",28.26,81.99,12.69,21.29,6.12,
Mumbai,"Monday, April 13, 2020",25.58,75.31,14.18,22.44,6.31,
Mumbai,"Tuesday, April 14, 2020",26.89,81.61,14.12,23.66,7.83,
Mumbai,"Wednesday, April 15, 2020",26.61,66.58,14.66,23.66,8.03,
Mumbai,"Thursday, April 16, 2020",20.55,55.03,12.42,21.06,6.81,
Mumbai,"Friday, April 17, 2020",20.54,53.53,15.73,22.75,6.21,
Mumbai,"Saturday, April 18, 2020",18.48,52.34,14.47,21.9,7.02,
Mumbai,"Sunday, April 19, 2020",19.99,63.75,12.36,21.07,7.11,
Mumbai,"Monday, April 20, 2020",25.7,81,13.28,23.34,9.29,
Mumbai,"Tuesday, April 21, 2020",18.64,54.81,15.42,21.67,10.49,
Mumbai,"Wednesday, April 22, 2020",18.03,52.92,17.22,22.57,8.12,
Mumbai,"Thursday, April 23, 2020",19.8,54.84,18.58,24.9,7.04,
Mumbai,"Friday, April 24, 2020",20.82,47.88,17.53,22.62,6.92,
Mumbai,"Saturday, April 25, 2020",16.78,44.63,15.01,20.87,6.74,
Mumbai,"Sunday, April 26, 2020",19.05,51.09,17.43,24.82,6.13,
Mumbai,"Monday, April 27, 2020",17.23,45.04,15.92,20.66,6.06,
Mumbai,"Tuesday, April 28, 2020",19.82,50.93,13.63,20.73,6.12,
Mumbai,"Wednesday, April 29, 2020",21.01,57.68,19.66,28.03,5.42,
Mumbai,"Thursday, April 30, 2020",20.8,53.42,15.49,21.92,5.42,
Mumbai,"Friday, May 1, 2020",15.53,43.76,14.86,19.46,5.4,
Mumbai,"Saturday, May 2, 2020",13.15,39.87,17.89,24.58,4.84,
Mumbai,"Sunday, May 3, 2020",12.02,34.64,15.73,19.74,5.47,
Mumbai,"Monday, May 4, 2020",11.51,33.77,19.77,23.67,5.86,
Mumbai,"Tuesday, May 5, 2020",11.2,42.66,24.49,28.82,6.16,
Mumbai,"Wednesday, May 6, 2020",12.09,55.6,22.12,26.12,5.28,
Mumbai,"Thursday, May 7, 2020",14.3,52.48,23.01,25.71,4.3,
Mumbai,"Friday, May 8, 2020",15.26,60.85,20.66,22.25,3.93,
Mumbai,"Saturday, May 9, 2020",14.21,54.67,17.02,18.7,4.03,
Mumbai,"Sunday, May 10, 2020",13.08,49.13,26.93,27.04,3.19,
Mumbai,"Monday, May 11, 2020",16.85,57.84,28.97,32.83,3.6,
Mumbai,"Tuesday, May 12, 2020",13.72,51.68,32.32,35.71,3.53,
Mumbai,"Wednesday, May 13, 2020",14.67,53.52,21.01,27.59,3.73,
Mumbai,"Thursday, May 14, 2020",15.23,56.14,21.05,29.15,2.91,
Mumbai,"Friday, May 15, 2020",17.67,62.36,19.37,28.12,4.07,
Mumbai,"Saturday, May 16, 2020",30.44,109.67,29.33,37.14,4.49,
Mumbai,"Sunday, May 17, 2020",29.74,110.21,17.76,23.7,4.38,
Mumbai,"Monday, May 18, 2020",21.3,74.82,15.73,22.49,4.34,
Mumbai,"Tuesday, May 19, 2020",15.36,65.41,22.2,28.68,4.19,
Mumbai,"Wednesday, May 20, 2020",14.14,48.48,22.15,31.18,5.56,
Mumbai,"Thursday, May 21, 2020",16.44,43.01,15.41,26.23,4.12,
Mumbai,"Friday, May 22, 2020",14.78,43.77,13.97,24.26,3.23,
Mumbai,"Saturday, May 23, 2020",15.18,52.48,16.39,27.1,3.29,
Mumbai,"Sunday, May 24, 2020",12.33,44.41,14.5,24.05,3.11,
Mumbai,"Monday, May 25, 2020",11.81,53.97,13.1,21.39,3.07,
Mumbai,"Tuesday, May 26, 2020",12.64,60.01,15.81,23.68,3.08,
Mumbai,"Wednesday, May 27, 2020",11.7,49.07,16.71,25.38,4.51,
Mumbai,"Thursday, May 28, 2020",12.21,46.97,15.52,22.69,4.61,
Mumbai,"Friday, May 29, 2020",7.33,30.7,14.79,21.64,3.74,
Mumbai,"Saturday, May 30, 2020",10.08,42.19,15.83,22.16,3.61,
Mumbai,"Sunday, May 31, 2020",8.99,41.07,13.06,19.4,3.39,
Mumbai,"Monday, June 1, 2020",17.27,44.22,15.13,28.31,3.4,
Mumbai,"Tuesday, June 2, 2020",21.94,46.59,13.56,30.17,4.66,
Mumbai,"Wednesday, June 3, 2020",8.38,19.05,11.06,23.44,6.58,
Mumbai,"Thursday, June 4, 2020",20.53,47.52,14.01,29.74,6.41,
Mumbai,"Friday, June 5, 2020",11.26,33.01,16.89,33.24,13.01,
Mumbai,"Saturday, June 6, 2020",9.38,30.27,16.51,27.32,12.51,
Mumbai,"Sunday, June 7, 2020",10.85,35.86,18.3,28.76,11.73,
Mumbai,"Monday, June 8, 2020",8.92,25.63,13.86,27.72,11.24,
Mumbai,"Tuesday, June 9, 2020",8.93,28.08,16.24,26.88,9.74,
Mumbai,"Wednesday, June 10, 2020",10.43,34.98,18.59,27.17,7.54,
Mumbai,"Thursday, June 11, 2020",9,28.18,18.46,26.64,6.45,
Mumbai,"Friday, June 12, 2020",10.46,31.78,20.73,31.51,8.08,
Mumbai,"Saturday, June 13, 2020",10.36,27.75,21.91,34.3,11.9,
Mumbai,"Sunday, June 14, 2020",9.87,25.02,18.38,31.24,10.7,
Mumbai,"Monday, June 15, 2020",10.58,27.54,17.7,31.75,10.34,
Mumbai,"Tuesday, June 16, 2020",9.59,22.68,16.53,30.5,10.33,
Mumbai,"Wednesday, June 17, 2020",6.62,21.38,15.53,29.79,10.46,
Mumbai,"Thursday, June 18, 2020",7.46,26.97,20.39,36.41,10.77,
Mumbai,"Friday, June 19, 2020",14.69,54.73,20.58,32.26,12.19,
Mumbai,"Saturday, June 20, 2020",11.97,52.15,14.78,23.03,10.46,
Mumbai,"Sunday, June 21, 2020",9.27,41,11.95,21.69,9.36,
Mumbai,"Monday, June 22, 2020",12.61,47.23,15.68,26.17,9.03,
Mumbai,"Tuesday, June 23, 2020",9.56,32.9,17.96,32.78,13.97,
Mumbai,"Wednesday, June 24, 2020",8.73,30.22,22.24,34,12.7,
Mumbai,"Thursday, June 25, 2020",11.84,43.79,23.7,32.92,8.94,
Mumbai,"Friday, June 26, 2020",13.82,47.1,25.81,33.63,17.45,
Mumbai,"Saturday, June 27, 2020",18.04,63.72,28.29,36.07,26.69,
Mumbai,"Sunday, June 28, 2020",12.33,44.84,27.15,34.78,26.5,
Mumbai,"Monday, June 29, 2020",7.88,27.51,26.58,34.42,23.94,
Mumbai,"Tuesday, June 30, 2020",4.66,13.87,25.25,33.25,19.89,
Mumbai,"Wednesday, July 1, 2020",3.84,11.28,27.64,33.21,23.6,
Delhi,"Monday, January 5, 2015",146.6,219.13,14.01,38.25,122.88,6
Delhi,"Saturday, January 24, 2015",164.98,200.02,10.38,25.49,38.77,6
Delhi,"Monday, January 26, 2015",129.34,137.86,12.46,29.48,60.96,6
Delhi,"Tuesday, January 27, 2015",154.2,217.2,14.41,34.63,40.96,6
Delhi,"Wednesday, February 4, 2015",137.26,147.08,15.21,36.06,53.28,6
Delhi,"Sunday, February 8, 2015",145.34,215.69,30.54,61.78,66.72,6
Delhi,"Wednesday, February 11, 2015",116.91,316.14,33.79,64.04,95.13,6
Delhi,"Tuesday, February 17, 2015",161.27,195.78,23.71,42.76,75.66,6
Delhi,"Thursday, February 19, 2015",159.97,193.78,24.53,47.8,81.44,6
Delhi,"Saturday, March 7, 2015",77.57,90.54,12.07,24.66,16.83,6
Delhi,"Sunday, March 8, 2015",63.24,80.2,13.52,27.44,16.12,6
Delhi,"Tuesday, March 10, 2015",86.7,150.92,11.44,25.78,18.88,6
Delhi,"Tuesday, March 17, 2015",55.55,104.33,12.18,25.28,39.8,6
Delhi,"Sunday, March 22, 2015",72.2,122.12,9.39,23.15,32.52,6
Delhi,"Saturday, April 4, 2015",62.56,86.11,10.66,30.36,28.46,6
Delhi,"Monday, April 27, 2015",67.08,174.5,13.18,44.09,32.27,6
Delhi,"Tuesday, April 28, 2015",81.37,141.25,11.98,43.91,29.46,6
Delhi,"Thursday, April 30, 2015",60.56,171.42,12,48.72,29.08,6
Delhi,"Monday, May 11, 2015",97.57,336.82,11.91,48.43,36.11,6
Delhi,"Saturday, May 16, 2015",77.52,186.28,24.05,91.36,41.94,6
Delhi,"Tuesday, May 19, 2015",89.85,240.31,16.42,70.51,40.32,6
Delhi,"Friday, May 29, 2015",106.61,275.6,37.21,87.55,41.74,6
Delhi,"Wednesday, June 3, 2015",65.28,137.7,24.46,91.72,54.47,6
Delhi,"Saturday, June 6, 2015",44.54,119.29,11.64,46.37,71.88,6
Delhi,"Sunday, June 14, 2015",74.56,121.44,15.9,71.74,56.02,6
Delhi,"Friday, June 19, 2015",110.65,216.46,10.75,61.04,55.65,6
Delhi,"Friday, June 26, 2015",76,182.48,32.6,101.06,45.56,6
Delhi,"Thursday, July 2, 2015",67.12,175.9,12.29,110.32,39.09,6
Delhi,"Sunday, July 12, 2015",32.29,34.16,12.34,117.79,48.01,6
Delhi,"Monday, July 13, 2015",36.68,54.36,12.21,105.59,41.83,6
Delhi,"Tuesday, July 14, 2015",44.48,112.83,13.94,94.25,49.32,6
Delhi,"Friday, July 24, 2015",46.13,94.49,9.1,146.4,37.38,6
Delhi,"Monday, August 3, 2015",56.02,154.28,28.95,129.29,30.76,6
Delhi,"Tuesday, August 4, 2015",54.46,136.88,19.25,142.99,31.77,6
Delhi,"Saturday, August 22, 2015",46.74,149.06,26.74,61.52,28.2,6
Delhi,"Monday, August 24, 2015",37.39,108.4,31.1,68.41,38.16,6
Delhi,"Wednesday, August 26, 2015",57.52,236.94,24.24,55.54,31.88,6
Delhi,"Monday, August 31, 2015",51.67,220.14,24.52,57.84,23,6
Delhi,"Tuesday, September 1, 2015",73.78,230.34,17.83,45.7,18.96,6
Delhi,"Tuesday, December 29, 2015",159.67,325.05,33.33,82.43,60.62,6
Delhi,"Saturday, February 13, 2016",110.89,228.81,15.7,60.22,33.55,6
Delhi,"Sunday, February 21, 2016",76.12,137.44,9.77,38.62,47.95,6
Delhi,"Saturday, March 26, 2016",72.44,122.24,12.75,48.36,37.72,6
Delhi,"Tuesday, April 12, 2016",74.03,201.81,13.94,48.38,23.32,6
Delhi,"Monday, May 9, 2016",77.34,168.66,3.71,43.92,51.11,6
Delhi,"Wednesday, May 25, 2016",105.02,240.52,14.64,61.13,48.53,6
Delhi,"Thursday, May 26, 2016",111.22,293.73,22.75,58.91,42.29,6
Delhi,"Saturday, July 16, 2016",50.99,44.48,14.85,37.7,40.89,6
Delhi,"Sunday, July 17, 2016",75.93,38.59,14.17,29.63,33.83,6
Delhi,"Thursday, July 21, 2016",45.64,240.86,32.54,79.06,32.92,6
Delhi,"Sunday, September 4, 2016",57.64,269.42,32.6,68.02,22.02,6
Delhi,"Tuesday, September 6, 2016",50.42,282.23,31.2,69.03,19.05,6
Delhi,"Sunday, September 11, 2016",45.89,164.1,32.14,67.7,20.4,6
Delhi,"Monday, September 19, 2016",75.02,143.48,24.51,74.28,34.17,6
Delhi,"Tuesday, September 27, 2016",52.49,109.5,10.51,46.9,29.98,6
Delhi,"Wednesday, September 28, 2016",105.43,260.01,17.52,58.72,40.17,6
Delhi,"Thursday, September 29, 2016",101.84,189.62,11.5,51.96,37.22,6
Delhi,"Monday, October 3, 2016",103.12,210.04,26.23,68.95,43.92,6
Delhi,"Friday, October 7, 2016",114.06,274.97,61.5,105.6,47.26,6
Delhi,"Wednesday, October 12, 2016",114.3,309.88,70.71,123.85,31.55,6
Delhi,"Sunday, November 27, 2016",128.7,336.16,35.91,40.84,26.73,6
Delhi,"Tuesday, December 20, 2016",161.92,324.2,34.1,45.61,45.61,6
Delhi,"Wednesday, December 21, 2016",131.95,291.75,51.31,44.05,40.01,6
Delhi,"Sunday, January 15, 2017",222.66,281.83,45.03,33.71,24.33,6
Delhi,"Tuesday, January 17, 2017",177.67,206.63,39.9,35.24,33.13,6
Delhi,"Sunday, January 29, 2017",132.35,171.91,39.04,34.02,28.3,6
Delhi,"Sunday, February 5, 2017",146.49,286.46,33.48,29.4,40.73,6
Delhi,"Friday, February 10, 2017",120.43,272.12,66.43,55.46,47.34,6
Delhi,"Saturday, February 11, 2017",129.09,275.18,92.87,59.11,55.54,6
Delhi,"Friday, February 17, 2017",112.02,330.9,50.86,52.64,53.4,6
Delhi,"Tuesday, February 21, 2017",106.92,303.47,67.69,60.22,66.01,6
Delhi,"Wednesday, March 8, 2017",134.4,224.36,37.88,33.11,36.04,6
Delhi,"Thursday, March 9, 2017",106.45,142.78,36.2,21.71,32.12,6
Delhi,"Sunday, March 12, 2017",64.42,169.87,31.79,17.93,24.24,6
Delhi,"Monday, March 20, 2017",121.21,332.73,41.69,26.14,34.32,6
Delhi,"Thursday, March 23, 2017",151.17,342.53,135.8,29.17,73.23,6
Delhi,"Sunday, April 23, 2017",103.42,260.82,69.5,37.43,40.33,6
Delhi,"Friday, October 20, 2017",426.52,387.13,56.28,47.28,48.79,6
Delhi,"Monday, October 30, 2017",196.37,308.22,41.29,64.94,52.67,6
Delhi,"Wednesday, November 1, 2017",179.17,265.9,29.65,43.9,47.36,6
Delhi,"Friday, November 3, 2017",168.16,239.73,45.29,60.96,53.2,6
Delhi,"Monday, November 20, 2017",171.34,249.28,24.44,64.19,36.28,6
Delhi,"Thursday, December 14, 2017",126.67,189.9,19.4,2.33,46.26,6
Delhi,"Monday, December 18, 2017",115.19,189.64,20.4,2.15,45.71,6
Delhi,"Sunday, January 7, 2018",191.66,292.74,26.49,4.99,50.09,6
Delhi,"Wednesday, January 24, 2018",130.16,192.19,25.05,56.27,43.08,6
Delhi,"Monday, January 29, 2018",162.48,272.45,45.81,74.45,44.78,6
Delhi,"Friday, February 2, 2018",140.35,282.16,34.69,71.59,52.36,6
Delhi,"Thursday, February 8, 2018",186.19,338.61,66.23,86.77,47.89,6
Delhi,"Friday, February 9, 2018",203.33,348.94,56.38,84.22,49.6,6
Delhi,"Monday, February 19, 2018",172.55,315.75,68.88,88.37,46.22,6
Delhi,"Saturday, February 24, 2018",164.2,349.29,47.09,80.95,62.61,6
Delhi,"Wednesday, February 28, 2018",143.25,279.26,42.48,78.41,53.64,6
Delhi,"Thursday, March 1, 2018",120.71,256.86,45.93,79.9,49.29,6
Delhi,"Wednesday, March 21, 2018",133.53,280.94,30.35,66.03,49.85,6
Delhi,"Tuesday, March 27, 2018",111.26,256.4,42.38,76,37.92,6
Delhi,"Friday, March 30, 2018",96.45,241.13,21.45,58.22,37.57,6
Delhi,"Thursday, April 5, 2018",152.56,337.64,43.18,76.02,49.53,6
Delhi,"Thursday, April 12, 2018",46.21,109.03,20.89,49.98,33.55,6
Delhi,"Monday, April 16, 2018",119.75,334.05,51.52,79.53,46.53,6
Delhi,"Sunday, May 6, 2018",110.48,290.63,42.39,71.2,44.57,6
Delhi,"Tuesday, May 22, 2018",91.16,243.14,28.41,60.5,40.31,6
Delhi,"Wednesday, June 6, 2018",57.68,159.45,8.99,33.05,39.58,6
Delhi,"Thursday, June 7, 2018",73.77,165.33,10.21,37.99,40.17,6
Delhi,"Tuesday, June 12, 2018",141.28,497.9,11.06,34.01,40.05,6
Delhi,"Saturday, June 16, 2018",127.32,516.85,10.15,29.76,28.12,6
Delhi,"Sunday, June 17, 2018",84.47,289.18,8.45,27.88,27.53,6
Delhi,"Monday, April 27, 2020",27.18,53.02,8.28,16.38,29.94,6
Delhi,"Saturday, May 2, 2020",34.67,107.36,12.81,19.49,33.93,6
Delhi,"Tuesday, January 6, 2015",149.58,252.1,17.21,42.46,134.97,7
Delhi,"Tuesday, January 20, 2015",165.63,257.04,16.47,37.68,146.31,7
Delhi,"Sunday, January 25, 2015",148.59,203.81,11.82,28.29,45.62,7
Delhi,"Wednesday, January 28, 2015",134.6,156.9,18.96,35.57,49.71,7
Delhi,"Friday, January 30, 2015",178.04,272.61,19.8,44.45,69.78,7
Delhi,"Tuesday, February 10, 2015",153.07,218.23,23.41,48.01,79.54,7
Delhi,"Thursday, February 12, 2015",177.98,394.97,30.48,58.19,69.47,7
Delhi,"Friday, February 20, 2015",144.12,162.2,18.1,40.32,81.04,7
Delhi,"Wednesday, February 25, 2015",148.19,169.57,14.79,34.14,34.91,7
Delhi,"Thursday, February 26, 2015",140.78,171.64,11.34,26.65,23.22,7
Delhi,"Wednesday, April 8, 2015",95.34,120.2,11.64,37.7,24.84,7
Delhi,"Thursday, April 9, 2015",63.57,148.17,11.33,41.13,30.04,7
Delhi,"Sunday, April 12, 2015",75.35,91.73,9.63,40.75,28.79,7
Delhi,"Tuesday, April 14, 2015",77.07,132.68,13.41,50.06,36.68,7
Delhi,"Wednesday, April 15, 2015",98.79,161.43,18.39,45.1,34.8,7
Delhi,"Sunday, April 26, 2015",65.36,160.3,13.17,38.68,32.83,7
Delhi,"Wednesday, April 29, 2015",63.76,131.56,12.09,51.34,29.93,7
Delhi,"Wednesday, May 13, 2015",83.42,174.52,10.5,45.79,56.95,7
Delhi,"Sunday, May 24, 2015",79.1,251.52,32.09,69.04,37.22,7
Delhi,"Thursday, May 28, 2015",182.76,436.17,54.87,100.54,35.74,7
Delhi,"Friday, June 5, 2015",83.02,241.67,16.05,52.93,75,7
Delhi,"Sunday, June 7, 2015",85.03,186.2,25.76,91.29,46.57,7
Delhi,"Tuesday, June 9, 2015",136.05,393.7,45.61,83.43,46.56,7
Delhi,"Monday, June 22, 2015",85.4,139.2,10.93,56.1,50.28,7
Delhi,"Wednesday, July 1, 2015",57.99,135.43,8.88,103.97,40.5,7
Delhi,"Tuesday, July 7, 2015",52.2,78.64,12.97,109.52,42.09,7
Delhi,"Monday, July 20, 2015",49.58,83.22,16.89,196.68,41.37,7
Delhi,"Sunday, August 2, 2015",47.81,123.24,40.08,165.43,24.2,7
Delhi,"Wednesday, August 12, 2015",52.45,87.66,17.96,138.01,39.85,7
Delhi,"Sunday, August 16, 2015",55.71,93.33,37.6,187.78,33.29,7
Delhi,"Monday, August 17, 2015",61.84,134.2,28.12,148.85,29.73,7
Delhi,"Tuesday, August 18, 2015",60.65,126.2,18.21,133.24,32.71,7
Delhi,"Sunday, August 30, 2015",57.85,230.76,28.21,71.42,28.16,7
Delhi,"Wednesday, September 2, 2015",97.63,318.24,31.64,66.15,18.6,7
Delhi,"Saturday, September 5, 2015",76.43,201.89,24.24,52.24,26.99,7
Delhi,"Tuesday, September 22, 2015",35.75,70.38,12.73,41.5,23.06,7
Delhi,"Wednesday, September 23, 2015",34.89,101.42,16.55,43.75,18.66,7
Delhi,"Friday, October 30, 2015",108.4,156.58,24.98,55.71,28.72,7
Delhi,"Thursday, November 12, 2015",258.48,398.16,30.46,81.68,47.57,7
Delhi,"Saturday, November 28, 2015",172.89,294.29,32.3,73.76,60.1,7
Delhi,"Thursday, December 24, 2015",129.08,486.66,20.45,53.4,65.53,7
Delhi,"Sunday, December 27, 2015",187.01,375.13,34.43,99.66,72.76,7
Delhi,"Saturday, January 9, 2016",158.43,324.64,47.9,103.82,60.24,7
Delhi,"Wednesday, January 13, 2016",248.59,399.59,25.76,95.74,68.5,7
Delhi,"Monday, February 1, 2016",121.4,193.5,20.04,73.48,37.51,7
Delhi,"Monday, March 14, 2016",51.82,79.14,23.42,46.02,23.58,7
Delhi,"Monday, March 21, 2016",58.4,129.21,12.64,45.3,33.75,7
Delhi,"Wednesday, March 23, 2016",80.01,148.1,34.57,67.93,27,7
Delhi,"Tuesday, April 5, 2016",97.83,174.11,7.16,26.39,24.26,7
Delhi,"Wednesday, April 13, 2016",74.9,247.61,25.64,70.06,22.7,7
Delhi,"Sunday, April 17, 2016",102.86,283.02,30.63,61.61,21.22,7
Delhi,"Sunday, June 19, 2016",101.31,101.54,7.47,34.9,34.93,7
Delhi,"Tuesday, June 21, 2016",72.33,54.85,6.49,32.95,35.69,7
Delhi,"Thursday, July 7, 2016",54.5,80.82,6.51,29.77,37.18,7
Delhi,"Monday, August 22, 2016",28.6,78.83,8.46,33.5,23.44,7
Delhi,"Wednesday, September 7, 2016",50.73,233.83,30.1,70.35,18.99,7
Delhi,"Sunday, September 25, 2016",56.64,137.48,29.6,81.12,27.69,7
Delhi,"Saturday, October 8, 2016",132.11,317.62,81.06,126.03,42.99,7
Delhi,"Thursday, October 13, 2016",86.93,295.1,102.46,113,27.85,7
Delhi,"Friday, October 14, 2016",94.83,303.27,90.53,111.96,29.54,7
Delhi,"Sunday, October 16, 2016",132.01,316.53,79.81,109.33,34.88,7
Delhi,"Wednesday, October 19, 2016",140.57,339.79,105.08,85.54,39.26,7
Delhi,"Friday, November 25, 2016",136.21,399.13,32.87,39.01,28.84,7
Delhi,"Saturday, November 26, 2016",113.3,325.47,37.55,43.19,25.22,7
Delhi,"Sunday, December 25, 2016",232.41,346.57,30.11,36.84,61.98,7
Delhi,"Saturday, January 7, 2017",154.52,170.19,20.42,20.32,36.9,7
Delhi,"Tuesday, January 10, 2017",108.26,239.51,55.04,49.05,28.52,7
Delhi,"Saturday, January 14, 2017",309.28,318.52,113.37,49.23,36.49,7
Delhi,"Saturday, January 28, 2017",109.13,144.49,34.83,33.52,28.3,7
Delhi,"Wednesday, February 8, 2017",129.1,325.78,66.7,54.66,31.42,7
Delhi,"Thursday, February 9, 2017",133.12,303.04,61.19,53.3,39.7,7
Delhi,"Sunday, February 19, 2017",109.38,364.83,105.3,64.27,75.4,7
Delhi,"Friday, March 3, 2017",67.83,181.19,45.45,41.38,41.85,7
Delhi,"Sunday, March 5, 2017",90.6,229.62,42.58,43.44,34.4,7
Delhi,"Monday, March 6, 2017",91.6,242.14,47.05,47.02,33.66,7
Delhi,"Tuesday, March 14, 2017",102.46,284.27,36.09,21.26,22.58,7
Delhi,"Friday, March 17, 2017",114.07,288.64,36.4,20.84,29.62,7
Delhi,"Saturday, March 18, 2017",96.39,267.96,43.27,25.98,33.5,7
Delhi,"Saturday, April 1, 2017",105.71,291.02,84.88,63.72,68.33,7
Delhi,"Tuesday, April 11, 2017",146.59,253.07,40.88,39.52,40.69,7
Delhi,"Wednesday, June 7, 2017",40.87,233.62,23.35,22.9,48.84,7
Delhi,"Saturday, October 28, 2017",198.37,329.05,35.39,60.5,51.2,7
Delhi,"Sunday, October 29, 2017",187.82,300.92,28.91,57.94,50.6,7
Delhi,"Thursday, December 7, 2017",88.95,170.12,24.67,39.33,36.04,7
Delhi,"Tuesday, December 12, 2017",109.18,152.76,22.41,3.04,50.54,7
Delhi,"Wednesday, December 13, 2017",134.99,203.48,20.14,2.59,48.27,7
Delhi,"Wednesday, January 3, 2018",217.01,336.87,37.98,2.87,50.81,7
Delhi,"Wednesday, January 10, 2018",186.26,294.24,34.44,3.98,48.38,7
Delhi,"Thursday, January 11, 2018",154.64,243.95,30.06,3.47,47.42,7
Delhi,"Sunday, January 21, 2018",153.61,274.5,33.93,63.87,63.25,7
Delhi,"Tuesday, January 23, 2018",160.79,248.48,25.98,67.65,51.07,7
Delhi,"Thursday, March 8, 2018",139.88,283.57,60.76,82.26,43.35,7
Delhi,"Friday, March 9, 2018",134.76,274.89,45.51,75.45,46.02,7
Delhi,"Tuesday, March 20, 2018",109.99,249.2,44.27,82.08,44.26,7
Delhi,"Wednesday, March 28, 2018",117.78,280.25,55.87,79.52,37.48,7
Delhi,"Thursday, April 26, 2018",142.82,397.1,44.46,78.44,41.32,7
Delhi,"Saturday, May 19, 2018",103.98,284.44,49.67,81.75,55.99,7
Delhi,"Thursday, May 24, 2018",114.13,298.07,37.09,67.13,51.03,7
Delhi,"Friday, May 25, 2018",83.88,249.82,42.75,63.04,36.45,7
Delhi,"Saturday, May 26, 2018",103.02,263.49,41.7,61.71,37.33,7
Delhi,"Sunday, June 10, 2018",67.02,141.09,16.94,38.52,49.24,7
Delhi,"Sunday, April 12, 2020",38.57,92.7,5.48,14.66,26.99,7
Delhi,"Monday, February 2, 2015",163.64,219.84,13.7,39.34,84.49,5
Delhi,"Monday, February 16, 2015",152.62,310.74,24.32,49.67,74.74,5
Delhi,"Sunday, March 1, 2015",71.83,98.89,8.49,19.55,12.44,5
Delhi,"Monday, March 16, 2015",45.39,74.14,10.2,22.27,33.16,5
Delhi,"Tuesday, March 31, 2015",55.66,78.64,10.22,26.74,30.62,5
Delhi,"Friday, April 3, 2015",66.52,76.05,11.21,27.79,35.48,5
Delhi,"Tuesday, April 7, 2015",66.09,95.81,7.57,30.04,29.78,5
Delhi,"Tuesday, May 12, 2015",96.34,293.26,11.54,48.09,52.21,5
Delhi,"Sunday, May 17, 2015",97.16,188.39,15.83,65.15,43.23,5
Delhi,"Wednesday, May 20, 2015",67.41,176.25,21.7,60.6,42.24,5
Delhi,"Thursday, May 21, 2015",75.54,335.13,27.16,63.55,56.95,5
Delhi,"Monday, May 25, 2015",117.27,340.66,51.72,102.66,40.26,5
Delhi,"Wednesday, May 27, 2015",84.71,231.35,42.01,91.54,29.05,5
Delhi,"Saturday, June 13, 2015",73.7,158.24,24.38,64.56,41.36,5
Delhi,"Sunday, June 21, 2015",59.73,82.7,7.05,40.03,66.21,5
Delhi,"Thursday, June 25, 2015",37.59,62.38,17.17,104.26,50.86,5
Delhi,"Tuesday, June 30, 2015",53.79,109.92,8.54,108.22,41.11,5
Delhi,"Thursday, July 16, 2015",77.2,244.69,22.06,102.35,31.83,5
Delhi,"Saturday, July 25, 2015",46.01,97,10.2,141.1,37.05,5
Delhi,"Friday, July 31, 2015",37.85,122.18,27.39,119.1,25.17,5
Delhi,"Saturday, August 1, 2015",41.32,126.33,29.5,139.85,23.1,5
Delhi,"Saturday, August 15, 2015",51.4,91.81,15.68,157.69,33.42,5
Delhi,"Friday, August 21, 2015",50.97,214.05,42.48,84.88,21.67,5
Delhi,"Tuesday, August 25, 2015",52.06,222.39,21.93,56.22,36.07,5
Delhi,"Sunday, September 6, 2015",61.69,168.63,17.36,41.56,23.17,5
Delhi,"Monday, December 28, 2015",148.77,332.68,23.26,71.74,69.14,5
Delhi,"Thursday, January 14, 2016",196.87,339.06,22.82,76.14,59.65,5
Delhi,"Friday, January 15, 2016",178.8,259.53,24.84,67.9,47.42,5
Delhi,"Sunday, January 17, 2016",179.48,268.5,24.14,75.29,35.01,5
Delhi,"Monday, February 22, 2016",88.73,137.44,12.59,48.81,30.92,5
Delhi,"Tuesday, February 23, 2016",86.17,194.61,32.16,58.22,28.75,5
Delhi,"Saturday, March 5, 2016",53,129.37,9.63,48.15,31.6,5
Delhi,"Sunday, March 6, 2016",47.43,60.61,17.03,61.54,44.64,5
Delhi,"Friday, March 18, 2016",72.47,133.3,24.06,69.35,30.43,5
Delhi,"Tuesday, March 22, 2016",47.43,139.62,5.98,32.05,21.64,5
Delhi,"Thursday, April 21, 2016",92.74,265.56,13.43,50.67,20.52,5
Delhi,"Saturday, April 23, 2016",89.52,171.92,18.15,56.56,20.6,5
Delhi,"Saturday, July 23, 2016",42.09,80.14,8.85,28.63,35.77,5
Delhi,"Monday, August 15, 2016",39.51,185.99,30.79,65.3,27.89,5
Delhi,"Sunday, August 21, 2016",28.01,65.58,5.42,29.64,23.44,5
Delhi,"Tuesday, September 20, 2016",94.23,141.3,38.6,94.51,28.66,5
Delhi,"Wednesday, September 21, 2016",89.62,131.06,30.07,59.15,29.75,5
Delhi,"Friday, September 30, 2016",84.33,179.81,20.59,61.77,32.18,5
Delhi,"Tuesday, October 11, 2016",134.84,327.75,62.55,120.1,36.52,5
Delhi,"Sunday, October 23, 2016",182.14,372.09,54.87,85.75,44.08,5
Delhi,"Monday, October 24, 2016",164.51,367.17,68.9,99.44,37.79,5
Delhi,"Tuesday, February 7, 2017",77.85,218.27,31.01,34.25,28.73,5
Delhi,"Thursday, February 23, 2017",182.29,158.96,37.77,34.91,38.51,5
Delhi,"Sunday, February 26, 2017",328.23,198.09,50.17,38.8,40.72,5
Delhi,"Saturday, March 11, 2017",37.49,110.65,29.5,17.11,24.61,5
Delhi,"Tuesday, March 28, 2017",152.66,289.95,61.08,53.58,61.73,5
Delhi,"Wednesday, March 29, 2017",113.62,311.56,77.91,59.57,58.95,5
Delhi,"Sunday, April 2, 2017",83.36,210.86,49.44,46.98,59.67,5
Delhi,"Wednesday, April 5, 2017",47.67,207.72,34.82,34.67,66.8,5
Delhi,"Thursday, October 19, 2017",176.17,259,55.94,53.32,50.7,5
Delhi,"Monday, October 23, 2017",163.35,242.73,89.4,63.05,48.44,5
Delhi,"Tuesday, October 24, 2017",188.24,331.64,72.71,87.22,53.82,5
Delhi,"Wednesday, October 25, 2017",203.03,326.46,56.81,57.55,55.14,5
Delhi,"Friday, October 27, 2017",167.54,293.68,26.14,52.4,48.68,5
Delhi,"Saturday, November 4, 2017",190.33,292.7,45.11,74.75,52.75,5
Delhi,"Saturday, November 18, 2017",143.51,202.59,20.23,50.62,38.55,5
Delhi,"Sunday, November 19, 2017",128.65,190.51,19.58,55.24,34.83,5
Delhi,"Friday, December 15, 2017",127.57,194.15,20.33,3.26,42.56,5
Delhi,"Saturday, January 27, 2018",155.2,271.1,34.29,60.99,46.22,5
Delhi,"Thursday, February 1, 2018",157.33,298.58,38.37,67.65,46.95,5
Delhi,"Saturday, February 3, 2018",115.05,239.61,27.97,64.81,46.26,5
Delhi,"Tuesday, February 6, 2018",143.29,274.72,28.45,67.62,44.96,5
Delhi,"Sunday, February 11, 2018",148.13,300.96,57.19,82.24,51.43,5
Delhi,"Tuesday, February 20, 2018",167.16,317.53,56.44,87.59,49.25,5
Delhi,"Tuesday, March 13, 2018",109.22,245.66,41.54,73.67,42.23,5
Delhi,"Wednesday, March 14, 2018",116.62,328.98,60.02,87.49,40.47,5
Delhi,"Thursday, March 15, 2018",108.98,314.72,36.34,66.89,43.23,5
Delhi,"Friday, March 16, 2018",111.67,256.67,27.56,62.19,42.2,5
Delhi,"Saturday, March 31, 2018",101.59,292.49,25.6,57.92,42.4,5
Delhi,"Monday, April 2, 2018",96.38,241.96,26.07,64.03,43.29,5
Delhi,"Wednesday, April 4, 2018",111.82,262.69,32.79,69.5,50.48,5
Delhi,"Saturday, April 14, 2018",97.16,235.01,42.69,73.26,39.49,5
Delhi,"Sunday, April 15, 2018",107.36,258.52,49,75.59,40.66,5
Delhi,"Tuesday, April 24, 2018",108.64,274.05,27.8,61.05,32.19,5
Delhi,"Friday, April 27, 2018",107.47,336.49,22.69,54.16,51.03,5
Delhi,"Monday, May 7, 2018",111.95,302.1,42.33,76.02,45.99,5
Delhi,"Thursday, May 10, 2018",93.45,215.34,28.94,68.21,53.84,5
Delhi,"Friday, May 11, 2018",132.39,315.8,35.51,75.54,51.67,5
Delhi,"Saturday, May 12, 2018",144.33,353.5,45.32,88.45,65.63,5
Delhi,"Friday, May 18, 2018",96.96,241.99,27.74,63.16,54.12,5
Delhi,"Sunday, May 20, 2018",83.66,228.61,20.35,50.04,45.4,5
Delhi,"Monday, May 21, 2018",71.25,209.67,14.16,48.33,41.07,5
Delhi,"Sunday, May 27, 2018",97.37,314.96,31.92,57.05,35.05,5
Delhi,"Monday, May 28, 2018",117.56,290.96,29.36,57.51,48.36,5
Delhi,"Tuesday, May 29, 2018",112.6,312.18,41.22,66.84,51.9,5
Delhi,"Tuesday, June 5, 2018",61.72,152.57,9.58,32.62,43.21,5
Delhi,"Friday, June 8, 2018",76.78,196.34,9.8,36.1,46.72,5
Delhi,"Saturday, June 9, 2018",52.79,136.75,10.94,36.36,40.4,5
Delhi,"Monday, June 11, 2018",73.22,218.14,11.9,35.75,48.15,5
Delhi,"Wednesday, January 21, 2015",159.54,235.27,12.27,33.02,63.23,8
Delhi,"Friday, January 23, 2015",128.73,136.07,11.99,29.46,39.98,8
Delhi,"Friday, February 13, 2015",167.01,328.43,32.23,55.13,83.96,8
Delhi,"Saturday, February 28, 2015",105.86,169.28,9.21,25.3,16.49,8
Delhi,"Tuesday, March 3, 2015",83.49,112.1,16.23,30.88,16.04,8
Delhi,"Wednesday, March 4, 2015",91.07,139.15,13.71,28.73,17.44,8
Delhi,"Wednesday, March 11, 2015",104.29,176.2,14.94,32.66,29.48,8
Delhi,"Sunday, April 5, 2015",78.61,145.1,13,39.45,32.3,8
Delhi,"Thursday, May 14, 2015",78.06,196.08,16.38,53.26,47.74,8
Delhi,"Saturday, May 30, 2015",92.68,239.12,47.05,103.71,40.66,8
Delhi,"Thursday, June 4, 2015",85.45,170.55,15.02,71.04,57.58,8
Delhi,"Monday, June 15, 2015",106.11,206.42,17.76,73.34,60.68,8
Delhi,"Wednesday, June 17, 2015",123.56,271.79,32.84,82.45,55.88,8
Delhi,"Tuesday, June 23, 2015",101.99,152.18,18.2,67.45,51.94,8
Delhi,"Wednesday, June 24, 2015",126.07,214.45,14.98,86.44,62.47,8
Delhi,"Wednesday, July 8, 2015",67.92,127.38,11.17,131.9,42.84,8
Delhi,"Saturday, July 11, 2015",29.08,41.31,31.49,254.8,42.6,8
Delhi,"Friday, July 17, 2015",77.99,148.95,13.99,128.36,40.17,8
Delhi,"Thursday, July 23, 2015",34.02,81.25,11.59,116.55,33.95,8
Delhi,"Sunday, August 23, 2015",44.67,138.12,21.72,52.07,33.25,8
Delhi,"Thursday, August 27, 2015",61.47,237.68,32.28,74.7,25.74,8
Delhi,"Monday, September 7, 2015",55.19,179.42,27.91,61.81,23.76,8
Delhi,"Wednesday, September 9, 2015",58.48,195.05,20.38,55.36,22.77,8
Delhi,"Monday, September 21, 2015",45.65,109.7,14.64,56.18,27.96,8
Delhi,"Thursday, October 22, 2015",116.98,213.49,24.37,54.18,22.53,8
Delhi,"Tuesday, November 17, 2015",136.22,280.47,44.56,77.4,41.89,8
Delhi,"Saturday, December 12, 2015",184.12,385.05,47.72,94.66,49.91,8
Delhi,"Friday, December 25, 2015",132.56,294.13,37.27,91.68,62.62,8
Delhi,"Saturday, December 26, 2015",158.69,331.93,52.6,109.95,69.77,8
Delhi,"Monday, January 18, 2016",269.05,451.43,75.17,129.46,45.72,8
Delhi,"Tuesday, January 19, 2016",278.2,430.74,25.48,81.75,43.49,8
Delhi,"Wednesday, January 20, 2016",272.1,415.38,25.73,73.35,40.44,8
Delhi,"Thursday, January 21, 2016",196.83,318.08,29.85,74.47,37.76,8
Delhi,"Tuesday, February 2, 2016",135.31,242.87,26.56,86.07,32.1,8
Delhi,"Tuesday, March 8, 2016",84.42,134.81,19.94,61.04,40.96,8
Delhi,"Wednesday, March 16, 2016",67.63,152.46,21.36,53.44,29.89,8
Delhi,"Monday, March 28, 2016",81.46,110.31,21.37,67.76,27.83,8
Delhi,"Tuesday, March 29, 2016",89.75,156.89,18.61,62.06,29.91,8
Delhi,"Wednesday, March 30, 2016",88.68,163.7,28.13,64.38,27.39,8
Delhi,"Monday, April 11, 2016",81.12,246.86,13.25,47.89,31.62,8
Delhi,"Friday, May 20, 2016",70.86,186.97,7.21,55.3,57.83,8
Delhi,"Friday, May 27, 2016",180.71,379.29,25.71,65.02,43.19,8
Delhi,"Monday, June 13, 2016",96.72,332.91,20.53,56.84,34.24,8
Delhi,"Friday, July 15, 2016",52.88,88.23,24.44,46.93,38.79,8
Delhi,"Wednesday, July 20, 2016",56.86,203.09,24.36,60.14,31.06,8
Delhi,"Thursday, August 11, 2016",30.66,32.79,18.9,46,24.79,8
Delhi,"Wednesday, August 17, 2016",62.19,247.59,24.1,58.74,25.64,8
Delhi,"Monday, September 12, 2016",49.7,178.47,32.77,68.85,21.52,8
Delhi,"Sunday, October 2, 2016",81.87,199.61,30.59,70.18,35.58,8
Delhi,"Tuesday, October 4, 2016",159.8,272.34,33,84.42,50.14,8
Delhi,"Saturday, October 15, 2016",144.98,368.81,80.18,104.39,34.74,8
Delhi,"Thursday, October 20, 2016",135.9,361.08,169.53,98.14,44.98,8
Delhi,"Monday, November 14, 2016",194.2,266.97,177.98,63.27,49.95,8
Delhi,"Monday, December 26, 2016",154.26,307.64,61.69,56.57,51.87,8
Delhi,"Sunday, January 8, 2017",136.98,218.67,37.15,28.25,29.21,8
Delhi,"Wednesday, January 11, 2017",146.04,314.69,65.31,56.02,31.36,8
Delhi,"Monday, January 16, 2017",188.08,284.88,38.14,37.11,39.47,8
Delhi,"Thursday, January 26, 2017",135.87,166.57,22.6,27.1,48.42,8
Delhi,"Monday, February 13, 2017",130.62,268.92,81.77,61.81,51.62,8
Delhi,"Tuesday, February 14, 2017",168.96,358.24,65.02,57.92,50.31,8
Delhi,"Wednesday, February 15, 2017",183.98,386.01,82.12,64.01,54.38,8
Delhi,"Thursday, February 16, 2017",163.86,335.5,62.07,55.79,55.87,8
Delhi,"Saturday, February 18, 2017",107.13,352.54,81.6,57.13,62.34,8
Delhi,"Monday, February 27, 2017",178.5,255.65,68.74,57.4,43.29,8
Delhi,"Saturday, March 4, 2017",82.32,196.84,48.61,44.96,39.3,8
Delhi,"Tuesday, March 21, 2017",128.51,365.67,46.31,29.59,33.99,8
Delhi,"Friday, November 17, 2017",150.79,220.08,32.01,70.95,45.56,8
Delhi,"Wednesday, December 6, 2017",120.91,210.21,23.19,68.08,45.92,8
Delhi,"Friday, December 8, 2017",115.08,204.38,23.86,3.63,41.49,8
Delhi,"Friday, December 22, 2017",157.72,241.38,22.11,2.69,55.36,8
Delhi,"Thursday, January 4, 2018",248.54,377.61,35.56,4.24,55.17,8
Delhi,"Friday, January 5, 2018",240.42,360.99,38.73,4.57,51.36,8
Delhi,"Monday, January 8, 2018",152.98,259.13,37.51,5.28,47.52,8
Delhi,"Monday, January 15, 2018",177.71,309.85,32.47,2.15,54.6,8
Delhi,"Thursday, February 22, 2018",159.67,313.47,59.65,90.58,55.72,8
Delhi,"Wednesday, April 25, 2018",117.56,313.41,46.07,77.25,31.94,8
Delhi,"Monday, June 18, 2018",61.06,166.71,11.44,31.17,33.27,8
Delhi,"Tuesday, June 19, 2018",52.76,152.06,10.85,29.02,31.25,8
Delhi,"Sunday, March 29, 2020",27.59,55.75,8.74,16.42,23.98,8
Delhi,"Thursday, April 2, 2020",28.51,61.06,9.91,17.72,22.22,8
Delhi,"Wednesday, April 8, 2020",29.7,79.04,8.38,16.51,23.41,8
Delhi,"Thursday, April 9, 2020",36.13,76.32,8.49,18.16,23.84,8
Delhi,"Friday, April 17, 2020",26.93,89.58,8.12,16.95,26.06,8
Delhi,"Saturday, April 18, 2020",29.09,102.53,8.45,17.02,27.18,8
Delhi,"Sunday, April 26, 2020",40.24,117.1,8.42,17.77,31.61,8
Delhi,"Tuesday, April 28, 2020",41.75,80.36,10.32,20.03,28.6,8
Delhi,"Sunday, May 3, 2020",32.56,83.02,12.72,21.57,32.48,8
Delhi,"Thursday, May 28, 2020",39.07,229.55,4.89,13.26,29.02,8
Delhi,"Saturday, May 30, 2020",23.09,53.19,5.04,14.11,36.19,8
Delhi,"Wednesday, January 7, 2015",217.87,376.51,26.99,52.41,134.82,9
Delhi,"Saturday, January 10, 2015",221.02,361.74,24.79,55.19,134.06,9
Delhi,"Saturday, January 31, 2015",158.59,207.06,30.67,57.77,67.66,9
Delhi,"Sunday, February 15, 2015",184.06,497.37,44.16,75.98,61.89,9
Delhi,"Friday, February 27, 2015",130.42,163.67,13.85,31.46,22.36,9
Delhi,"Friday, March 6, 2015",101.75,163.14,20.56,34.17,32.04,9
Delhi,"Saturday, March 14, 2015",67.94,105.29,14.3,32.1,29.21,9
Delhi,"Thursday, March 19, 2015",69.51,136.67,14.05,30.29,36.77,9
Delhi,"Saturday, March 28, 2015",102.22,212.96,22.14,40.44,32.82,9
Delhi,"Wednesday, April 1, 2015",112.86,167.6,24.6,45.12,36.05,9
Delhi,"Monday, April 13, 2015",86.49,116.62,14.18,56.07,38.86,9
Delhi,"Friday, May 8, 2015",90.66,305.38,25.55,73.9,30.52,9
Delhi,"Monday, June 8, 2015",137.7,269.3,52.45,109.95,50.63,9
Delhi,"Friday, July 10, 2015",47.68,95.1,26.94,173.98,53.64,9
Delhi,"Tuesday, July 21, 2015",40.97,78.76,12.25,151.32,38.36,9
Delhi,"Friday, August 7, 2015",64.58,154.92,19.7,202.11,39.64,9
Delhi,"Friday, August 14, 2015",65.67,159.75,25.2,194.75,38.58,9
Delhi,"Saturday, August 29, 2015",68.53,260.48,35.03,91.78,31.16,9
Delhi,"Tuesday, September 8, 2015",63.79,219.51,25.93,60.12,27.35,9
Delhi,"Thursday, September 10, 2015",60.29,184.78,20.95,59.79,24.07,9
Delhi,"Friday, September 11, 2015",67.35,181.99,16.4,56.83,34.81,9
Delhi,"Sunday, September 13, 2015",84.57,171.76,16.76,54.12,51.19,9
Delhi,"Thursday, September 24, 2015",63.06,187.9,40.7,72.85,18.24,9
Delhi,"Wednesday, September 30, 2015",61.08,155.26,17.52,53.3,21.93,9
Delhi,"Wednesday, November 11, 2015",219.68,408.52,24.64,71.78,48.34,9
Delhi,"Wednesday, November 25, 2015",149.14,312.85,33.11,83.28,35.62,9
Delhi,"Friday, December 11, 2015",198.38,410.6,57.61,116.75,57.97,9
Delhi,"Sunday, December 13, 2015",135.42,338.3,71.54,118.56,37.83,9
Delhi,"Monday, December 14, 2015",118.6,380.24,56.5,102.21,38.84,9
Delhi,"Sunday, January 10, 2016",183.24,345.68,85.1,119.51,62.87,9
Delhi,"Wednesday, February 3, 2016",136.87,273.78,18.78,80.6,30.46,9
Delhi,"Sunday, February 14, 2016",103.57,177.49,21.11,71.42,35.13,9
Delhi,"Friday, February 26, 2016",129.66,236.27,50.39,101.86,27.19,9
Delhi,"Monday, April 18, 2016",102.9,219.17,33.28,78.86,28.33,9
Delhi,"Wednesday, April 20, 2016",124.8,283.05,22.33,66.43,25.14,9
Delhi,"Sunday, April 24, 2016",123.59,219.3,57.65,102.52,22,9
Delhi,"Tuesday, May 3, 2016",125.36,284.55,10,52.11,31.89,9
Delhi,"Thursday, May 19, 2016",94.22,219.01,11.17,74.26,43.64,9
Delhi,"Saturday, May 28, 2016",109.82,314,8.63,35.37,29.71,9
Delhi,"Saturday, June 18, 2016",79.17,142.57,7.3,35.75,33.32,9
Delhi,"Wednesday, June 22, 2016",75.14,99.89,9.12,37.74,31.53,9
Delhi,"Monday, June 27, 2016",76.76,112.46,5.66,37.28,39.39,9
Delhi,"Wednesday, June 29, 2016",60.67,68.43,7.96,39.52,33.03,9
Delhi,"Friday, July 1, 2016",58.21,113.1,12.65,40.04,42.08,9
Delhi,"Monday, July 4, 2016",57.1,75.83,14.67,50.05,35.38,9
Delhi,"Wednesday, July 6, 2016",77.71,143.29,11.31,43.72,52.72,9
Delhi,"Saturday, July 9, 2016",52.95,87.81,13.01,41.97,40.31,9
Delhi,"Monday, July 11, 2016",60.92,74.51,13.86,45.91,38.15,9
Delhi,"Sunday, July 24, 2016",59.4,124.47,15.95,69.2,38.44,9
Delhi,"Thursday, September 8, 2016",71.72,260.6,31.37,70.75,20.58,9
Delhi,"Friday, September 9, 2016",87.99,277.61,34.45,76.55,21.51,9
Delhi,"Saturday, September 10, 2016",45.7,190.45,29.83,63.72,21.07,9
Delhi,"Friday, September 16, 2016",67.11,185.86,17.87,67.78,27.03,9
Delhi,"Saturday, September 17, 2016",81.9,207.91,28.14,83.1,29.48,9
Delhi,"Sunday, September 18, 2016",86.16,185.57,17.63,67.1,29.26,9
Delhi,"Thursday, September 22, 2016",32.73,67.29,10.98,46.71,27.78,9
Delhi,"Friday, September 23, 2016",55.64,125.31,13.63,64.51,29.48,9
Delhi,"Saturday, September 24, 2016",56.46,112.36,19.78,65.52,30.1,9
Delhi,"Tuesday, October 18, 2016",161.49,352.64,80.88,118.3,39.9,9
Delhi,"Saturday, October 22, 2016",140.92,442.68,140.89,115.83,47.03,9
Delhi,"Saturday, December 10, 2016",189.09,249.35,30.67,29.83,34.4,9
Delhi,"Friday, January 20, 2017",217.55,207.03,43.74,36.69,31.55,9
Delhi,"Monday, January 23, 2017",189.45,277.25,80.42,46.06,33.51,9
Delhi,"Wednesday, February 1, 2017",136.02,251.31,97.62,50.05,46.63,9
Delhi,"Monday, February 6, 2017",176.04,414.89,87.2,54.74,46.21,9
Delhi,"Wednesday, March 15, 2017",112.71,319.97,59.15,30.58,37.36,9
Delhi,"Saturday, May 27, 2017",69.88,317.07,8.83,15.96,39.95,9
Delhi,"Tuesday, January 16, 2018",133.56,231.04,31.78,3.92,43.23,9
Delhi,"Wednesday, February 21, 2018",172.99,346.46,72.82,94.31,49.47,9
Delhi,"Thursday, June 14, 2018",225.49,761.91,11.75,29.01,27.3,9
Delhi,"Monday, June 3, 2019",66.94,300.7,11.7,26.82,43.32,9
Delhi,"Thursday, March 26, 2020",45.69,75.81,9.02,17.41,33.68,9
Delhi,"Friday, March 27, 2020",26.89,45.48,8.34,15.89,27.4,9
Delhi,"Monday, March 30, 2020",35.08,64.66,8.29,16.62,23.21,9
Delhi,"Tuesday, March 31, 2020",35.31,67.01,9.36,18.01,26.5,9
Delhi,"Wednesday, April 1, 2020",32.88,65.84,10.4,19.26,26.73,9
Delhi,"Friday, April 3, 2020",31.36,62.69,9.29,19.33,21.54,9
Delhi,"Tuesday, April 7, 2020",33.12,94.02,8.5,17.38,25.53,9
Delhi,"Sunday, April 19, 2020",35.49,73.86,10.13,20.82,29.94,9
Delhi,"Tuesday, April 21, 2020",37.17,87.27,8.89,19.57,29.75,9
Delhi,"Saturday, April 25, 2020",33.09,85.83,9.6,19.91,28.65,9
Delhi,"Thursday, April 30, 2020",49.96,115.63,12.73,20.45,32.99,9
Delhi,"Sunday, May 10, 2020",44.3,110.39,5.21,14.47,28.71,9
Delhi,"Sunday, May 31, 2020",21.51,40.43,5.02,13.15,34.91,9
Delhi,"Saturday, January 3, 2015",87.18,131.9,25.73,47.95,69.55,10
Delhi,"Sunday, January 4, 2015",151.84,241.84,25.01,48.62,130.36,10
Delhi,"Tuesday, January 13, 2015",197.61,301.04,34.28,62.95,145.48,10
Delhi,"Thursday, January 22, 2015",143.68,183.89,14.75,34.88,39.65,10
Delhi,"Thursday, January 29, 2015",173.13,277,23.14,48.89,62.03,10
Delhi,"Thursday, February 5, 2015",131.76,127.42,23.15,47.4,51.24,10
Delhi,"Thursday, March 26, 2015",109.78,217.9,24.1,44.26,28,10
Delhi,"Sunday, March 29, 2015",104.36,202.01,23.55,43.2,37.35,10
Delhi,"Friday, April 10, 2015",96.56,203.67,17.46,62.06,30.32,10
Delhi,"Friday, April 17, 2015",65.78,180.67,18.75,55.98,30.04,10
Delhi,"Monday, April 20, 2015",121.51,336.63,18.14,68.41,33.63,10
Delhi,"Friday, May 1, 2015",76.1,192.81,13.14,52.01,26.55,10
Delhi,"Sunday, May 10, 2015",101.21,283.47,20.83,65.08,31.32,10
Delhi,"Thursday, June 18, 2015",132.21,268.84,34.59,108.25,59.55,10
Delhi,"Thursday, July 9, 2015",65.95,128.93,25.82,152.12,48.61,10
Delhi,"Sunday, July 19, 2015",67.39,144.11,23.65,155.27,42.68,10
Delhi,"Wednesday, August 5, 2015",59.13,117.08,25.28,164.51,37.94,10
Delhi,"Saturday, August 8, 2015",70.05,149.92,21.3,200.34,43.18,10
Delhi,"Sunday, August 9, 2015",55.51,105.17,31.18,167.5,36.5,10
Delhi,"Monday, August 10, 2015",82.27,140.54,50.39,225.79,35.68,10
Delhi,"Thursday, August 13, 2015",61.66,116.55,47.8,189.02,39.16,10
Delhi,"Friday, August 28, 2015",77.76,206.22,12.44,57.41,32.56,10
Delhi,"Wednesday, September 16, 2015",91.18,190.99,8.55,42.94,49.72,10
Delhi,"Friday, September 18, 2015",56.19,129.11,14.26,48.2,40.48,10
Delhi,"Tuesday, September 29, 2015",68.34,172.35,22.57,64.14,25.2,10
Delhi,"Sunday, November 8, 2015",217.55,356.92,32.59,98.5,49.64,10
Delhi,"Friday, November 13, 2015",291.66,469.38,27.58,84.27,50.58,10
Delhi,"Thursday, December 10, 2015",211.95,386.66,51.4,114.36,50.46,10
Delhi,"Sunday, January 31, 2016",242.05,291.16,22.08,61.75,53.86,10
Delhi,"Tuesday, February 16, 2016",123.22,216.09,27.2,91.8,32.58,10
Delhi,"Thursday, March 24, 2016",156.01,228.19,85.62,138.71,39.36,10
Delhi,"Friday, March 25, 2016",137.99,217.03,47.16,112.34,44.01,10
Delhi,"Thursday, April 14, 2016",94.81,220.48,39.07,78.15,22.82,10
Delhi,"Monday, May 16, 2016",94.89,247.95,37.68,85.72,31,10
Delhi,"Tuesday, May 17, 2016",92.95,249.27,32.62,98,29.12,10
Delhi,"Monday, May 30, 2016",56.87,101.24,21.03,64.65,39.34,10
Delhi,"Sunday, June 5, 2016",77.72,166.28,4.05,33.03,51.64,10
Delhi,"Tuesday, June 14, 2016",59.02,197.51,27.2,68.18,38.65,10
Delhi,"Thursday, June 16, 2016",62.37,109.42,7.69,32.88,34.5,10
Delhi,"Monday, June 20, 2016",83.1,84.18,11.99,47.72,34.93,10
Delhi,"Thursday, June 23, 2016",91.63,98.88,10.88,44.63,28.31,10
Delhi,"Saturday, June 25, 2016",67.12,175.26,4.67,51.52,43.4,10
Delhi,"Sunday, June 26, 2016",48,86.63,4.54,42.04,39.05,10
Delhi,"Thursday, June 30, 2016",69.65,103.25,9.49,39.9,31.42,10
Delhi,"Friday, July 8, 2016",54.96,98.86,14.06,51.85,40.9,10
Delhi,"Sunday, July 10, 2016",59.13,86.18,12.96,46.19,37.92,10
Delhi,"Tuesday, July 19, 2016",42.14,166.27,20.73,48.11,55.76,10
Delhi,"Tuesday, July 26, 2016",54.5,95.08,11.64,50.72,48.6,10
Delhi,"Tuesday, August 9, 2016",41.29,64.76,16.97,43.48,27.23,10
Delhi,"Friday, September 2, 2016",44.31,111.18,35.83,84.99,26.32,10
Delhi,"Saturday, September 3, 2016",46.77,208.01,30.88,76.16,23.2,10
Delhi,"Wednesday, September 14, 2016",47.36,109.64,20.69,62.62,23.03,10
Delhi,"Thursday, October 6, 2016",117.86,229.25,42.23,98.02,54.59,10
Delhi,"Tuesday, October 25, 2016",115.76,290.42,125.4,107.03,38.89,10
Delhi,"Monday, November 28, 2016",127.5,312.58,90.6,46.87,28.3,10
Delhi,"Monday, December 19, 2016",236.24,445.54,87.1,65.09,61.04,10
Delhi,"Thursday, December 22, 2016",187.3,399.43,99.49,51.92,50.67,10
Delhi,"Monday, January 9, 2017",141.88,266.86,76.63,57.96,36.32,10
Delhi,"Monday, January 30, 2017",166.71,276.2,110.02,57.64,40.53,10
Delhi,"Wednesday, February 22, 2017",93.03,270.3,84.46,62.23,58.5,10
Delhi,"Thursday, March 2, 2017",114.68,300.55,64.39,48.81,62.98,10
Delhi,"Thursday, March 16, 2017",125.8,348.95,73.95,35,43.07,10
Delhi,"Sunday, March 19, 2017",120.43,350.42,80.86,41.4,43.17,10
Delhi,"Sunday, May 28, 2017",40.33,150.34,7.16,15.27,37.97,10
Delhi,"Thursday, November 2, 2017",160.69,227.41,26.09,56.86,49.88,10
Delhi,"Saturday, December 23, 2017",117.72,181.59,31.51,3.61,51.89,10
Delhi,"Tuesday, January 2, 2018",277.48,422.59,31.26,4.26,55.61,10
Delhi,"Sunday, January 14, 2018",191.47,308.74,36.32,1.87,55.35,10
Delhi,"Friday, February 23, 2018",163.75,333.99,59.63,92.54,59.64,10
Delhi,"Wednesday, May 23, 2018",129.23,324,53.83,86.18,46.95,10
Delhi,"Sunday, June 24, 2018",54.15,163.89,10.39,37.1,34.64,10
Delhi,"Wednesday, April 17, 2019",22.14,62.49,9.73,23.56,26.7,10
Delhi,"Sunday, June 23, 2019",42.06,126.12,6.64,19.84,31.36,10
Delhi,"Wednesday, July 3, 2019",39.99,113.92,7.3,21.33,33.05,10
Delhi,"Saturday, August 10, 2019",16.73,47.75,9.02,21.47,24.4,10
Delhi,"Friday, August 16, 2019",15.52,37.1,13.71,26.32,27.58,10
Delhi,"Saturday, August 17, 2019",10.24,19.51,14.08,24.77,25.82,10
Delhi,"Saturday, March 28, 2020",21.23,34.15,9.87,18.34,25.22,10
Delhi,"Saturday, April 4, 2020",40.79,77.64,10.07,21.19,23.06,10
Delhi,"Monday, April 13, 2020",60.6,136.77,7.16,19.83,27.95,10
Delhi,"Monday, May 4, 2020",26.63,60.59,12.86,20.79,31.35,10
Delhi,"Thursday, May 7, 2020",36.02,88.35,10.31,18.92,25.51,10
Delhi,"Friday, May 29, 2020",24.62,66.66,5.14,14.69,32.19,10
Delhi,"Tuesday, February 3, 2015",157.71,194.09,12.28,34.1,66.38,4
Delhi,"Monday, March 9, 2015",76.62,117.38,10.49,22.84,15.2,4
Delhi,"Sunday, March 15, 2015",38.89,46.68,9.49,21.45,30.59,4
Delhi,"Wednesday, March 18, 2015",50.59,95.56,9.32,21.74,39.16,4
Delhi,"Friday, March 27, 2015",62.27,117.81,12.01,27.71,27.34,4
Delhi,"Thursday, April 2, 2015",78.51,112.78,9.82,27.51,31.04,4
Delhi,"Monday, May 18, 2015",66.85,172.35,9.2,55.88,40.95,4
Delhi,"Friday, May 22, 2015",67.91,235.99,34.97,77.1,45.91,4
Delhi,"Saturday, May 23, 2015",69.02,313.73,38.94,75.32,36.5,4
Delhi,"Tuesday, May 26, 2015",96.09,311.08,24.98,70.51,33.51,4
Delhi,"Monday, June 1, 2015",49.42,175.39,15.74,61.72,35.12,4
Delhi,"Tuesday, June 2, 2015",52.51,117.86,18.64,68.84,46.09,4
Delhi,"Wednesday, June 10, 2015",63.77,166.31,12.93,34.21,43.33,4
Delhi,"Thursday, June 11, 2015",115.57,259.73,4.41,26.63,35.31,4
Delhi,"Friday, June 12, 2015",83.29,180.06,14.51,37.13,40.11,4
Delhi,"Saturday, June 20, 2015",80.31,160.22,5.92,45.57,48.06,4
Delhi,"Sunday, June 28, 2015",79.84,214.78,20.29,92.99,41.99,4
Delhi,"Monday, July 6, 2015",60.27,143.86,15.17,109.71,38.68,4
Delhi,"Wednesday, July 15, 2015",63.79,243.97,30.37,89.67,44.18,4
Delhi,"Sunday, July 26, 2015",29.81,86.01,8.06,106.81,33.05,4
Delhi,"Wednesday, August 19, 2015",34.42,124.17,28.15,119.94,25.85,4
Delhi,"Saturday, October 31, 2015",245.97,274.06,36.55,58.72,35.77,4
Delhi,"Saturday, January 16, 2016",138.86,220.21,16.26,56.84,35.05,4
Delhi,"Sunday, March 27, 2016",61.75,54,6.56,36.21,28.36,4
Delhi,"Friday, April 22, 2016",113.75,208.42,9.87,46.72,20,4
Delhi,"Saturday, May 21, 2016",78.02,233.72,4.48,45.61,55.28,4
Delhi,"Monday, September 5, 2016",45.37,246.81,35.47,72.7,19.68,4
Delhi,"Friday, January 27, 2017",74.92,80.21,32.05,31.15,31.84,4
Delhi,"Sunday, February 12, 2017",166.55,250.37,97.85,61.64,95.27,4
Delhi,"Friday, March 10, 2017",68.88,106.39,23.17,15.14,25.51,4
Delhi,"Monday, March 13, 2017",74.58,182.79,17.82,11.86,21.02,4
Delhi,"Friday, March 24, 2017",149.42,282.88,45.21,32.77,76.02,4
Delhi,"Friday, March 31, 2017",91.19,285.69,76.66,56.29,67.36,4
Delhi,"Saturday, April 8, 2017",151.25,410.15,104.57,56.4,55.26,4
Delhi,"Sunday, October 15, 2017",147.83,195.47,41.91,15.25,44.61,4
Delhi,"Saturday, October 21, 2017",213.12,317.52,42.71,49.3,50.8,4
Delhi,"Sunday, October 22, 2017",146.01,201.91,54.57,31.89,45.72,4
Delhi,"Thursday, October 26, 2017",178.91,290.41,56.9,63.21,61.45,4
Delhi,"Saturday, January 20, 2018",152.33,252.92,21.5,53.34,66.51,4
Delhi,"Thursday, January 25, 2018",111.75,167.31,24.28,48.6,40.74,4
Delhi,"Friday, January 26, 2018",128.45,207.66,28.91,57.6,44.28,4
Delhi,"Sunday, January 28, 2018",150.96,248.26,41.85,73.57,45.66,4
Delhi,"Tuesday, January 30, 2018",126.84,212.59,23.71,51.3,38.68,4
Delhi,"Wednesday, January 31, 2018",123.48,205.56,22.07,48.06,39.32,4
Delhi,"Monday, February 5, 2018",163.6,308.37,42.64,78.45,45.41,4
Delhi,"Wednesday, February 7, 2018",131.49,246.92,26.04,55.33,43.31,4
Delhi,"Tuesday, February 13, 2018",103.93,170.12,37.45,72.84,50.89,4
Delhi,"Saturday, February 17, 2018",127.8,244.27,24.55,60.9,49.73,4
Delhi,"Sunday, February 18, 2018",127.27,234.67,35.15,67.43,45.32,4
Delhi,"Sunday, February 25, 2018",106.26,222.46,25,59.15,50.57,4
Delhi,"Friday, March 2, 2018",139.18,253.32,46.05,78.23,48.86,4
Delhi,"Saturday, March 3, 2018",98.25,205.92,26.84,59.03,44.26,4
Delhi,"Wednesday, March 7, 2018",87.62,178.53,25.71,54.4,36.46,4
Delhi,"Saturday, March 10, 2018",75.67,171.69,16.27,47.05,39.35,4
Delhi,"Monday, March 12, 2018",105.29,223.67,28.38,65.27,42.8,4
Delhi,"Monday, March 19, 2018",81.93,197.13,28.38,62.83,37.7,4
Delhi,"Thursday, March 22, 2018",83.4,176.02,13.53,41.53,42.95,4
Delhi,"Friday, March 23, 2018",64.2,151.45,14.86,42.49,34.91,4
Delhi,"Saturday, March 24, 2018",78.4,186.62,15.2,44.39,35.84,4
Delhi,"Thursday, March 29, 2018",95.98,217.49,17.1,49.23,37.18,4
Delhi,"Tuesday, April 3, 2018",101.18,252.21,27.42,66.35,45.56,4
Delhi,"Friday, April 6, 2018",100.5,231.2,25.66,62.14,43.35,4
Delhi,"Monday, April 9, 2018",49.56,123.41,24.07,53.81,44.12,4
Delhi,"Friday, April 13, 2018",83.96,196.02,34.37,64.81,36.1,4
Delhi,"Tuesday, April 17, 2018",81.97,260.67,35.67,69.28,39.2,4
Delhi,"Thursday, April 19, 2018",89.49,282.24,27.08,62.47,35.35,4
Delhi,"Friday, April 20, 2018",100.01,385.04,20.62,49.75,36.14,4
Delhi,"Monday, April 30, 2018",79.3,214.51,21.81,58.38,49.72,4
Delhi,"Saturday, May 5, 2018",74.82,196.76,23.26,55.93,44.85,4
Delhi,"Wednesday, May 9, 2018",71.99,177.76,19.68,56.74,43.68,4
Delhi,"Wednesday, May 16, 2018",78.74,221.21,16.47,45.65,43.11,4
Delhi,"Thursday, May 17, 2018",105.99,288.92,17.3,44.55,45.08,4
Delhi,"Thursday, May 31, 2018",71.99,235.22,14.54,44.17,50.49,4
Delhi,"Saturday, June 2, 2018",52.6,154.66,12.65,35.13,41.24,4
Delhi,"Wednesday, June 13, 2018",261.77,743.98,11.58,30.62,32.58,4
Delhi,"Thursday, January 8, 2015",229.9,360.95,23.34,51.21,138.13,11
Delhi,"Friday, January 9, 2015",201.66,397.43,19.18,45.6,140.6,11
Delhi,"Sunday, January 11, 2015",205.41,393.2,28.46,57.88,131.1,11
Delhi,"Monday, January 12, 2015",212.41,345.63,24.77,54.66,148.51,11
Delhi,"Wednesday, January 14, 2015",164.39,227.38,20.78,48.09,166.7,11
Delhi,"Monday, February 23, 2015",141.39,157.01,21.95,42.71,36.38,11
Delhi,"Wednesday, March 25, 2015",107.26,201.08,21.52,42.98,27.92,11
Delhi,"Thursday, April 16, 2015",81.81,164.56,18.2,58.92,37.84,11
Delhi,"Friday, May 15, 2015",97.87,240.34,27.46,81.14,44.08,11
Delhi,"Thursday, August 6, 2015",65.47,126.56,24.45,205.02,37.79,11
Delhi,"Tuesday, August 11, 2015",77.04,137.74,31.89,215.75,41.69,11
Delhi,"Thursday, September 3, 2015",99.5,278.36,33.04,67.05,17.86,11
Delhi,"Sunday, September 20, 2015",64.38,141.89,20.17,62.49,39.93,11
Delhi,"Monday, September 28, 2015",69.57,190.18,24.23,63.74,26.35,11
Delhi,"Wednesday, October 14, 2015",75.81,155.25,14.33,53.25,28.75,11
Delhi,"Wednesday, October 21, 2015",158.04,265.39,23.76,69.79,37.48,11
Delhi,"Thursday, October 29, 2015",95.72,183.08,25.74,77.86,25.55,11
Delhi,"Saturday, November 14, 2015",221.68,377.4,19.84,69.37,48.04,11
Delhi,"Sunday, November 29, 2015",190.46,342.59,64.72,99.82,59.13,11
Delhi,"Sunday, January 3, 2016",270.1,484.82,54.41,101.63,66.4,11
Delhi,"Saturday, February 27, 2016",144.98,245.96,63.25,102.02,36.93,11
Delhi,"Sunday, February 28, 2016",163.92,263.73,84.62,114.7,41.99,11
Delhi,"Friday, March 4, 2016",115.55,201.71,28.05,79.02,39.42,11
Delhi,"Wednesday, March 9, 2016",109.16,164.84,35.5,76.08,35.16,11
Delhi,"Thursday, March 17, 2016",70.86,137.98,22.03,78.38,31.57,11
Delhi,"Saturday, March 19, 2016",103.73,194.95,67.6,131.48,38.99,11
Delhi,"Monday, April 25, 2016",104.5,213.36,31.14,91.82,23.14,11
Delhi,"Saturday, May 7, 2016",77.89,193.14,15.3,70.75,39.63,11
Delhi,"Sunday, May 8, 2016",90.19,208.75,7.73,59.4,45.99,11
Delhi,"Wednesday, June 1, 2016",76.56,251.87,17.71,57.7,37.91,11
Delhi,"Thursday, June 2, 2016",81.4,298.5,26.72,73.71,37.86,11
Delhi,"Sunday, June 12, 2016",70.71,272.34,19.62,59.25,33.33,11
Delhi,"Friday, June 17, 2016",67.76,120.06,16.21,52.49,32.53,11
Delhi,"Monday, July 18, 2016",44.08,77.07,24.72,54.62,51.53,11
Delhi,"Tuesday, August 23, 2016",38.99,85.48,7.8,40.84,26.3,11
Delhi,"Thursday, September 15, 2016",79.99,198.81,21.15,69.82,28.2,11
Delhi,"Monday, September 26, 2016",89.09,194.71,44.43,105.76,32.26,11
Delhi,"Monday, October 17, 2016",149.35,346.31,105.43,129.43,37.11,11
Delhi,"Friday, October 21, 2016",161.11,477.65,166.64,107.99,46.41,11
Delhi,"Tuesday, November 8, 2016",338.38,471.47,75.56,54.81,55.65,11
Delhi,"Thursday, November 17, 2016",351.47,412.95,69.58,60.3,41.1,11
Delhi,"Friday, November 18, 2016",237.21,409.98,92.48,55.83,43.06,11
Delhi,"Wednesday, November 23, 2016",174.56,443.12,103.4,58.08,48.28,11
Delhi,"Tuesday, December 27, 2016",213.2,395.37,114.55,56.14,47.88,11
Delhi,"Friday, January 6, 2017",194.12,278.62,67.81,37.59,58.18,11
Delhi,"Thursday, January 12, 2017",216.73,423.24,111.19,75.14,43.41,11
Delhi,"Thursday, January 19, 2017",227.68,225.03,30.18,22.56,25.48,11
Delhi,"Saturday, February 4, 2017",186.65,324.14,70.65,40.48,57.26,11
Delhi,"Tuesday, March 7, 2017",112.41,307.78,84.73,58.96,43.71,11
Delhi,"Wednesday, March 22, 2017",120.88,405.64,86.41,31.85,49.03,11
Delhi,"Friday, May 19, 2017",139.1,329.12,37.79,38.72,27.59,11
Delhi,"Friday, May 26, 2017",103.75,301.57,19.37,31.23,49.97,11
Delhi,"Monday, May 29, 2017",48.95,150.23,18.15,23.76,41.24,11
Delhi,"Tuesday, November 14, 2017",254.36,365.91,34.12,75.36,55.71,11
Delhi,"Tuesday, November 21, 2017",178.08,253.38,32.84,75.18,40.58,11
Delhi,"Tuesday, December 19, 2017",168.33,257.19,35.44,4.37,56.27,11
Delhi,"Thursday, December 21, 2017",293.14,435.23,32.3,3.57,72.97,11
Delhi,"Friday, January 12, 2018",168.87,281.06,40.02,3.73,55.07,11
Delhi,"Monday, January 22, 2018",202.11,352.68,54.86,72.5,63.15,11
Delhi,"Saturday, February 10, 2018",209.7,373.06,71.59,86.85,47.52,11
Delhi,"Wednesday, April 11, 2018",48.61,125.53,16.25,41.68,39.88,11
Delhi,"Friday, June 15, 2018",153.28,613.34,12.05,29.31,26.27,11
Delhi,"Wednesday, June 20, 2018",67.55,201.22,13.82,37.25,36.03,11
Delhi,"Thursday, June 21, 2018",76.98,273.16,11.17,35.93,38.44,11
Delhi,"Monday, June 25, 2018",46.9,155.61,10.81,31.12,32.64,11
Delhi,"Monday, June 24, 2019",26.29,85.68,9.51,22.57,28.84,11
Delhi,"Friday, April 10, 2020",57.67,112.93,9.8,23.3,27.71,11
Delhi,"Saturday, April 11, 2020",53.03,118.1,9.54,21.9,28.33,11
Delhi,"Monday, May 11, 2020",43.26,93.49,4.8,15.6,28.13,11
Delhi,"Saturday, June 6, 2020",35.14,80.49,5.85,16.37,31.81,11
Delhi,"Thursday, January 1, 2015",313.22,607.98,69.16,110.59,33.85,25
Delhi,"Friday, January 2, 2015",186.18,269.55,62.09,88.14,31.83,20
Delhi,"Thursday, January 15, 2015",166.19,283.93,47.91,79.73,124.64,21
Delhi,"Friday, January 16, 2015",174.98,309.99,42.33,70.6,136.4,16
Delhi,"Saturday, January 17, 2015",196.46,356.2,42.18,80.18,125.49,18
Delhi,"Sunday, January 18, 2015",201.51,359.75,45.51,75.83,120.45,21
Delhi,"Monday, January 19, 2015",183.35,305.13,27.32,55.67,148.49,13
Delhi,"Sunday, February 1, 2015",211.59,371.05,57.56,93.17,96.69,15
Delhi,"Friday, February 6, 2015",151.6,330.99,46.66,84.76,63.45,20
Delhi,"Saturday, February 7, 2015",160.75,210.52,37.54,71.68,58.15,15
Delhi,"Monday, February 9, 2015",134.67,109.86,19.95,44.48,74.29,3
Delhi,"Saturday, February 14, 2015",193.96,412.46,81.47,107.76,137.27,18
Delhi,"Wednesday, February 18, 2015",188.2,253.53,69.2,104.31,79.83,16
Delhi,"Saturday, February 21, 2015",155.38,191.03,35.51,57.91,69.59,16
Delhi,"Sunday, February 22, 2015",124.1,107.61,15.38,32.15,70.25,3
Delhi,"Tuesday, February 24, 2015",170.16,238.33,36.04,60.78,34.14,22
Delhi,"Monday, March 2, 2015",53.71,60.15,11.02,20.48,19.11,3
Delhi,"Thursday, March 5, 2015",106.57,196.19,25.97,45.48,28.86,15
Delhi,"Thursday, March 12, 2015",115.93,203.75,18.48,37.84,30.72,12
Delhi,"Friday, March 13, 2015",108.66,173.89,15.61,37.02,23.31,15
Delhi,"Friday, March 20, 2015",96.62,168,19.15,37.12,35.07,18
Delhi,"Saturday, March 21, 2015",96.28,172.91,20.18,37.78,32.01,17
Delhi,"Monday, March 23, 2015",78.47,131.42,12.57,28.5,32.13,14
Delhi,"Tuesday, March 24, 2015",91.87,179.36,21.3,40.31,31.79,16
Delhi,"Monday, March 30, 2015",44.19,57,7.11,19.91,28.77,3
Delhi,"Monday, April 6, 2015",119.7,195.47,34.3,59.96,44.66,14
Delhi,"Saturday, April 11, 2015",131.39,234.65,22.86,72.68,34.01,14
Delhi,"Saturday, April 18, 2015",119.82,268.65,26.27,66.92,28.99,14
Delhi,"Sunday, April 19, 2015",125.53,308.82,32.69,87.58,34.39,17
Delhi,"Tuesday, April 21, 2015",114.5,327.81,23.52,63.45,30.3,13
Delhi,"Wednesday, April 22, 2015",101.83,279.41,26.26,72.67,24.36,15
Delhi,"Thursday, April 23, 2015",118.57,273.68,33.93,96.19,29.32,18
Delhi,"Friday, April 24, 2015",143.22,313.53,42.58,108.55,36.5,22
Delhi,"Saturday, April 25, 2015",106.76,318.88,22.5,71.34,37,13
Delhi,"Saturday, May 2, 2015",72.66,206.1,25.56,76.22,26.99,16
Delhi,"Sunday, May 3, 2015",121.94,334.02,52.12,100.84,35.46,32
Delhi,"Monday, May 4, 2015",108.98,326.71,52,112.64,31.33,27
Delhi,"Tuesday, May 5, 2015",145.99,366.85,75.13,150.76,35.82,36
Delhi,"Wednesday, May 6, 2015",171.33,346.98,53.42,122.67,39.27,29
Delhi,"Thursday, May 7, 2015",117.76,343.12,19.74,73.07,35.52,13
Delhi,"Saturday, May 9, 2015",106.4,285.38,43.33,96.25,34.25,12
Delhi,"Sunday, May 31, 2015",73.62,236.8,19.04,52.3,36.27,3
Delhi,"Tuesday, June 16, 2015",132.21,282.05,45.43,109.14,59.1,14
Delhi,"Saturday, June 27, 2015",69.46,195.2,19.12,69.98,42.36,3
Delhi,"Monday, June 29, 2015",48.5,96.78,5.47,81.25,43.97,3
Delhi,"Friday, July 3, 2015",65.25,219.31,19.11,64.79,37.32,3
Delhi,"Saturday, July 4, 2015",88.75,212.16,20.9,45.93,61.61,2
Delhi,"Sunday, July 5, 2015",135.92,435.2,19.63,49.31,64.99,3
Delhi,"Saturday, July 18, 2015",71.11,148.87,24.83,149.07,42.26,14
Delhi,"Wednesday, July 22, 2015",38.97,85.89,19.43,132.19,36.49,17
Delhi,"Monday, July 27, 2015",22.82,53.28,10.02,113.43,30.92,3
Delhi,"Tuesday, July 28, 2015",24.69,51.98,10.03,127.68,28.99,3
Delhi,"Wednesday, July 29, 2015",29.04,56.7,12.18,126.64,28.56,3
Delhi,"Thursday, July 30, 2015",25.76,47.91,13.51,105.81,29.31,3
Delhi,"Thursday, August 20, 2015",40.83,210.86,32.66,72.35,20.57,3
Delhi,"Friday, September 4, 2015",97.31,284.54,50,90.18,23.02,19
Delhi,"Saturday, September 12, 2015",87.55,178.57,20.95,67.44,46.05,12
Delhi,"Monday, September 14, 2015",111.58,236.34,22.48,75.63,43.99,13
Delhi,"Tuesday, September 15, 2015",108.78,217.16,14.94,63.58,46.66,19
Delhi,"Thursday, September 17, 2015",104.85,250.21,23.06,73.86,48.13,13
Delhi,"Saturday, September 19, 2015",67.62,125.24,19.82,58.37,47.21,13
Delhi,"Friday, September 25, 2015",82.39,222.71,53.19,89.84,22.95,13
Delhi,"Saturday, September 26, 2015",88.08,254.8,66.49,103.63,29.98,16
Delhi,"Sunday, September 27, 2015",89.75,252.06,53,92.67,30.43,15
Delhi,"Thursday, October 1, 2015",85.7,205.18,33,74.28,22.52,13
Delhi,"Friday, October 2, 2015",97.62,220.56,33.74,73.05,26.24,13
Delhi,"Saturday, October 3, 2015",103.58,293.23,31,75.48,24.31,15
Delhi,"Sunday, October 4, 2015",145.97,335.82,62.2,99.01,34.91,32
Delhi,"Monday, October 5, 2015",180.52,347.95,80.34,116.95,36.94,44
Delhi,"Tuesday, October 6, 2015",151.57,355.56,71.68,105.02,41.76,26
Delhi,"Wednesday, October 7, 2015",144.04,305.35,25.78,78.07,37.01,13
Delhi,"Thursday, October 8, 2015",148.44,291.66,35.13,80.91,29.59,14
Delhi,"Friday, October 9, 2015",130.22,284.27,56.83,105.26,27.47,24
Delhi,"Saturday, October 10, 2015",147.71,287.93,100.27,117.2,29.69,34
Delhi,"Sunday, October 11, 2015",111.34,246.3,87.94,116.75,30.83,27
Delhi,"Monday, October 12, 2015",100.7,232.58,74.45,120.68,33.46,23
Delhi,"Tuesday, October 13, 2015",97.67,189.31,25.13,64.57,35.14,16
Delhi,"Thursday, October 15, 2015",95.24,199.77,42.32,100.2,31.11,20
Delhi,"Friday, October 16, 2015",148.29,301.61,60.16,105.17,33.05,25
Delhi,"Saturday, October 17, 2015",90.66,137.89,38.65,55.07,6.78,13
Delhi,"Sunday, October 18, 2015",156.71,263.15,27.5,62.19,21.49,12
Delhi,"Monday, October 19, 2015",170.28,312.88,56.52,97.82,33.27,24
Delhi,"Tuesday, October 20, 2015",198.1,336.47,91.29,155.1,36.75,39
Delhi,"Friday, October 23, 2015",143.73,289.01,54.93,104.71,30.27,17
Delhi,"Saturday, October 24, 2015",169.22,341.7,90.18,122.15,34.26,30
Delhi,"Sunday, October 25, 2015",147.65,281.8,33.05,81.78,28.26,28
Delhi,"Monday, October 26, 2015",101.61,214.37,23.78,61.15,23.85,13
Delhi,"Tuesday, October 27, 2015",113.2,260.46,30.2,75.03,26.14,16
Delhi,"Wednesday, October 28, 2015",112.89,254.24,32.12,74.53,22.81,15
Delhi,"Sunday, November 1, 2015",277.53,379.38,60.39,94.74,51.64,14
Delhi,"Monday, November 2, 2015",232.4,361,67.14,115.98,42.75,21
Delhi,"Tuesday, November 3, 2015",244.78,385.66,51.06,112.71,45.66,17
Delhi,"Wednesday, November 4, 2015",293.49,401.49,105.88,137.62,56.81,29
Delhi,"Thursday, November 5, 2015",161.78,234.94,44.61,97.34,45.99,18
Delhi,"Friday, November 6, 2015",153.33,260.04,35.14,86.38,46.52,14
Delhi,"Saturday, November 7, 2015",353.86,496.61,42.74,117.97,67.43,16
Delhi,"Monday, November 9, 2015",201.44,364.2,88.69,134.41,55.64,21
Delhi,"Tuesday, November 10, 2015",249.95,452.96,88.06,150.79,69.34,22
Delhi,"Sunday, November 15, 2015",214.24,342.13,49.66,95.98,49.4,17
Delhi,"Monday, November 16, 2015",184.02,323.56,81.18,129.22,60.07,20
Delhi,"Wednesday, November 18, 2015",188.09,367.46,74.07,118.88,45.24,15
Delhi,"Thursday, November 19, 2015",238.69,397.16,106.26,150.98,55.18,22
Delhi,"Friday, November 20, 2015",271.42,470.08,139.98,164.44,64.78,35
Delhi,"Saturday, November 21, 2015",293.73,467.32,102.06,144.12,63.08,31
Delhi,"Sunday, November 22, 2015",247.27,450.96,101.94,146.25,63.4,24
Delhi,"Monday, November 23, 2015",266.95,419.98,123.99,164.08,74.83,29
Delhi,"Tuesday, November 24, 2015",241.61,424.09,115.23,165.41,67.9,28
Delhi,"Thursday, November 26, 2015",182.5,317.46,91.98,144.14,40.68,12
Delhi,"Friday, November 27, 2015",193.58,343.26,60.96,121.32,57.48,12
Delhi,"Monday, November 30, 2015",282.76,419.33,116.54,159.5,73.94,20
Delhi,"Tuesday, December 1, 2015",183.28,371.83,56.71,118.88,57.35,12
Delhi,"Wednesday, December 2, 2015",170.74,399.64,61.75,132.93,52.71,13
Delhi,"Thursday, December 3, 2015",190.14,412.29,43.24,109.61,52.48,12
Delhi,"Friday, December 4, 2015",186.64,352.14,64.77,113.72,43.76,13
Delhi,"Saturday, December 5, 2015",282.01,433.03,154.15,196.54,68.78,27
Delhi,"Sunday, December 6, 2015",218.22,439.01,129.37,178.2,75.74,24
Delhi,"Monday, December 7, 2015",249.8,421.49,73.33,136.43,81.3,12
Delhi,"Tuesday, December 8, 2015",283.59,478.19,147.22,204.44,90.35,21
Delhi,"Wednesday, December 9, 2015",250.69,411.48,82.24,134.24,61.29,18
Delhi,"Tuesday, December 22, 2015",204.72,391.9,136.41,180.15,163.07,25
Delhi,"Wednesday, December 23, 2015",321.52,589.93,110.63,165.11,108.68,27
Delhi,"Wednesday, December 30, 2015",233.97,391.19,68.54,133.08,72.74,12
Delhi,"Thursday, December 31, 2015",240.97,389.18,85.66,131.21,72.69,16
Delhi,"Friday, January 1, 2016",295.71,476.09,86.62,131.36,79.87,16
Delhi,"Saturday, January 2, 2016",239.21,395.29,69.42,126.63,65.11,18
Delhi,"Monday, January 4, 2016",339.8,586.2,124.31,164.05,73.73,19
Delhi,"Tuesday, January 5, 2016",318.1,535.3,106.93,159.99,78.22,21
Delhi,"Wednesday, January 6, 2016",305.51,524.01,99,150.4,83.7,22
Delhi,"Thursday, January 7, 2016",391.54,587.23,167.73,213.61,105.21,33
Delhi,"Friday, January 8, 2016",339.87,540.86,109,170.76,98.29,19
Delhi,"Monday, January 11, 2016",227.13,411.6,130.64,179.86,68.11,19
Delhi,"Tuesday, January 12, 2016",195.21,381.19,98,141.55,64.5,15
Delhi,"Friday, January 22, 2016",290.66,418.92,58.36,118.66,48.9,15
Delhi,"Saturday, January 23, 2016",294.3,480,58.3,130.91,67.05,31
Delhi,"Sunday, January 24, 2016",303.5,446.28,18.81,84.23,56.64,21
Delhi,"Monday, January 25, 2016",217.05,362.08,27.18,84.08,44.74,16
Delhi,"Tuesday, January 26, 2016",308.75,462.91,33.24,104.98,58.38,15
Delhi,"Wednesday, January 27, 2016",255.94,424.11,68.34,136.31,63.16,28
Delhi,"Thursday, January 28, 2016",283.03,463.03,96.44,154.28,68.84,33
Delhi,"Friday, January 29, 2016",311.08,498.38,140.59,139.36,74.39,48
Delhi,"Saturday, January 30, 2016",285.83,450.72,114.59,202.98,78.01,37
Delhi,"Thursday, February 4, 2016",130.76,269.21,63.15,115.18,31.31,18
Delhi,"Friday, February 5, 2016",206.72,383.25,103.55,180.54,38.98,29
Delhi,"Saturday, February 6, 2016",224.94,348.14,139.49,143.3,41.58,37
Delhi,"Sunday, February 7, 2016",170.45,249.91,24.15,90.15,46.76,12
Delhi,"Monday, February 8, 2016",119.57,186.86,46.36,102.85,45.57,15
Delhi,"Tuesday, February 9, 2016",181.76,261.7,53.77,101.07,44.85,19
Delhi,"Wednesday, February 10, 2016",216.55,341.38,99.27,159.3,48.24,26
Delhi,"Thursday, February 11, 2016",150,270.49,61.14,101.48,41.33,32
Delhi,"Friday, February 12, 2016",146.03,296.27,41.52,102.77,35.09,12
Delhi,"Monday, February 15, 2016",115.7,219.52,26.8,88.44,35.02,12
Delhi,"Wednesday, February 17, 2016",135.38,236.15,30.25,107.45,35.79,18
Delhi,"Thursday, February 18, 2016",148.75,217.16,41.39,115.01,54.55,24
Delhi,"Friday, February 19, 2016",207.1,307.38,54.8,119.87,67.61,23
Delhi,"Saturday, February 20, 2016",150.89,225.66,72.64,109.23,79.34,30
Delhi,"Wednesday, February 24, 2016",177.64,309.47,93.53,150.74,35.85,15
Delhi,"Thursday, February 25, 2016",131.69,232.45,53.41,121.16,36.07,16
Delhi,"Monday, February 29, 2016",170.12,255.34,85.99,134.66,49.77,17
Delhi,"Tuesday, March 1, 2016",213.62,299.88,113.63,151.93,51.11,34
Delhi,"Wednesday, March 2, 2016",175.63,244.58,123.21,181.1,41.75,24
Delhi,"Thursday, March 3, 2016",165.22,264.31,116.23,182.37,48.37,38
Delhi,"Monday, March 7, 2016",98.61,167.78,33.11,84.84,54.88,12
Delhi,"Thursday, March 10, 2016",129.9,240.67,54.54,100.31,37.73,16
Delhi,"Friday, March 11, 2016",85.76,204.96,38.38,48.08,28.85,12
Delhi,"Tuesday, March 15, 2016",81.32,162.38,71.57,75.09,26,12
Delhi,"Sunday, March 20, 2016",95.52,167.64,55.13,99.81,52.94,13
Delhi,"Thursday, March 31, 2016",127.86,218.3,93.5,117.28,34.59,12
Delhi,"Sunday, April 3, 2016",148.22,217.84,63.75,91.09,62.22,18
Delhi,"Monday, April 4, 2016",132.86,377.61,54.82,70.95,59.55,16
Delhi,"Wednesday, April 6, 2016",91.82,202.91,24.61,64.76,32.31,18
Delhi,"Thursday, April 7, 2016",129.61,329.68,54.59,98.07,48.67,23
Delhi,"Friday, April 8, 2016",89.78,193.14,24.3,75.27,31.01,18
Delhi,"Saturday, April 9, 2016",166.76,272.67,65.1,122.4,35.12,21
Delhi,"Sunday, April 10, 2016",107.81,154.18,35.14,82.5,33.72,13
Delhi,"Friday, April 15, 2016",137.48,285.18,88.96,133.09,34.25,19
Delhi,"Tuesday, April 19, 2016",129.06,311.93,35.74,99.16,28.32,17
Delhi,"Tuesday, April 26, 2016",139.37,306.08,71.92,118.98,29.38,17
Delhi,"Wednesday, April 27, 2016",162.54,379.7,154.33,168.05,39.52,31
Delhi,"Thursday, April 28, 2016",161.23,354.17,72.12,126.06,37.83,19
Delhi,"Friday, April 29, 2016",181.49,383.05,62.82,117.82,32.04,13
Delhi,"Wednesday, May 4, 2016",103.08,297.94,18.52,72.09,49.53,12
Delhi,"Thursday, May 5, 2016",65.02,173.86,11.94,53.02,44.78,12
Delhi,"Friday, May 6, 2016",54.34,136.92,21,71.12,35.93,12
Delhi,"Tuesday, May 10, 2016",73.55,174.94,5.87,54.56,43.66,14
Delhi,"Wednesday, May 11, 2016",66.49,112.6,6.74,50.94,53.04,12
Delhi,"Thursday, May 12, 2016",100.09,207.98,14.69,67.9,66.64,14
Delhi,"Friday, May 13, 2016",99.88,250.51,37,80.62,56.26,18
Delhi,"Saturday, May 14, 2016",105.51,292.64,46.21,78.61,52.87,20
Delhi,"Sunday, May 15, 2016",128.85,379.8,50.68,64.22,46.77,18
Delhi,"Wednesday, May 18, 2016",117.64,266.72,52.8,118.39,26.39,14
Delhi,"Sunday, May 22, 2016",66.3,149.31,4.99,50.1,46.09,3
Delhi,"Monday, May 23, 2016",87.31,163.9,5.25,47.55,40.22,2
Delhi,"Tuesday, May 24, 2016",57.35,103.26,12.6,53.77,36.69,3
Delhi,"Sunday, May 29, 2016",42.67,169.36,3.57,22.06,30.46,1
Delhi,"Tuesday, May 31, 2016",101.54,214.14,31.68,78.79,47.17,19
Delhi,"Friday, June 3, 2016",138.97,296.64,53.59,108.21,44.94,25
Delhi,"Saturday, June 4, 2016",137.81,274.63,26.48,92.33,47.59,20
Delhi,"Monday, June 6, 2016",84.61,208.17,8.11,45.71,35.52,13
Delhi,"Tuesday, June 7, 2016",66.72,152.18,8.77,52.2,33.33,17
Delhi,"Wednesday, June 8, 2016",64.08,143.88,7.96,61.05,32.67,17
Delhi,"Thursday, June 9, 2016",64.95,187.69,15.09,63.99,35.28,14
Delhi,"Friday, June 10, 2016",75.75,239.74,20.49,71.2,30.18,16
Delhi,"Saturday, June 11, 2016",69.25,225.52,15.79,53.11,37.83,13
Delhi,"Wednesday, June 15, 2016",102.42,330.36,18.12,55.24,42.47,17
Delhi,"Friday, June 24, 2016",100.02,331.1,15.97,60.69,33.1,12
Delhi,"Tuesday, June 28, 2016",80.89,96.05,12.43,49.02,35.05,15
Delhi,"Saturday, July 2, 2016",57.24,96.62,15.31,48.12,36.91,13
Delhi,"Sunday, July 3, 2016",67.6,95.26,10.6,41.59,35.43,14
Delhi,"Tuesday, July 5, 2016",68.71,162.2,21.67,67.91,42.46,12
Delhi,"Tuesday, July 12, 2016",39.32,57.16,24.89,58.24,33.66,18
Delhi,"Wednesday, July 13, 2016",71.53,79.1,29.55,57.77,43.92,18
Delhi,"Thursday, July 14, 2016",73.51,56.29,31.24,54.28,61.03,13
Delhi,"Friday, July 22, 2016",48.36,157.41,20.2,58.72,37.84,12
Delhi,"Monday, July 25, 2016",76.29,163.57,19.52,73.04,45.77,12
Delhi,"Wednesday, July 27, 2016",40.55,58.09,25.41,65.28,42.48,14
Delhi,"Thursday, July 28, 2016",46.44,68.69,27.67,68.89,40.28,19
Delhi,"Friday, July 29, 2016",56.16,76.89,38.7,82.68,41.18,20
Delhi,"Saturday, July 30, 2016",42.7,50,29.68,68.62,36.4,17
Delhi,"Sunday, July 31, 2016",48.03,70.62,23.7,54.99,37.62,15
Delhi,"Monday, August 1, 2016",43.47,53.42,17.15,48.93,35.28,14
Delhi,"Tuesday, August 2, 2016",43.55,55.33,24.58,56.3,34.99,19
Delhi,"Wednesday, August 3, 2016",50.86,67.92,23.29,56.77,32.14,28
Delhi,"Thursday, August 4, 2016",49.04,87.48,17.77,53.75,32.45,21
Delhi,"Friday, August 5, 2016",39.3,78.77,11.79,42.56,32.81,12
Delhi,"Saturday, August 6, 2016",43.86,76.69,23.12,60.55,32.22,20
Delhi,"Sunday, August 7, 2016",42.84,75.19,15.7,42.34,28.89,14
Delhi,"Monday, August 8, 2016",44.04,82.26,16.52,48.51,29.3,12
Delhi,"Wednesday, August 10, 2016",39.28,54.92,15.91,43.16,29.55,12
Delhi,"Friday, August 12, 2016",42.15,84.46,31.69,66.83,23.83,12
Delhi,"Saturday, August 13, 2016",56.45,92.71,30.9,73.1,31.35,12
Delhi,"Sunday, August 14, 2016",40.81,80.14,38.03,81.71,32.09,12
Delhi,"Tuesday, August 16, 2016",49.04,245.72,25.06,53.79,26.6,3
Delhi,"Thursday, August 18, 2016",55.55,132.65,22.7,65.74,30.91,12
Delhi,"Friday, August 19, 2016",59.03,153.16,22.45,62.04,28.14,15
Delhi,"Saturday, August 20, 2016",48.57,90.68,10.1,41.77,26.51,12
Delhi,"Wednesday, August 24, 2016",43.35,73.22,11.04,37.18,22.95,13
Delhi,"Thursday, August 25, 2016",45.88,118.92,28.83,56.77,30.36,14
Delhi,"Friday, August 26, 2016",54.13,125.44,44.27,79.24,39.87,24
Delhi,"Sunday, August 28, 2016",57.09,170.2,12.69,38.71,31.55,13
Delhi,"Monday, August 29, 2016",54.73,189.12,19,52.4,29.89,17
Delhi,"Tuesday, August 30, 2016",48.93,89.57,17.92,53.37,29.36,19
Delhi,"Wednesday, August 31, 2016",37.1,60.16,21.97,59.5,28.42,17
Delhi,"Thursday, September 1, 2016",28.06,47.47,32.06,87.95,23.08,13
Delhi,"Tuesday, September 13, 2016",57.08,184.5,31.66,75.96,25.79,14
Delhi,"Saturday, October 1, 2016",117.28,232.03,40.76,90.15,40.08,12
Delhi,"Wednesday, October 5, 2016",81.71,150.37,57.77,108.73,46.47,13
Delhi,"Sunday, October 9, 2016",144.47,317.13,85.77,134.38,43.55,12
Delhi,"Monday, October 10, 2016",125.8,290.85,79.04,126.5,39.72,12
Delhi,"Wednesday, October 26, 2016",209.27,413.49,144.66,121.37,48.82,15
Delhi,"Thursday, October 27, 2016",296.27,535.53,127.68,126.63,58.75,24
Delhi,"Friday, October 28, 2016",318.57,503,137.36,134.89,64.34,27
Delhi,"Saturday, October 29, 2016",350.39,516.59,208.23,167.24,79.24,60
Delhi,"Sunday, October 30, 2016",355.77,528.41,162.93,142.64,89.56,36
Delhi,"Monday, October 31, 2016",434.92,521.21,181.22,174.25,95.27,22
Delhi,"Tuesday, November 1, 2016",394.59,537.51,144.25,159.5,91.77,24
Delhi,"Wednesday, November 2, 2016",537.96,693.21,121.1,157.33,111.69,30
Delhi,"Thursday, November 3, 2016",482.4,483.99,127.32,116.45,104.84,35
Delhi,"Friday, November 4, 2016",342.45,475.1,158.66,69.68,88.02,33
Delhi,"Saturday, November 5, 2016",588.39,763.58,135.71,90.09,89.1,17
Delhi,"Sunday, November 6, 2016",685.36,708.8,155.53,97.62,96.22,28
Delhi,"Monday, November 7, 2016",488.57,527.64,159.5,94.03,72.81,23
Delhi,"Wednesday, November 9, 2016",307.08,415.79,111.51,67.31,58.89,14
Delhi,"Thursday, November 10, 2016",291.71,464.27,124.82,63.54,73.93,16
Delhi,"Friday, November 11, 2016",295.88,491.38,139.59,56.6,88.96,22
Delhi,"Saturday, November 12, 2016",277.67,437.21,145.02,54.53,81.99,18
Delhi,"Sunday, November 13, 2016",228.16,388.97,158.78,54.67,67.76,14
Delhi,"Tuesday, November 15, 2016",236.09,399.5,152.13,80.86,59.24,17
Delhi,"Wednesday, November 16, 2016",291.98,391.88,131.41,79.95,53.33,17
Delhi,"Saturday, November 19, 2016",285.71,412.35,112.39,63.07,55.83,23
Delhi,"Sunday, November 20, 2016",323.74,350.18,120.28,39.98,80.15,28
Delhi,"Monday, November 21, 2016",340.61,439.26,165.78,62.48,81.94,22
Delhi,"Tuesday, November 22, 2016",281.76,399.82,127.69,58.08,63.32,15
Delhi,"Thursday, November 24, 2016",216.1,478.72,133.15,84.1,55.54,13
Delhi,"Tuesday, November 29, 2016",236.58,489.62,158.47,88.78,64.54,22
Delhi,"Wednesday, November 30, 2016",246.25,437.91,80.12,54.63,84.51,15
Delhi,"Thursday, December 1, 2016",263.61,473.72,100.79,59.64,79.35,22
Delhi,"Friday, December 2, 2016",263.25,422.11,143.08,79.26,77.5,18
Delhi,"Saturday, December 3, 2016",196.6,432.38,102.23,54.62,51.11,16
Delhi,"Sunday, December 4, 2016",223.3,426.63,135.19,54.22,68.69,18
Delhi,"Monday, December 5, 2016",204.6,417.29,91.66,39.67,27.41,13
Delhi,"Tuesday, December 6, 2016",293.91,497.31,110.07,69.09,56.8,24
Delhi,"Wednesday, December 7, 2016",283.61,414.27,64.52,59.67,49.99,20
Delhi,"Thursday, December 8, 2016",238.21,374.88,70.46,52.25,36.31,16
Delhi,"Friday, December 9, 2016",295.62,502.98,106.85,62.21,40.93,20
Delhi,"Sunday, December 11, 2016",199.12,294.81,46.99,27.33,29.59,14
Delhi,"Monday, December 12, 2016",210.28,365.65,138.78,56.19,50.66,20
Delhi,"Tuesday, December 13, 2016",209.91,438.88,143.91,60.13,40.75,21
Delhi,"Wednesday, December 14, 2016",154.55,336.29,81.54,45.44,39.57,16
Delhi,"Thursday, December 15, 2016",167.64,345.07,67.1,30.43,32.77,12
Delhi,"Friday, December 16, 2016",200.78,443.63,137.47,53.52,42.38,17
Delhi,"Saturday, December 17, 2016",229.35,450.31,110.1,45.05,52.64,16
Delhi,"Sunday, December 18, 2016",232.33,433.94,110.14,62.67,61.3,13
Delhi,"Friday, December 23, 2016",364.15,616.99,149.58,67.02,90.37,19
Delhi,"Saturday, December 24, 2016",411.8,605.65,93.94,41.37,99.22,22
Delhi,"Wednesday, December 28, 2016",273.82,515.41,192.34,67.59,60.4,16
Delhi,"Thursday, December 29, 2016",339.96,535.68,103.69,33.56,88.44,18
Delhi,"Friday, December 30, 2016",231.1,368.9,30.99,33.89,54.58,12
Delhi,"Saturday, December 31, 2016",211.16,353.61,40.62,44.59,52.53,17
Delhi,"Sunday, January 1, 2017",191.5,402.31,103.24,55.29,55.92,20
Delhi,"Monday, January 2, 2017",247.79,440.18,221.03,80.85,66.57,19
Delhi,"Tuesday, January 3, 2017",255.33,390.67,155.29,53.89,58.97,14
Delhi,"Wednesday, January 4, 2017",248.01,341.15,186.07,71.88,68.53,17
Delhi,"Thursday, January 5, 2017",215.42,352.83,141.69,64.41,61.04,13
Delhi,"Friday, January 13, 2017",232.37,426.02,109.5,71.97,45.76,12
Delhi,"Wednesday, January 18, 2017",218.63,268.67,57.03,38.35,31.97,13
Delhi,"Saturday, January 21, 2017",349.98,226.74,51.87,30.05,19.27,1
Delhi,"Sunday, January 22, 2017",286.6,360.04,78.33,38.59,24.1,3
Delhi,"Tuesday, January 24, 2017",230.94,386.49,122.41,77.3,56.08,19
Delhi,"Wednesday, January 25, 2017",241.78,370.37,128.62,51.5,69.27,22
Delhi,"Tuesday, January 31, 2017",214.23,316.16,176.81,73.16,54.92,18
Delhi,"Thursday, February 2, 2017",198.24,410.79,190.34,67.78,60.67,16
Delhi,"Friday, February 3, 2017",194.99,427.02,155.9,66.62,62.33,14
Delhi,"Monday, February 20, 2017",126.74,406.49,152.15,82.63,83.01,12
Delhi,"Friday, February 24, 2017",451.25,104.82,22.53,16.05,29.63,2
Delhi,"Saturday, February 25, 2017",425.22,103.74,28.71,19,34.4,2
Delhi,"Tuesday, February 28, 2017",149.73,382.34,135.95,72.79,76.09,15
Delhi,"Wednesday, March 1, 2017",127.9,359.47,122.04,60.34,73.27,15
Delhi,"Saturday, March 25, 2017",168.23,254.71,49.68,45.26,59.37,3
Delhi,"Sunday, March 26, 2017",118.34,247.77,43.09,42.21,53.05,2
Delhi,"Monday, March 27, 2017",156.38,218.98,38.44,40.77,52.56,3
Delhi,"Thursday, March 30, 2017",69.44,204.22,61.61,46.32,57.35,3
Delhi,"Monday, April 3, 2017",70.62,192.27,55.93,49.07,58.96,3
Delhi,"Tuesday, April 4, 2017",84.4,234.82,57.09,43.73,63.38,3
Delhi,"Thursday, April 6, 2017",62.44,252.48,39.61,39.78,59.04,2
Delhi,"Friday, April 7, 2017",150.76,543,61.75,47.72,51.4,3
Delhi,"Sunday, April 9, 2017",68.88,190.42,36.79,34.4,38.77,2
Delhi,"Monday, April 10, 2017",129.15,237.88,33.56,34.8,37.48,2
Delhi,"Wednesday, April 12, 2017",107.69,309.37,45.69,50.77,43.01,18
Delhi,"Thursday, April 13, 2017",163.97,375.82,146.3,59.71,54.53,22
Delhi,"Friday, April 14, 2017",184.69,371.87,140.56,65.91,67.47,30
Delhi,"Saturday, April 15, 2017",176.54,343.62,156.79,58.09,63.27,42
Delhi,"Sunday, April 16, 2017",175.23,409.95,114.73,57.91,38.41,41
Delhi,"Monday, April 17, 2017",145.22,389.03,62.73,48.4,42.18,32
Delhi,"Tuesday, April 18, 2017",152.84,400.78,56.91,32.95,41.14,24
Delhi,"Wednesday, April 19, 2017",136.35,356.47,90.13,43.78,50.75,21
Delhi,"Thursday, April 20, 2017",152.99,324.19,145.19,64.74,64.48,19
Delhi,"Friday, April 21, 2017",130.13,409.7,43.34,32.82,54.57,15
Delhi,"Saturday, April 22, 2017",110.54,263.66,38.45,20.08,39.46,0
Delhi,"Monday, April 24, 2017",99.09,266.24,59.96,37.61,34.43,19
Delhi,"Tuesday, April 25, 2017",96.07,287.92,46.18,44.02,31,15
Delhi,"Wednesday, April 26, 2017",72.31,189.5,69.69,57.76,34.01,19
Delhi,"Thursday, April 27, 2017",93.14,271.06,73.82,59.27,37.41,16
Delhi,"Friday, April 28, 2017",109.36,271.94,61.19,52.75,33.57,13
Delhi,"Saturday, April 29, 2017",126.74,303.75,82.18,66.92,42.48,16
Delhi,"Sunday, April 30, 2017",80.81,234.05,33.5,32.27,34.42,14
Delhi,"Monday, May 1, 2017",85.8,211.83,64.66,41.01,40.22,16
Delhi,"Tuesday, May 2, 2017",198.2,313.23,133.01,65.63,44.95,17
Delhi,"Wednesday, May 3, 2017",145.74,367.73,62.01,58.52,44.27,16
Delhi,"Thursday, May 4, 2017",109.91,302.02,44.86,43.5,34.41,12
Delhi,"Friday, May 5, 2017",207.4,429.32,68.51,56.71,32.24,13
Delhi,"Saturday, May 6, 2017",204.56,363.53,126.22,74.14,37.01,17
Delhi,"Sunday, May 7, 2017",220.77,376.33,150.24,91.72,41.82,18
Delhi,"Monday, May 8, 2017",183.82,392.34,78.17,68.74,50.62,17
Delhi,"Tuesday, May 9, 2017",109.76,334.65,24.91,35.7,36.69,21
Delhi,"Wednesday, May 10, 2017",74.42,242.54,11.75,21.01,34.59,14
Delhi,"Thursday, May 11, 2017",94.28,263.87,25.99,35.29,30.7,18
Delhi,"Friday, May 12, 2017",216.96,500.59,47.65,46.27,35.38,19
Delhi,"Saturday, May 13, 2017",198.09,356.85,72.18,69.94,42.62,26
Delhi,"Sunday, May 14, 2017",121.76,334.51,61.83,58.22,32.57,23
Delhi,"Monday, May 15, 2017",135.54,381.35,89.05,69.21,37.08,18
Delhi,"Tuesday, May 16, 2017",123.21,375.15,34.5,30.75,20.17,15
Delhi,"Wednesday, May 17, 2017",78.18,287.99,24.59,30.59,12.09,13
Delhi,"Thursday, May 18, 2017",126.04,279.92,9.76,20.34,13.57,13
Delhi,"Saturday, May 20, 2017",233.82,352.76,58.84,41.26,25.31,12
Delhi,"Sunday, May 21, 2017",178.44,505.07,65.22,37.23,13.02,14
Delhi,"Monday, May 22, 2017",110.1,386.67,72.51,49.96,39.38,18
Delhi,"Tuesday, May 23, 2017",118.43,326.02,135.99,38.66,56.89,19
Delhi,"Wednesday, May 24, 2017",107.37,252.35,32.51,21.67,42.37,18
Delhi,"Thursday, May 25, 2017",113.9,222.88,20,23.38,33.07,15
Delhi,"Tuesday, May 30, 2017",63.27,174.62,17.45,26.54,47.68,13
Delhi,"Wednesday, May 31, 2017",56.38,137.62,26.49,30.75,53.68,13
Delhi,"Thursday, June 1, 2017",95.23,257.16,53.45,52.3,57.81,15
Delhi,"Friday, June 2, 2017",123.44,354.35,82.72,58.97,60.86,15
Delhi,"Saturday, June 3, 2017",122.2,362.94,96.1,71.01,62.41,15
Delhi,"Sunday, June 4, 2017",121.1,436.35,89.35,61.23,55.02,13
Delhi,"Monday, June 5, 2017",71.89,320.91,58.98,47.44,41.28,16
Delhi,"Tuesday, June 6, 2017",80.37,348.79,47.89,42.42,43.51,15
Delhi,"Friday, June 9, 2017",66.73,295.56,14.64,9.53,41.19,0
Delhi,"Monday, June 12, 2017",57.4,166.25,35.93,16.06,50.52,0
Delhi,"Tuesday, June 13, 2017",48.6,244.14,73.59,18.94,58.1,0
Delhi,"Wednesday, June 14, 2017",62,310.73,37.26,8.6,52.51,0
Delhi,"Thursday, June 15, 2017",80.14,205.5,41.28,5.03,54.71,0
Delhi,"Friday, June 16, 2017",51.6,124.35,43.17,12.37,51.3,0
Delhi,"Saturday, June 17, 2017",41.96,87.16,38.8,10.95,48.94,0
Delhi,"Sunday, June 18, 2017",65.19,218.93,48.7,11.02,48.14,0
Delhi,"Monday, June 19, 2017",60.9,228.2,49.53,9.3,46.71,0
Delhi,"Tuesday, June 20, 2017",35.1,88.82,57.03,18.49,59.54,0
Delhi,"Wednesday, June 21, 2017",58.27,87.74,61.79,13.55,50.91,0
Delhi,"Thursday, June 22, 2017",61.93,124.6,110,11.06,69.13,0
Delhi,"Friday, June 23, 2017",44.08,160.22,39.17,7.45,52.73,0
Delhi,"Saturday, June 24, 2017",63.62,245.23,55.51,14.32,58.3,0
Delhi,"Sunday, June 25, 2017",76.1,325.29,17.77,8.2,45.21,0
Delhi,"Monday, June 26, 2017",51.52,359.19,20.96,7.09,38.93,0
Delhi,"Tuesday, June 27, 2017",36.62,286.38,16.9,6.56,37.64,0
Delhi,"Wednesday, June 28, 2017",29.83,128.18,30.92,9.28,41.14,0
Delhi,"Thursday, June 29, 2017",22.98,103.8,21.6,5.52,33.87,0
Delhi,"Friday, June 30, 2017",25.83,90.41,44.88,8.43,41.27,0
Delhi,"Saturday, July 1, 2017",43.35,224.62,62.09,9.35,44.12,0
Delhi,"Sunday, July 2, 2017",20.52,223.56,28.19,4.19,32.97,0
Delhi,"Monday, July 3, 2017",46.71,246.98,28.86,5.17,32.02,0
Delhi,"Thursday, August 31, 2017",41.62,60.15,16.56,28.34,25.08,0
Delhi,"Friday, September 1, 2017",25.58,41.64,23.55,12.21,17.6,0
Delhi,"Saturday, September 2, 2017",20.06,45.86,23.23,10.33,33.97,0
Delhi,"Sunday, September 3, 2017",38.19,79.78,20.33,8.88,25.9,0
Delhi,"Monday, September 4, 2017",47.89,84.29,33.84,11.14,86.67,0
Delhi,"Tuesday, September 5, 2017",35.61,75.82,20.61,8.93,30.21,0
Delhi,"Wednesday, September 6, 2017",39.41,85.23,21.1,9.89,31.07,0
Delhi,"Thursday, September 7, 2017",40.34,67.06,21.91,7.9,36.46,0
Delhi,"Friday, September 8, 2017",51.7,101.89,18.18,9.84,27.05,0
Delhi,"Saturday, September 9, 2017",54.83,111.65,20.65,11.27,31.1,0
Delhi,"Sunday, September 10, 2017",60.46,119.5,30.53,14.83,49.74,0
Delhi,"Monday, September 11, 2017",63.97,120.06,22.99,12,48,0
Delhi,"Thursday, September 14, 2017",80.47,186.11,81.89,10.24,43.06,0
Delhi,"Friday, September 15, 2017",64.37,127.68,25.94,12.73,31.02,0
Delhi,"Saturday, September 16, 2017",51.56,82.26,19.27,14.42,40.92,0
Delhi,"Sunday, September 17, 2017",53.05,85.65,23.98,13.49,31.89,0
Delhi,"Monday, September 18, 2017",60.83,102.29,20.23,11.54,33.88,0
Delhi,"Tuesday, September 19, 2017",55.55,112.21,19.87,16.17,45,0
Delhi,"Wednesday, September 20, 2017",70.81,111.9,29.89,21.37,56.47,0
Delhi,"Thursday, September 21, 2017",55.93,76.81,27.16,16.34,31.36,0
Delhi,"Friday, September 22, 2017",11.81,18.59,20.34,11.24,17.63,0
Delhi,"Saturday, September 23, 2017",17.76,43.57,20.38,12.97,17.47,0
Delhi,"Sunday, September 24, 2017",35.5,81.42,18.8,12.69,19.11,0
Delhi,"Monday, September 25, 2017",50.09,100.02,14.59,13.13,19.81,0
Delhi,"Tuesday, September 26, 2017",66.12,114.15,23.12,18.35,34.54,1
Delhi,"Wednesday, September 27, 2017",80.94,125.39,26.98,22.31,50.34,2
Delhi,"Thursday, September 28, 2017",75.4,102.91,50.72,23.52,54.37,2
Delhi,"Friday, September 29, 2017",89.38,140.94,37.45,18.61,41.19,2
Delhi,"Saturday, September 30, 2017",74.2,125.73,21.1,8.59,44.1,2
Delhi,"Sunday, October 1, 2017",68.47,120.56,25.43,14.66,50.15,2
Delhi,"Monday, October 2, 2017",63.41,128.15,22.86,12.1,39.12,2
Delhi,"Tuesday, October 3, 2017",69.45,127.48,22.75,11.47,31.36,1
Delhi,"Wednesday, October 4, 2017",76.81,138.81,24.88,14.09,39.43,2
Delhi,"Thursday, October 5, 2017",75.73,125.31,15.35,13.8,37.22,2
Delhi,"Friday, October 6, 2017",79.81,111.43,14.82,12.19,31.48,2
Delhi,"Saturday, October 7, 2017",70.98,151.15,17.2,14.27,35.37,2
Delhi,"Sunday, October 8, 2017",102.2,155.03,20.71,14.05,41.02,2
Delhi,"Monday, October 9, 2017",107.63,173.87,33.9,17.82,50.93,3
Delhi,"Tuesday, October 10, 2017",105.88,158.68,23,13.81,56.42,3
Delhi,"Wednesday, October 11, 2017",104.45,122.3,25.09,14.22,64.21,3
Delhi,"Thursday, October 12, 2017",106.85,186.91,21.91,12.39,44.32,3
Delhi,"Friday, October 13, 2017",137.42,207.87,31.87,14.41,45.28,2
Delhi,"Saturday, October 14, 2017",147.07,208.87,67.91,23.78,55.52,3
Delhi,"Monday, October 16, 2017",152.61,213.98,48.82,40.14,51.88,3
Delhi,"Tuesday, October 17, 2017",121.7,212.35,48.01,49.91,42.92,3
Delhi,"Wednesday, October 18, 2017",152.16,204.03,66.01,55.52,44.57,3
Delhi,"Tuesday, October 31, 2017",211.64,323.45,65.55,75.68,64.28,12
Delhi,"Sunday, November 5, 2017",209.61,334.64,65.25,97.76,61.8,13
Delhi,"Monday, November 6, 2017",216.53,330.27,64.5,96,65.81,14
Delhi,"Tuesday, November 7, 2017",517.93,654.68,51.67,103.77,91.87,27
Delhi,"Wednesday, November 8, 2017",639.19,796.88,55.83,104.65,82.96,26
Delhi,"Thursday, November 9, 2017",495.9,652.21,54.71,104.52,74.84,25
Delhi,"Friday, November 10, 2017",370.73,496.48,55.07,109.98,84.1,28
Delhi,"Saturday, November 11, 2017",363.77,511.44,78.16,117.92,90.64,32
Delhi,"Sunday, November 12, 2017",465.08,622.4,66.78,104.82,73.63,28
Delhi,"Monday, November 13, 2017",354.56,498.63,65.36,105.48,73.85,18
Delhi,"Wednesday, November 15, 2017",192.04,279.26,36.7,79.14,48.83,13
Delhi,"Thursday, November 16, 2017",191.57,278.95,38.61,82.34,50.06,12
Delhi,"Wednesday, November 22, 2017",177.41,258.11,30.75,74.09,40.37,12
Delhi,"Thursday, November 23, 2017",175.56,251.23,34.73,70.15,40.03,12
Delhi,"Friday, November 24, 2017",187.97,256.92,44.24,82.97,44.62,14
Delhi,"Saturday, November 25, 2017",185.31,268.09,45.12,88,47.81,15
Delhi,"Sunday, November 26, 2017",224.37,338.82,77.85,101.44,63.81,17
Delhi,"Monday, November 27, 2017",198.34,328.09,45.64,87.3,52.5,13
Delhi,"Tuesday, November 28, 2017",167.74,290.47,61.44,93.71,60.94,20
Delhi,"Wednesday, November 29, 2017",215.17,327.64,109.88,132.94,83.31,29
Delhi,"Thursday, November 30, 2017",219.84,344.17,71.11,108.26,77.53,23
Delhi,"Friday, December 1, 2017",190.45,309.07,61.21,94.55,65.47,21
Delhi,"Saturday, December 2, 2017",208.87,324.46,80.33,102.69,92.4,26
Delhi,"Sunday, December 3, 2017",240.87,359.22,67.41,99.76,85.25,26
Delhi,"Monday, December 4, 2017",261.82,390.1,74.66,101.07,90.28,23
Delhi,"Tuesday, December 5, 2017",230.56,358.86,61.13,104.85,71.16,15
Delhi,"Saturday, December 9, 2017",165.76,268.35,60.14,9.06,57.73,18
Delhi,"Sunday, December 10, 2017",230.34,341.87,102,16.38,77.11,30
Delhi,"Monday, December 11, 2017",218.87,338.45,97.35,13.13,86.87,19
Delhi,"Saturday, December 16, 2017",100.72,152.72,17.77,2.87,39.74,3
Delhi,"Sunday, December 17, 2017",95.58,163.65,17.4,2.44,35.36,3
Delhi,"Wednesday, December 20, 2017",283.24,410.74,44.05,5.96,78.25,14
Delhi,"Sunday, December 24, 2017",203.18,301.71,79.8,9.75,73.83,15
Delhi,"Monday, December 25, 2017",259,368.35,61.55,7.06,68.61,16
Delhi,"Tuesday, December 26, 2017",224.42,326.11,46.41,6.18,62.83,13
Delhi,"Wednesday, December 27, 2017",224.27,317.87,58.71,9.76,71.71,18
Delhi,"Thursday, December 28, 2017",249.17,362.39,80.57,11.62,79.07,24
Delhi,"Friday, December 29, 2017",227.28,347.63,70.6,10.69,68.22,19
Delhi,"Saturday, December 30, 2017",273.56,401.15,69.31,15.32,75.04,25
Delhi,"Sunday, December 31, 2017",306.17,445.58,83.77,23.13,83.55,21
Delhi,"Monday, January 1, 2018",303.41,415.09,62.76,11.79,73.16,15
Delhi,"Saturday, January 6, 2018",252.57,378.9,65.27,8.53,63.78,14
Delhi,"Tuesday, January 9, 2018",233.1,355.21,62.59,10.36,58.65,14
Delhi,"Saturday, January 13, 2018",230.5,355.43,68.69,3.2,75.88,22
Delhi,"Wednesday, January 17, 2018",235.06,353.55,44.3,34.61,52.37,13
Delhi,"Thursday, January 18, 2018",276.25,428.08,48.32,85.75,59.73,15
Delhi,"Friday, January 19, 2018",253.7,398.16,41.26,81.11,63.31,17
Delhi,"Sunday, February 4, 2018",133.8,252.13,22.5,56.52,45.13,3
Delhi,"Monday, February 12, 2018",72.36,153.11,16.51,42.62,46.64,2
Delhi,"Wednesday, February 14, 2018",76.92,149.43,16.31,44.75,40.88,3
Delhi,"Thursday, February 15, 2018",94.49,173.59,16.78,47.11,44.48,3
Delhi,"Friday, February 16, 2018",123.19,219.11,24.78,60.03,49.81,3
Delhi,"Monday, February 26, 2018",67.27,156.72,14.44,43.27,41.83,2
Delhi,"Tuesday, February 27, 2018",85.53,178.51,24.54,56.44,43.85,3
Delhi,"Sunday, March 4, 2018",79.83,182.26,25.27,56.08,39.35,3
Delhi,"Monday, March 5, 2018",76.96,164.74,24.87,56.62,38.32,3
Delhi,"Tuesday, March 6, 2018",75.45,163.52,15.1,44.67,34.56,3
Delhi,"Sunday, March 11, 2018",88.3,183.74,23.14,55.86,39.62,3
Delhi,"Saturday, March 17, 2018",81.57,170.16,21.81,44.69,33.72,3
Delhi,"Sunday, March 18, 2018",82.15,173.07,18.88,41.03,30.32,2
Delhi,"Sunday, March 25, 2018",85.34,190.95,11.77,41.31,37.35,3
Delhi,"Monday, March 26, 2018",85.9,198.67,19.04,51.42,36.49,3
Delhi,"Sunday, April 1, 2018",75.14,199.8,15.98,46.42,37.86,3
Delhi,"Saturday, April 7, 2018",48.46,132.97,18.92,50.39,42.48,3
Delhi,"Sunday, April 8, 2018",50.27,137.52,13.22,41.32,44.48,3
Delhi,"Tuesday, April 10, 2018",93.89,251.98,35.24,65.04,52.07,14
Delhi,"Wednesday, April 18, 2018",73.44,256.18,16.91,46.57,33.33,3
Delhi,"Saturday, April 21, 2018",119.24,480.07,9.64,35.73,31.94,3
Delhi,"Sunday, April 22, 2018",62.06,208.53,9.34,35.38,29.3,2
Delhi,"Monday, April 23, 2018",76.11,219.94,17.48,43.95,27.09,3
Delhi,"Saturday, April 28, 2018",84.13,316.52,11.33,41.23,44.78,3
Delhi,"Sunday, April 29, 2018",89.1,259.12,13.32,48.22,47.69,3
Delhi,"Tuesday, May 1, 2018",54.88,165.91,11.11,41.04,44.37,2
Delhi,"Wednesday, May 2, 2018",66.74,189.28,14.43,42.86,37.69,2
Delhi,"Thursday, May 3, 2018",47.25,153.75,15.63,40.96,38.01,2
Delhi,"Friday, May 4, 2018",49.09,123.82,11.61,37.96,38.61,3
Delhi,"Tuesday, May 8, 2018",61,177.71,10.01,32.84,27.14,3
Delhi,"Sunday, May 13, 2018",80.64,236.35,17.22,44.1,59.34,2
Delhi,"Monday, May 14, 2018",49.22,137.39,13.4,41.85,46.61,2
Delhi,"Tuesday, May 15, 2018",67.23,177.03,13.34,43.92,49.62,3
Delhi,"Wednesday, May 30, 2018",65.76,295.94,13.19,42.64,54.38,2
Delhi,"Friday, June 1, 2018",79.98,233.97,8.65,33.87,48.38,3
Delhi,"Sunday, June 3, 2018",59.52,140.21,16.93,43.09,43.82,3
Delhi,"Monday, June 4, 2018",64.42,179.31,14.32,38.57,49.08,3
Delhi,"Friday, June 22, 2018",83.98,247.55,23.62,53.22,44.46,13
Delhi,"Saturday, June 23, 2018",81.33,242.29,17.78,49.29,44.27,14
Delhi,"Tuesday, June 26, 2018",29.98,92.12,8.89,26.14,35.67,18
Delhi,"Wednesday, June 27, 2018",52.48,111.4,9.03,25.96,44.57,22
Delhi,"Thursday, June 28, 2018",30.07,71.42,8.68,23.9,44.84,18
Delhi,"Friday, June 29, 2018",37.11,84.12,10.99,26.78,42.44,17
Delhi,"Saturday, June 30, 2018",41.41,103.75,10.42,28.23,40.71,21
Delhi,"Sunday, July 1, 2018",34.18,97.81,10.82,26.45,44.47,21
Delhi,"Monday, July 2, 2018",34.24,122.23,7.87,22.61,36.17,15
Delhi,"Tuesday, July 3, 2018",44.55,109.65,11.74,32.19,38.7,22
Delhi,"Wednesday, July 4, 2018",45.76,113.75,8.01,25.67,37,22
Delhi,"Thursday, July 5, 2018",50.41,133.6,13.52,33.66,38.45,32
Delhi,"Friday, July 6, 2018",57.12,163.19,16.15,35.28,48.7,32
Delhi,"Saturday, July 7, 2018",61.93,158.13,8.99,28.17,51.84,25
Delhi,"Sunday, July 8, 2018",68.2,179.05,14.86,35.86,57.11,30
Delhi,"Monday, July 9, 2018",70.48,169.96,9.06,28.69,55.38,20
Delhi,"Tuesday, July 10, 2018",47.48,112.45,7.74,24.09,47.18,17
Delhi,"Wednesday, July 11, 2018",39.78,102.39,8.76,26.63,39.31,21
Delhi,"Thursday, July 12, 2018",46.53,127.08,10.21,28.48,35.01,22
Delhi,"Friday, July 13, 2018",28.44,61.6,12.27,29.09,33.49,24
Delhi,"Saturday, July 14, 2018",33.82,70.35,13.24,31.3,34.11,30
Delhi,"Sunday, July 15, 2018",37.76,78.42,8.28,25.51,32.08,22
Delhi,"Monday, July 16, 2018",37.32,83.03,13.87,32.44,36.19,31
Delhi,"Tuesday, July 17, 2018",34.26,84.78,11.89,28.81,41.85,29
Delhi,"Wednesday, July 18, 2018",37.76,97.11,12.45,28.39,46.23,26
Delhi,"Thursday, July 19, 2018",35.04,83.54,10.58,25.71,41.74,23
Delhi,"Friday, July 20, 2018",37.26,80.33,12.22,30.45,38.54,31
Delhi,"Saturday, July 21, 2018",50.21,95.93,17.99,37.03,43.54,32
Delhi,"Sunday, July 22, 2018",25.81,47.63,12.14,27.12,37.26,23
Delhi,"Monday, July 23, 2018",32.39,69.73,14.28,29.43,39.3,23
Delhi,"Tuesday, July 24, 2018",39.3,94.8,12.18,26.72,40.08,25
Delhi,"Wednesday, July 25, 2018",34.7,80.13,15.59,28.48,39.46,27
Delhi,"Thursday, July 26, 2018",32.22,57.98,16.81,28.9,38.33,25
Delhi,"Friday, July 27, 2018",21.75,35.79,14.04,25.77,33.02,30
Delhi,"Saturday, July 28, 2018",37.69,67.2,13.43,24.43,29.08,23
Delhi,"Sunday, July 29, 2018",44.03,116.89,18.34,30.46,36.7,23
Delhi,"Monday, July 30, 2018",39.89,122.86,15.98,28.28,42.39,22
Delhi,"Tuesday, July 31, 2018",50.59,165.4,15.59,30.1,41.94,24
Delhi,"Wednesday, August 1, 2018",55.77,195.09,19.92,32.34,38.58,22
Delhi,"Thursday, August 2, 2018",71.5,268.29,20.56,32.61,36.33,23
Delhi,"Friday, August 3, 2018",65.46,248.8,19.1,31.73,34.43,21
Delhi,"Saturday, August 4, 2018",69.75,264.97,19.25,32.96,33.4,23
Delhi,"Sunday, August 5, 2018",63.57,246.89,17.71,29.73,33.84,17
Delhi,"Monday, August 6, 2018",50.64,131.76,19.28,32.23,45.36,23
Delhi,"Tuesday, August 7, 2018",44.54,110.19,18.64,31.04,40.11,25
Delhi,"Wednesday, August 8, 2018",36.7,76.04,19.04,30.33,38.57,23
Delhi,"Thursday, August 9, 2018",36.84,91.15,17.18,29.1,38.58,21
Delhi,"Friday, August 10, 2018",46.24,115.63,27.59,42.63,40.95,29
Delhi,"Saturday, August 11, 2018",32.72,98.26,18.61,28.8,36.5,22
Delhi,"Sunday, August 12, 2018",25.7,83.58,14.86,25.93,30.55,20
Delhi,"Monday, August 13, 2018",32.75,106.03,16.15,28.15,34.65,23
Delhi,"Tuesday, August 14, 2018",46.85,126.7,14.03,30.34,39.38,32
Delhi,"Wednesday, August 15, 2018",43,117.21,9.88,22.86,37.96,30
Delhi,"Thursday, August 16, 2018",36.49,88.06,18.67,33.72,40.19,38
Delhi,"Friday, August 17, 2018",32.98,80.82,18.25,30.72,37.68,36
Delhi,"Saturday, August 18, 2018",32.11,77.4,12.87,26.14,32.83,31
Delhi,"Sunday, August 19, 2018",47.01,96,18.92,33.12,31.46,32
Delhi,"Monday, August 20, 2018",61.1,125.39,23.17,37.99,38.4,30
Delhi,"Tuesday, August 21, 2018",30.98,77.56,11.76,26.25,32.36,21
Delhi,"Wednesday, August 22, 2018",29.75,74.91,14.93,28.73,28.58,26
Delhi,"Thursday, August 23, 2018",31.19,73.3,15.41,27.95,32.42,26
Delhi,"Friday, August 24, 2018",23.71,88,17.54,29.81,28.45,27
Delhi,"Saturday, August 25, 2018",21.96,82.69,14.99,26.16,25.87,27
Delhi,"Sunday, August 26, 2018",23.96,77.21,9.89,20.16,24.13,20
Delhi,"Monday, August 27, 2018",24.78,56.62,10.67,23.07,26.04,24
Delhi,"Tuesday, August 28, 2018",29.26,58.76,14.65,27.65,27.99,28
Delhi,"Wednesday, August 29, 2018",36.06,65.58,15.31,27.86,29.36,28
Delhi,"Thursday, August 30, 2018",41.26,95.47,21.4,34.45,29.82,31
Delhi,"Friday, August 31, 2018",47.53,152.29,13.54,26.93,28.79,30
Delhi,"Saturday, September 1, 2018",45.19,110.35,19.47,31.54,31.04,34
Delhi,"Sunday, September 2, 2018",40.9,80.4,20.91,29.51,31.34,34
Delhi,"Monday, September 3, 2018",42.06,72.38,17.6,30,30.05,30
Delhi,"Tuesday, September 4, 2018",55.72,105.56,34.09,49.8,32.41,38
Delhi,"Wednesday, September 5, 2018",39.77,101.8,21.85,37.55,29.56,32
Delhi,"Thursday, September 6, 2018",49.44,138.52,28.45,43.56,30.78,30
Delhi,"Friday, September 7, 2018",42.11,87.03,30.95,49.1,32.06,37
Delhi,"Saturday, September 8, 2018",35.45,72.63,17.48,31.93,28.17,29
Delhi,"Sunday, September 9, 2018",29.1,56.92,10.53,24.12,24.71,17
Delhi,"Monday, September 10, 2018",36.99,83.98,15.56,30.96,24.26,20
Delhi,"Tuesday, September 11, 2018",28.33,78.11,19,32,23.37,25
Delhi,"Wednesday, September 12, 2018",28.55,103.27,17.17,29.28,22.38,25
Delhi,"Thursday, September 13, 2018",27.49,115.88,19.96,30.78,20.34,25
Delhi,"Friday, September 14, 2018",31.38,113.92,20.52,32.01,19.9,24
Delhi,"Saturday, September 15, 2018",37.48,125.81,26.65,37.7,22.31,24
Delhi,"Sunday, September 16, 2018",43.09,131.43,21.14,31.12,24.13,24
Delhi,"Monday, September 17, 2018",55.86,157.59,22.25,33.99,25.37,22
Delhi,"Tuesday, September 18, 2018",54.94,165.11,15,28.63,24.13,24
Delhi,"Wednesday, September 19, 2018",58.63,175.12,26.29,40.98,26.44,28
Delhi,"Thursday, September 20, 2018",73.3,185.23,28.51,42.01,29.96,35
Delhi,"Friday, September 21, 2018",46.73,112.51,11.6,24.32,28.6,23
Delhi,"Saturday, September 22, 2018",24.29,46.36,10.07,19.92,23.58,25
Delhi,"Sunday, September 23, 2018",30.71,54.77,7.37,16.84,22.73,17
Delhi,"Monday, September 24, 2018",21.46,35.84,14.91,25.46,22.73,22
Delhi,"Tuesday, September 25, 2018",21.45,49.41,20.54,30.35,22.28,31
Delhi,"Wednesday, September 26, 2018",42.83,108.67,31.86,42.65,24.2,40
Delhi,"Thursday, September 27, 2018",71.44,171.42,66.23,73.58,30.7,60
Delhi,"Friday, September 28, 2018",83.78,214.66,86.96,93.15,35.57,75
Delhi,"Saturday, September 29, 2018",92.46,230.62,61.52,74.55,37.78,73
Delhi,"Sunday, September 30, 2018",69.49,155.26,20.83,35.4,31.15,35
Delhi,"Monday, October 1, 2018",65.78,177.08,30.83,47.61,31.58,46
Delhi,"Tuesday, October 2, 2018",76.03,185.21,31.9,46.51,35.08,47
Delhi,"Wednesday, October 3, 2018",63.37,177.17,39.9,56.37,31.83,46
Delhi,"Thursday, October 4, 2018",97.4,235.14,40.37,59.34,37.79,57
Delhi,"Friday, October 5, 2018",121.12,270.61,65.84,83.28,42.52,76
Delhi,"Saturday, October 6, 2018",78.87,199.37,44.04,61.88,36.24,51
Delhi,"Sunday, October 7, 2018",81.14,221.03,39.4,57.51,35.47,50
Delhi,"Monday, October 8, 2018",118.6,279.23,37.87,63,36.86,60
Delhi,"Tuesday, October 9, 2018",103.26,263.89,31.79,56.31,37.85,51
Delhi,"Wednesday, October 10, 2018",93.36,256.14,23.75,45.93,39.4,46
Delhi,"Thursday, October 11, 2018",70.42,208.39,14.93,33.12,33.16,36
Delhi,"Friday, October 12, 2018",67.93,172.04,29.52,47.82,25.13,48
Delhi,"Saturday, October 13, 2018",132.93,264.13,54.11,68.66,33.8,56
Delhi,"Sunday, October 14, 2018",91.88,217.12,36.38,53.99,30.33,41
Delhi,"Monday, October 15, 2018",115.96,280.24,50.19,68.24,33.54,58
Delhi,"Tuesday, October 16, 2018",139.18,342.5,84.92,100.51,43.63,78
Delhi,"Wednesday, October 17, 2018",137.29,323.31,67.3,81.62,42.22,64
Delhi,"Thursday, October 18, 2018",143.2,337.98,100.87,112.6,48.05,84
Delhi,"Friday, October 19, 2018",137.73,313.84,40.85,61.47,41.31,59
Delhi,"Saturday, October 20, 2018",168.87,328.13,37.49,59.64,37.9,55
Delhi,"Sunday, October 21, 2018",141.15,294.36,49.17,71.3,38.07,58
Delhi,"Monday, October 22, 2018",121.65,274.68,49.3,71.09,36.59,50
Delhi,"Tuesday, October 23, 2018",119.4,302.16,65.36,87.65,35,62
Delhi,"Wednesday, October 24, 2018",174.04,384.46,103.62,129.52,44.37,101
Delhi,"Thursday, October 25, 2018",168.82,368.33,97.53,120.26,45.37,88
Delhi,"Friday, October 26, 2018",203.12,396.01,114.02,133.52,48.25,95
Delhi,"Saturday, October 27, 2018",206.05,408.94,123.46,143.02,52.18,103
Delhi,"Sunday, October 28, 2018",205,375.23,81.11,100.04,47.85,78
Delhi,"Monday, October 29, 2018",231.83,427.06,84.12,104.22,48.43,74
Delhi,"Tuesday, October 30, 2018",263.39,459.45,98.5,119.07,52.74,90
Delhi,"Wednesday, October 31, 2018",225.17,405.94,99.9,122.87,55.85,92
Delhi,"Thursday, November 1, 2018",236.67,416.97,106.68,133.14,58.01,94
Delhi,"Friday, November 2, 2018",205.44,373.61,57.41,86.56,51.21,65
Delhi,"Saturday, November 3, 2018",159.56,298.85,21.22,45.59,48.63,35
Delhi,"Sunday, November 4, 2018",97.27,179.85,14.18,30.79,36.62,20
Delhi,"Monday, November 5, 2018",361.98,500.01,26.22,48.8,44.82,34
Delhi,"Tuesday, November 6, 2018",177.88,312.87,23.48,44.84,31.18,25
Delhi,"Wednesday, November 7, 2018",175.43,300.54,30.57,52.43,30.5,21
Delhi,"Thursday, November 8, 2018",420.3,509.73,89.1,106.68,44.2,44
Delhi,"Friday, November 9, 2018",300.91,440.76,89.45,109.68,49.84,56
Delhi,"Saturday, November 10, 2018",288.86,447.4,99.32,127.11,55.35,82
Delhi,"Sunday, November 11, 2018",256.68,425.12,91.92,113.81,55.03,71
Delhi,"Monday, November 12, 2018",271.7,464.28,75.93,101.5,58.85,69
Delhi,"Tuesday, November 13, 2018",265.06,441.43,85.28,111.18,62.24,75
Delhi,"Wednesday, November 14, 2018",136.2,225.77,41.75,67.48,53,43
Delhi,"Thursday, November 15, 2018",98.53,175.95,29.85,51.99,49.76,40
Delhi,"Friday, November 16, 2018",138.49,230.56,19.55,41.05,41.19,25
Delhi,"Saturday, November 17, 2018",135.21,255.42,38.85,61.7,40.93,32
Delhi,"Sunday, November 18, 2018",166.43,313.67,68.53,92.64,44.39,48
Delhi,"Monday, November 19, 2018",179.79,319.12,18.31,47.93,48.41,33
Delhi,"Tuesday, November 20, 2018",224.1,374.77,53.4,80.38,54.51,51
Delhi,"Wednesday, November 21, 2018",209.96,349.54,54.16,81.87,46.84,43
Delhi,"Thursday, November 22, 2018",139.02,292.92,91.36,120.74,42.27,57
Delhi,"Friday, November 23, 2018",187.85,331.22,77.16,102.45,45.84,61
Delhi,"Saturday, November 24, 2018",107.73,223.33,26.91,50.88,36.97,30
Delhi,"Sunday, November 25, 2018",133.62,268.83,59.31,84.38,39.78,43
Delhi,"Monday, November 26, 2018",200.69,362.41,94.45,120.55,47.15,62
Delhi,"Tuesday, November 27, 2018",205.53,378.23,152,176.98,53.89,93
Delhi,"Wednesday, November 28, 2018",193.1,356.12,120.37,146.11,53.87,74
Delhi,"Thursday, November 29, 2018",205.17,363.12,101.42,124.27,51.41,79
Delhi,"Friday, November 30, 2018",190.36,340.56,62.12,86.03,46.35,48
Delhi,"Saturday, December 1, 2018",147.48,297.66,68.71,90.73,42.49,47
Delhi,"Sunday, December 2, 2018",164.63,331.5,131.08,152.89,45.3,71
Delhi,"Monday, December 3, 2018",178.87,356.2,120.66,144.74,47.02,67
Delhi,"Tuesday, December 4, 2018",211.57,393.74,140.77,169.75,51.21,84
Delhi,"Wednesday, December 5, 2018",181.62,345.32,121.66,142.92,49.26,61
Delhi,"Thursday, December 6, 2018",218.06,395.33,136.49,156.61,52.53,86
Delhi,"Friday, December 7, 2018",193.81,353.86,85.29,105.05,49.16,57
Delhi,"Saturday, December 8, 2018",202.83,358.72,85.16,107.05,49.42,57
Delhi,"Sunday, December 9, 2018",226.35,388.23,103.19,127.78,50.23,70
Delhi,"Monday, December 10, 2018",264.63,453.77,89.36,121.45,55.63,58
Delhi,"Tuesday, December 11, 2018",274.97,461.98,93.61,124.9,58.67,60
Delhi,"Wednesday, December 12, 2018",209.63,327.23,56.21,80.05,51.27,49
Delhi,"Thursday, December 13, 2018",94.29,162.44,35.89,56.05,40.31,35
Delhi,"Friday, December 14, 2018",113.42,196.85,39.15,60.27,42.01,28
Delhi,"Saturday, December 15, 2018",122.69,211.8,30.33,53.33,41.97,27
Delhi,"Sunday, December 16, 2018",150.28,252.01,42.76,65.32,45.92,31
Delhi,"Monday, December 17, 2018",182.78,322.5,70.9,94.61,50.27,44
Delhi,"Tuesday, December 18, 2018",204.08,339.38,55.86,82.18,51.04,43
Delhi,"Wednesday, December 19, 2018",205.22,351.7,61.91,89.2,48.82,39
Delhi,"Thursday, December 20, 2018",258.1,429.33,114.21,139.08,54.66,62
Delhi,"Friday, December 21, 2018",252.2,403.18,74.98,103.06,57.91,47
Delhi,"Saturday, December 22, 2018",326.79,502.83,85.55,117.64,60.21,55
Delhi,"Sunday, December 23, 2018",401.58,560.68,112.95,145.67,67.29,74
Delhi,"Monday, December 24, 2018",378.68,546.59,123.73,152.77,65.75,74
Delhi,"Tuesday, December 25, 2018",268.2,399.37,45.37,74.6,57.34,38
Delhi,"Wednesday, December 26, 2018",241,366.1,59.69,89.51,50.38,36
Delhi,"Thursday, December 27, 2018",290.1,453.45,110.91,143.91,56.6,71
Delhi,"Friday, December 28, 2018",249.23,387.84,39.19,68.5,55.46,30
Delhi,"Saturday, December 29, 2018",248.12,399.14,74.28,102,51.53,38
Delhi,"Sunday, December 30, 2018",336.42,503.99,127.84,157.78,57.55,65
Delhi,"Monday, December 31, 2018",319.69,494.51,105.28,133.87,56,60
Delhi,"Tuesday, January 1, 2019",287.34,461.02,92.04,121.07,56.66,49
Delhi,"Wednesday, January 2, 2019",331.2,515.72,101.08,133.85,63.63,59
Delhi,"Thursday, January 3, 2019",355.4,519.34,77.92,106.99,61.02,57
Delhi,"Friday, January 4, 2019",246.46,388.79,47.83,74.39,53.09,40
Delhi,"Saturday, January 5, 2019",262.53,411.49,64.97,90.67,56.49,52
Delhi,"Sunday, January 6, 2019",174.26,254.66,28.3,54.18,55.71,31
Delhi,"Monday, January 7, 2019",181.74,283.88,49,72.14,56.06,34
Delhi,"Tuesday, January 8, 2019",156.26,242.02,31.32,54.76,49.69,24
Delhi,"Wednesday, January 9, 2019",143.66,238.94,26.14,50.88,43.53,23
Delhi,"Thursday, January 10, 2019",165.95,278.87,54.31,80.36,44.67,34
Delhi,"Friday, January 11, 2019",278.95,432.2,118.55,151.4,56.53,73
Delhi,"Saturday, January 12, 2019",311.03,465.89,117.23,148.93,63.46,73
Delhi,"Sunday, January 13, 2019",272.45,403.32,64.96,94.9,63.66,51
Delhi,"Monday, January 14, 2019",94.44,173.94,18.5,40.87,40.52,19
Delhi,"Tuesday, January 15, 2019",134.57,229.1,36.34,61.72,39.74,24
Delhi,"Wednesday, January 16, 2019",271.96,424.07,108.12,142.71,55.19,54
Delhi,"Thursday, January 17, 2019",358.91,519.49,108.96,147.7,60.95,66
Delhi,"Friday, January 18, 2019",237.22,364.61,56.97,88.33,48.6,44
Delhi,"Saturday, January 19, 2019",262.68,402.21,100.7,133.24,50.3,56
Delhi,"Sunday, January 20, 2019",314.59,478.43,158.63,195.81,62.37,92
Delhi,"Monday, January 21, 2019",175.49,289.4,58.34,85.11,57.52,37
Delhi,"Tuesday, January 22, 2019",53.25,72.61,14.1,34.22,39.73,20
Delhi,"Wednesday, January 23, 2019",135.68,211.71,55.53,76.5,42.37,40
Delhi,"Thursday, January 24, 2019",130.59,218.93,37.42,58.86,41.06,45
Delhi,"Friday, January 25, 2019",81.2,136.43,16.96,38.45,34.17,28
Delhi,"Saturday, January 26, 2019",101.61,169.32,15.3,35.94,33.64,17
Delhi,"Sunday, January 27, 2019",136.47,217.45,19.78,42.16,35.34,19
Delhi,"Monday, January 28, 2019",126.48,212.42,22.97,46.7,34.49,20
Delhi,"Tuesday, January 29, 2019",142,235.85,33.51,58.67,36.19,27
Delhi,"Wednesday, January 30, 2019",206.14,334.21,61.02,89.54,42.99,43
Delhi,"Thursday, January 31, 2019",204.25,335.07,72.47,101.46,49.6,50
Delhi,"Friday, February 1, 2019",178.68,265.65,23.24,48.72,49.42,27
Delhi,"Saturday, February 2, 2019",177.32,266.3,17.57,35.82,43.55,22
Delhi,"Sunday, February 3, 2019",131.1,209.41,20.77,37.93,40.43,21
Delhi,"Monday, February 4, 2019",144.62,248.49,53.8,76.95,39.88,33
Delhi,"Tuesday, February 5, 2019",256.33,408.32,122.8,153.6,53.81,77
Delhi,"Wednesday, February 6, 2019",177.25,270.92,39.1,62.85,53.76,34
Delhi,"Thursday, February 7, 2019",65.65,107.83,12.05,27.94,37.84,16
Delhi,"Friday, February 8, 2019",72.29,156.6,31.23,49.45,29.11,25
Delhi,"Saturday, February 9, 2019",82.5,165.94,22.67,41.45,28.42,21
Delhi,"Sunday, February 10, 2019",143.31,255.47,47.91,69.38,33.83,28
Delhi,"Monday, February 11, 2019",173.61,304.98,72.35,95.55,39.17,42
Delhi,"Tuesday, February 12, 2019",208.64,357.36,74.17,101.01,46.24,59
Delhi,"Wednesday, February 13, 2019",198.26,336.99,65.24,96.09,47.95,47
Delhi,"Thursday, February 14, 2019",153.73,237.08,27.78,54.06,45.64,30
Delhi,"Friday, February 15, 2019",123.46,194.76,25.13,45.94,39.19,24
Delhi,"Saturday, February 16, 2019",112.34,181.64,17.27,33.34,35.16,20
Delhi,"Sunday, February 17, 2019",99.27,180.93,23.24,41.77,31.82,20
Delhi,"Monday, February 18, 2019",109.11,215.05,32.98,56.8,33.82,26
Delhi,"Tuesday, February 19, 2019",126.12,229.75,40.67,65.95,41.33,34
Delhi,"Wednesday, February 20, 2019",102.3,185.4,38.46,63.41,41.41,41
Delhi,"Thursday, February 21, 2019",73.33,178.07,46.44,67.04,38.24,32
Delhi,"Friday, February 22, 2019",73.9,147.86,25.55,41.61,39.11,25
Delhi,"Saturday, February 23, 2019",56.51,115.07,11.62,30.5,26.26,16
Delhi,"Sunday, February 24, 2019",89.34,161.89,19.34,42.89,29.95,23
Delhi,"Monday, February 25, 2019",92.36,172.59,35.85,62,34.51,31
Delhi,"Tuesday, February 26, 2019",59.97,120.3,24.36,48.45,32.19,28
Delhi,"Wednesday, February 27, 2019",47.18,91.52,14.25,33.41,26.57,20
Delhi,"Thursday, February 28, 2019",96.38,180.46,40.92,60.89,31.23,32
Delhi,"Friday, March 1, 2019",93.83,181.26,37.55,60.61,30.2,34
Delhi,"Saturday, March 2, 2019",109.6,182.54,40.68,70.66,36.48,41
Delhi,"Sunday, March 3, 2019",62.92,105.16,20.21,41.09,30.98,26
Delhi,"Monday, March 4, 2019",105.93,180.84,49.62,67.55,37.26,33
Delhi,"Tuesday, March 5, 2019",68.86,135.4,18.77,37.94,28.71,21
Delhi,"Wednesday, March 6, 2019",83.45,168.32,32.02,53.83,29.05,29
Delhi,"Thursday, March 7, 2019",104.61,212.7,55.04,78.33,32.79,40
Delhi,"Friday, March 8, 2019",92.07,199.28,38.94,63.98,32.86,39
Delhi,"Saturday, March 9, 2019",73.31,162.18,20.1,41.64,30.68,28
Delhi,"Sunday, March 10, 2019",73.98,163.8,20.28,43.2,27.17,22
Delhi,"Monday, March 11, 2019",82.17,205.43,27.71,53.94,30.69,29
Delhi,"Tuesday, March 12, 2019",57.28,129.4,14.64,34.98,29.97,29
Delhi,"Wednesday, March 13, 2019",89.17,231.19,31,59.86,32.39,38
Delhi,"Thursday, March 14, 2019",111.2,217.74,45.43,69.01,39.07,43
Delhi,"Friday, March 15, 2019",74.88,144.35,30.36,50.74,32.74,27
Delhi,"Saturday, March 16, 2019",68.64,140.6,15.28,37.43,27.95,19
Delhi,"Sunday, March 17, 2019",93.61,184.01,26.28,50.26,30.56,26
Delhi,"Monday, March 18, 2019",100.32,202.01,30.43,56.61,32.06,28
Delhi,"Tuesday, March 19, 2019",103.77,227.07,43.9,71.06,33.86,36
Delhi,"Wednesday, March 20, 2019",89.82,237.61,37.34,64.3,36.5,32
Delhi,"Thursday, March 21, 2019",112.29,197.17,20.46,37.11,39.26,20
Delhi,"Friday, March 22, 2019",38.43,119.87,13.54,28.73,27.85,12
Delhi,"Saturday, March 23, 2019",55.62,138.56,8.76,27.32,26.54,14
Delhi,"Sunday, March 24, 2019",53.28,133.47,12.55,30.81,27.52,18
Delhi,"Monday, March 25, 2019",65,150.34,11.9,30.48,30.32,19
Delhi,"Tuesday, March 26, 2019",75.82,169.16,16.61,37.75,29.95,21
Delhi,"Wednesday, March 27, 2019",78.37,186.49,26.56,50.71,29.54,26
Delhi,"Thursday, March 28, 2019",116.55,260.26,55.47,81.85,34.47,46
Delhi,"Friday, March 29, 2019",112.67,257.27,62.67,89.35,40.53,55
Delhi,"Saturday, March 30, 2019",102.27,238.99,38.68,64.31,41.4,39
Delhi,"Sunday, March 31, 2019",58.96,177.53,15.14,35.27,32.06,19
Delhi,"Monday, April 1, 2019",59.08,170.14,11.3,32.02,27.21,15
Delhi,"Tuesday, April 2, 2019",90.1,211.47,29.38,57.47,29.3,27
Delhi,"Wednesday, April 3, 2019",85.02,206.04,30.83,58.01,30.85,31
Delhi,"Thursday, April 4, 2019",119.71,270.77,53.23,81.06,37.04,45
Delhi,"Friday, April 5, 2019",125.44,281.53,61.96,90.76,41.23,44
Delhi,"Saturday, April 6, 2019",96.6,303.71,29.62,53.28,37.35,32
Delhi,"Sunday, April 7, 2019",152.91,355.22,31.7,52.96,52.01,28
Delhi,"Monday, April 8, 2019",81.3,280.23,24.07,47.31,41,23
Delhi,"Tuesday, April 9, 2019",87.74,225.5,33.85,60.44,38.26,32
Delhi,"Wednesday, April 10, 2019",101.94,247.53,55.11,80.11,40.97,38
Delhi,"Thursday, April 11, 2019",70.25,204.19,29.03,53.99,34.96,33
Delhi,"Friday, April 12, 2019",61.34,217,19.27,40.63,34.06,28
Delhi,"Saturday, April 13, 2019",55.93,175.93,15.35,35.19,33.66,26
Delhi,"Sunday, April 14, 2019",51.51,168.11,15.19,34.28,29.84,20
Delhi,"Monday, April 15, 2019",54.84,187.59,29.69,50.81,29.21,25
Delhi,"Tuesday, April 16, 2019",59.08,186.75,17.1,35.08,30.98,18
Delhi,"Thursday, April 18, 2019",38.92,91.55,15.97,35.02,26.28,17
Delhi,"Friday, April 19, 2019",71.62,155.39,26.94,49.15,29.85,22
Delhi,"Saturday, April 20, 2019",90.55,193.76,30.3,56.28,29.35,22
Delhi,"Sunday, April 21, 2019",95.24,219.06,44.24,69.32,31.53,30
Delhi,"Monday, April 22, 2019",110.16,255.31,48.31,74.42,36.99,37
Delhi,"Tuesday, April 23, 2019",104.17,277.28,56.94,83.46,38.2,47
Delhi,"Wednesday, April 24, 2019",85.7,262.58,12.55,39.67,37.64,25
Delhi,"Thursday, April 25, 2019",86.41,274.39,9.48,30.31,40.86,23
Delhi,"Friday, April 26, 2019",82.37,244.21,30.38,52.86,32.2,35
Delhi,"Saturday, April 27, 2019",73.06,301.82,15.19,34.4,28.15,23
Delhi,"Sunday, April 28, 2019",76.44,285.73,17.66,35.31,25.63,25
Delhi,"Monday, April 29, 2019",84.04,274.83,33.17,53.91,27.82,32
Delhi,"Tuesday, April 30, 2019",95.72,284.13,32.91,57.61,31.91,34
Delhi,"Wednesday, May 1, 2019",111.57,323.97,35.18,58.94,36.73,31
Delhi,"Thursday, May 2, 2019",77.72,282.83,20.46,36.46,36.44,24
Delhi,"Friday, May 3, 2019",52.16,149.1,25.52,43.92,32.34,21
Delhi,"Saturday, May 4, 2019",77.96,196.87,38.81,54.6,30.39,23
Delhi,"Sunday, May 5, 2019",101.25,249.97,39.94,57.99,22.41,21
Delhi,"Monday, May 6, 2019",118.9,295.84,62.99,84.3,31.51,37
Delhi,"Tuesday, May 7, 2019",128.78,378.89,79.63,103.77,35.25,42
Delhi,"Wednesday, May 8, 2019",143.34,415.23,77.12,100.34,35.57,51
Delhi,"Thursday, May 9, 2019",137.2,414.7,34.13,57.35,30.33,35
Delhi,"Friday, May 10, 2019",95.07,320.44,16,34.62,25.68,22
Delhi,"Saturday, May 11, 2019",101.83,289.05,14.21,35.69,30.12,25
Delhi,"Sunday, May 12, 2019",178.22,503.28,12.49,33.4,29.53,19
Delhi,"Monday, May 13, 2019",170.81,351.28,19.85,44.98,36.48,25
Delhi,"Tuesday, May 14, 2019",58.22,124.28,11.9,30.36,33.9,22
Delhi,"Wednesday, May 15, 2019",84.81,191.04,31.89,59.46,43.8,37
Delhi,"Thursday, May 16, 2019",75.45,218.38,26.79,51.51,44.72,31
Delhi,"Friday, May 17, 2019",92.53,316.4,33.84,54.56,41.4,33
Delhi,"Saturday, May 18, 2019",44.28,106.51,11.87,29.15,39.74,20
Delhi,"Sunday, May 19, 2019",81.99,162.83,17.04,40.46,35.4,20
Delhi,"Monday, May 20, 2019",93.97,218.72,34.09,61.22,35.13,28
Delhi,"Tuesday, May 21, 2019",77.78,194.58,20.21,44.25,32.12,23
Delhi,"Wednesday, May 22, 2019",64.24,201.27,32.04,57.11,32.83,28
Delhi,"Thursday, May 23, 2019",92.4,230,36.6,60.95,36.98,35
Delhi,"Friday, May 24, 2019",43.86,117.66,20.82,40.59,45.86,32
Delhi,"Saturday, May 25, 2019",43.66,118.65,11.83,29.66,33.81,18
Delhi,"Sunday, May 26, 2019",55.13,136.58,13.32,34.89,27.2,24
Delhi,"Monday, May 27, 2019",64.66,172.68,26.16,53.14,28.45,30
Delhi,"Tuesday, May 28, 2019",65.82,183.77,37.41,66.06,29.84,30
Delhi,"Wednesday, May 29, 2019",74.8,202.75,34.62,68.16,29.53,34
Delhi,"Thursday, May 30, 2019",85.21,246.05,69.58,97.8,33.5,51
Delhi,"Friday, May 31, 2019",88.57,337.77,44.18,69,34.26,33
Delhi,"Saturday, June 1, 2019",95.4,298.35,45.28,69.74,40.73,35
Delhi,"Sunday, June 2, 2019",73.36,219.79,10.15,26.31,48.12,14
Delhi,"Tuesday, June 4, 2019",54.95,171.58,14.93,32.65,34.34,17
Delhi,"Wednesday, June 5, 2019",73.35,208.72,14.43,36.36,35.7,21
Delhi,"Thursday, June 6, 2019",70.61,236.45,20.85,42.88,35.27,24
Delhi,"Friday, June 7, 2019",54.81,152.39,14.19,32.74,32.37,18
Delhi,"Saturday, June 8, 2019",69.75,187.62,23.42,50.16,38.84,25
Delhi,"Sunday, June 9, 2019",101.05,265.12,57.24,85.14,35.74,39
Delhi,"Monday, June 10, 2019",74.48,233.49,47.15,76.01,36.64,35
Delhi,"Tuesday, June 11, 2019",118.38,487.77,44.64,65.68,32.16,31
Delhi,"Wednesday, June 12, 2019",59.86,240.88,16.55,30.61,34.98,14
Delhi,"Thursday, June 13, 2019",52.66,189.69,13.33,31.46,30,17
Delhi,"Friday, June 14, 2019",53.79,188.21,18.67,37.54,23.77,21
Delhi,"Saturday, June 15, 2019",81.86,274.68,26.39,49.69,23.84,28
Delhi,"Sunday, June 16, 2019",42.06,160.96,11.58,21.83,24.86,12
Delhi,"Monday, June 17, 2019",40.18,137.08,13.34,26.75,26.8,16
Delhi,"Tuesday, June 18, 2019",30.39,84.53,15.97,31.79,25.6,22
Delhi,"Wednesday, June 19, 2019",79.96,223.08,17.37,36.51,35.53,24
Delhi,"Thursday, June 20, 2019",42.76,130.88,10.57,26.95,29.5,13
Delhi,"Friday, June 21, 2019",71.15,188.16,13.56,37.67,32.14,24
Delhi,"Saturday, June 22, 2019",68.27,177.16,12.77,37.1,32.1,24
Delhi,"Tuesday, June 25, 2019",53.65,119.98,11.18,29.27,28.87,20
Delhi,"Wednesday, June 26, 2019",67.36,155.9,15.67,34.44,30.64,21
Delhi,"Thursday, June 27, 2019",65.3,230.98,17.87,38.24,29.35,23
Delhi,"Friday, June 28, 2019",61.21,239.15,19.71,37.84,27.53,20
Delhi,"Saturday, June 29, 2019",58.08,271.27,16.84,35.19,23.72,20
Delhi,"Sunday, June 30, 2019",65.24,270.03,22.46,39.12,25.87,23
Delhi,"Monday, July 1, 2019",57.27,189.32,10.44,27.68,26.07,17
Delhi,"Tuesday, July 2, 2019",71.68,233.25,7.78,23.43,27.24,18
Delhi,"Thursday, July 4, 2019",36.82,87.8,12.82,27,28.65,22
Delhi,"Friday, July 5, 2019",48.6,99.98,18.04,34.24,37.63,25
Delhi,"Saturday, July 6, 2019",34.25,87.5,12.04,26.12,36.77,16
Delhi,"Sunday, July 7, 2019",38.81,91.79,11.02,25.63,32.3,13
Delhi,"Monday, July 8, 2019",49.12,148.79,12.56,28.57,33.43,16
Delhi,"Tuesday, July 9, 2019",42.56,128.6,11.93,26.68,32.19,19
Delhi,"Wednesday, July 10, 2019",69.21,278.71,13.97,29.11,33.73,16
Delhi,"Thursday, July 11, 2019",76.99,352.26,15,29.36,32.06,21
Delhi,"Friday, July 12, 2019",76.35,363.7,14,27.19,33.13,19
Delhi,"Saturday, July 13, 2019",63.18,294.27,11.09,22.98,28.61,19
Delhi,"Sunday, July 14, 2019",63.16,280.99,11.36,24.71,26.67,14
Delhi,"Monday, July 15, 2019",42.04,137.67,11.57,26.07,25.07,19
Delhi,"Tuesday, July 16, 2019",31.51,79.22,8.59,23.74,26.39,20
Delhi,"Wednesday, July 17, 2019",32.06,67.73,11.08,26.68,25.91,22
Delhi,"Thursday, July 18, 2019",32.92,78.08,19.36,37.88,26.54,23
Delhi,"Friday, July 19, 2019",63.02,158.3,29.13,49.35,30.83,32
Delhi,"Saturday, July 20, 2019",46.43,117.84,14.59,34.22,34.1,26
Delhi,"Sunday, July 21, 2019",50.57,105.55,23.14,40.01,37.02,28
Delhi,"Monday, July 22, 2019",60.38,119.66,31.57,45.91,43.72,29
Delhi,"Tuesday, July 23, 2019",73.08,153.96,26.12,46.01,45.51,33
Delhi,"Wednesday, July 24, 2019",63.26,156.93,22.05,42.88,44.36,27
Delhi,"Thursday, July 25, 2019",22.79,63.51,16.78,33.55,37.17,17
Delhi,"Friday, July 26, 2019",30.63,61.26,13.26,29.95,36.06,23
Delhi,"Saturday, July 27, 2019",26.16,45.04,11.98,25.46,30.26,21
Delhi,"Sunday, July 28, 2019",21.13,46.35,9.12,21.22,28.65,14
Delhi,"Monday, July 29, 2019",24.45,64.17,10.8,24.31,31.27,16
Delhi,"Tuesday, July 30, 2019",30.1,82.81,10.37,25.19,33.49,20
Delhi,"Wednesday, July 31, 2019",30.22,76.67,10.23,24.98,33.79,19
Delhi,"Thursday, August 1, 2019",34.26,85.89,10.07,26.51,33.55,18
Delhi,"Friday, August 2, 2019",35.06,83.66,11.86,29.14,32.66,25
Delhi,"Saturday, August 3, 2019",38.54,80.35,16.87,33.32,35.33,28
Delhi,"Sunday, August 4, 2019",46.69,88.15,17.79,34.32,34.25,22
Delhi,"Monday, August 5, 2019",52.2,104.96,20.62,38.54,37.17,23
Delhi,"Tuesday, August 6, 2019",30.04,57.31,19.57,37.25,42.32,24
Delhi,"Wednesday, August 7, 2019",32.63,72.98,22.98,38.88,33.65,29
Delhi,"Thursday, August 8, 2019",27.69,80.22,15.06,30.82,30.9,21
Delhi,"Friday, August 9, 2019",14.59,61.47,9.54,21.86,28.01,16
Delhi,"Sunday, August 11, 2019",25.53,67.15,11.45,25.93,25.93,13
Delhi,"Monday, August 12, 2019",20.53,51.91,13.19,27.51,24.89,16
Delhi,"Tuesday, August 13, 2019",21.68,56.18,17.85,32.07,29.25,19
Delhi,"Wednesday, August 14, 2019",33.21,58.36,16.96,33.85,29.08,21
Delhi,"Thursday, August 15, 2019",28.78,56.28,18.56,32.56,31.29,16
Delhi,"Sunday, August 18, 2019",15.51,30.45,17.56,25.39,23.25,17
Delhi,"Monday, August 19, 2019",38.55,86.13,26.99,38.82,25.62,29
Delhi,"Tuesday, August 20, 2019",41.74,95.71,19.92,31.87,33.03,25
Delhi,"Wednesday, August 21, 2019",46.69,129.46,15.16,32.26,34.19,23
Delhi,"Thursday, August 22, 2019",44.16,130.49,23.36,44.39,34.28,29
Delhi,"Friday, August 23, 2019",50.49,142.76,37.04,54.52,36.4,32
Delhi,"Saturday, August 24, 2019",60.71,149.82,41.65,59.19,41.36,36
Delhi,"Sunday, August 25, 2019",33.49,67.82,11.09,27.89,34.91,18
Delhi,"Monday, August 26, 2019",25.06,68.59,15.89,31.88,29.89,23
Delhi,"Tuesday, August 27, 2019",40.68,107.99,21.99,39.32,31.99,30
Delhi,"Wednesday, August 28, 2019",42.04,103.01,19.01,37.1,34.95,24
Delhi,"Thursday, August 29, 2019",33.92,90.29,11.52,27.72,32.6,16
Delhi,"Friday, August 30, 2019",43.5,105.68,12.89,30.15,33.69,18
Delhi,"Saturday, August 31, 2019",57.16,123.23,18.34,40.39,38.62,27
Delhi,"Sunday, September 1, 2019",35.13,81.44,12.03,29.57,41.15,21
Delhi,"Monday, September 2, 2019",46.15,101.79,10.33,27.85,36.31,22
Delhi,"Tuesday, September 3, 2019",70.64,143.56,13.02,32.78,36.34,25
Delhi,"Wednesday, September 4, 2019",73.33,150.39,10.62,30.78,37.13,26
Delhi,"Thursday, September 5, 2019",33.9,90.44,9.99,25.41,33.31,20
Delhi,"Friday, September 6, 2019",35.81,89.47,12.15,27.49,34.35,22
Delhi,"Saturday, September 7, 2019",34.98,83.26,14.46,30.5,30.75,19
Delhi,"Sunday, September 8, 2019",32.83,77.01,10.61,24.75,32.14,19
Delhi,"Monday, September 9, 2019",56.31,126.43,13.78,29.46,30.37,23
Delhi,"Tuesday, September 10, 2019",64.48,144.47,16.24,34.48,29.2,27
Delhi,"Wednesday, September 11, 2019",79.6,174.33,15.86,37.15,31.57,28
Delhi,"Thursday, September 12, 2019",57.83,132.61,9.71,28.38,30.72,17
Delhi,"Friday, September 13, 2019",33.59,83.22,9.52,25.5,28.56,16
Delhi,"Saturday, September 14, 2019",26.65,69.36,7.91,21.91,25.04,15
Delhi,"Sunday, September 15, 2019",35.52,72.61,10.34,24.91,24.48,15
Delhi,"Monday, September 16, 2019",56.6,129.47,19.02,37.24,26.11,26
Delhi,"Tuesday, September 17, 2019",59.14,135.84,14.08,34.26,27.51,25
Delhi,"Wednesday, September 18, 2019",35.41,97.32,7.76,25.04,25.54,15
Delhi,"Thursday, September 19, 2019",21.74,62.19,7.22,20.35,22.6,15
Delhi,"Friday, September 20, 2019",40.33,106.47,13.55,30.32,24.91,22
Delhi,"Saturday, September 21, 2019",39.23,96.29,17.26,32.82,24.45,22
Delhi,"Sunday, September 22, 2019",26.51,65.65,17.88,33.12,26.2,18
Delhi,"Monday, September 23, 2019",34.46,83.33,11.33,27.61,25.37,19
Delhi,"Tuesday, September 24, 2019",35.88,96.22,16.67,34.14,25.61,21
Delhi,"Wednesday, September 25, 2019",30.52,86.31,11.53,27.25,24.88,18
Delhi,"Thursday, September 26, 2019",22.9,69.49,12.62,26.71,24.04,21
Delhi,"Friday, September 27, 2019",15.66,56.71,9.94,22.68,22.32,18
Delhi,"Saturday, September 28, 2019",22.52,66.98,11.93,25.22,21.94,20
Delhi,"Sunday, September 29, 2019",16.91,51.03,8.13,19.7,21.99,13
Delhi,"Monday, September 30, 2019",29.42,81.97,12.1,26.39,22.01,16
Delhi,"Tuesday, October 1, 2019",33.92,92.41,12.82,26.89,23.99,18
Delhi,"Wednesday, October 2, 2019",40.16,96.13,17.97,32.24,24.63,16
Delhi,"Thursday, October 3, 2019",57.99,143.97,30.13,46.78,27.17,26
Delhi,"Friday, October 4, 2019",43.07,94.9,17.87,35.15,26.21,26
Delhi,"Saturday, October 5, 2019",39.48,108.22,20.52,36.22,23.56,21
Delhi,"Sunday, October 6, 2019",58.75,140.15,18.29,37.52,26.89,23
Delhi,"Monday, October 7, 2019",55.88,137.81,13.36,31.6,26.98,19
Delhi,"Tuesday, October 8, 2019",44.85,116.56,17.58,34.71,23.12,15
Delhi,"Wednesday, October 9, 2019",77.02,182.89,40.81,58.38,25.59,31
Delhi,"Thursday, October 10, 2019",100.82,215.18,34.75,54.51,29.71,37
Delhi,"Friday, October 11, 2019",98.07,203.36,35.13,53.08,31.79,32
Delhi,"Saturday, October 12, 2019",103.45,209.42,35.55,53.06,33.54,35
Delhi,"Sunday, October 13, 2019",132.57,255.42,43.72,63.23,34.93,39
Delhi,"Monday, October 14, 2019",116.33,239.47,52.78,68.23,34.7,38
Delhi,"Tuesday, October 15, 2019",133.35,285.26,67.74,86.5,36.03,49
Delhi,"Wednesday, October 16, 2019",146.37,279.78,39,62.13,38.12,37
Delhi,"Thursday, October 17, 2019",121.68,245.2,18.94,42.73,35.08,31
Delhi,"Friday, October 18, 2019",90.41,203.39,13.39,34.81,33.94,22
Delhi,"Saturday, October 19, 2019",76.77,174.84,31.61,53.94,33.65,33
Delhi,"Sunday, October 20, 2019",98.05,203.14,35,53.46,33.32,31
Delhi,"Monday, October 21, 2019",115.16,235,34.79,55.42,31.9,29
Delhi,"Tuesday, October 22, 2019",93.51,213.26,34.86,57.98,29.84,29
Delhi,"Wednesday, October 23, 2019",122.12,268.58,56.07,80.24,34.38,34
Delhi,"Thursday, October 24, 2019",173.56,346.51,84.08,108.93,41.69,51
Delhi,"Friday, October 25, 2019",129.9,270.87,42.42,64.73,37.02,36
Delhi,"Saturday, October 26, 2019",148.73,290.6,61.19,83.98,40.14,39
Delhi,"Sunday, October 27, 2019",198.81,321.68,46.63,68.91,40.04,30
Delhi,"Monday, October 28, 2019",301.39,420.35,35.11,59.73,40.16,21
Delhi,"Tuesday, October 29, 2019",287.56,440.77,58.36,86.74,49,37
Delhi,"Wednesday, October 30, 2019",279.32,454.35,87.7,113.63,52.82,50
Delhi,"Thursday, October 31, 2019",314.32,500.04,99.58,123.63,55.54,60
Delhi,"Friday, November 1, 2019",388.45,584.15,62.6,96.68,58.29,55
Delhi,"Saturday, November 2, 2019",320.26,467.74,34.23,61.32,49.38,35
Delhi,"Sunday, November 3, 2019",582.28,706.58,28.98,53.58,56.52,34
Delhi,"Monday, November 4, 2019",272.3,386.16,29.75,51.48,39.67,30
Delhi,"Tuesday, November 5, 2019",190.41,296.98,32.28,53.16,33.01,29
Delhi,"Wednesday, November 6, 2019",101.09,207.19,57.56,81.72,31.99,30
Delhi,"Thursday, November 7, 2019",182.47,292.56,29.02,54.77,37.3,38
Delhi,"Friday, November 8, 2019",154.14,253.44,51.48,73.74,38.97,47
Delhi,"Saturday, November 9, 2019",140.8,230.5,35.56,56.07,35.4,34
Delhi,"Sunday, November 10, 2019",192.35,296.44,30.88,56.41,32.4,30
Delhi,"Monday, November 11, 2019",252.48,380.54,45.96,75.05,37.01,40
Delhi,"Tuesday, November 12, 2019",384.34,529.59,51.47,83.09,40.72,44
Delhi,"Wednesday, November 13, 2019",383.36,541.19,62.74,94.33,43.4,52
Delhi,"Thursday, November 14, 2019",371.42,545.66,77.46,114.67,50.55,65
Delhi,"Friday, November 15, 2019",423.52,576.12,44.06,73.02,50.12,49
Delhi,"Saturday, November 16, 2019",174.03,293,23.38,45.36,35.82,30
Delhi,"Sunday, November 17, 2019",96.34,165.5,14.48,32.29,29.55,17
Delhi,"Monday, November 18, 2019",108.4,181.67,29.18,49.47,29.79,21
Delhi,"Tuesday, November 19, 2019",126.92,218.13,52.44,77.11,33.12,32
Delhi,"Wednesday, November 20, 2019",175.19,295.47,79.63,106.76,40.19,46
Delhi,"Thursday, November 21, 2019",217.7,363.77,104.83,135.9,44.56,72
Delhi,"Friday, November 22, 2019",201.17,332.6,83.99,113.99,42.17,57
Delhi,"Saturday, November 23, 2019",130.41,224.14,33.69,60.68,34.6,34
Delhi,"Sunday, November 24, 2019",107.86,178.21,19.82,42.87,34.33,21
Delhi,"Monday, November 25, 2019",122.37,213.67,44.39,69.13,35.67,31
Delhi,"Tuesday, November 26, 2019",114.27,225.78,49.17,73.89,37.04,38
Delhi,"Wednesday, November 27, 2019",65.7,128.1,19.37,41.04,34.32,28
Delhi,"Thursday, November 28, 2019",31.03,58.6,10.57,27.14,30.25,20
Delhi,"Friday, November 29, 2019",53.79,100.29,29.65,49.52,31.59,28
Delhi,"Saturday, November 30, 2019",96.96,159.36,34.59,56.55,36.65,31
Delhi,"Sunday, December 1, 2019",123.66,192.47,38.19,63.15,36.51,23
Delhi,"Monday, December 2, 2019",141.12,229.08,50.45,77.73,38.4,27
Delhi,"Tuesday, December 3, 2019",140.07,241.56,53.47,82.31,38.81,32
Delhi,"Wednesday, December 4, 2019",163.24,277.92,77.61,107.88,43.21,43
Delhi,"Thursday, December 5, 2019",271.99,416.79,115.56,148.59,55.2,72
Delhi,"Friday, December 6, 2019",241.69,362.1,73.76,103.48,57.17,57
Delhi,"Saturday, December 7, 2019",233.79,348.44,79.28,107.56,55.32,48
Delhi,"Sunday, December 8, 2019",239.98,355.16,109.28,137.04,58.01,58
Delhi,"Monday, December 9, 2019",200.33,311.58,87.59,114.07,56.75,46
Delhi,"Tuesday, December 10, 2019",236.4,363.3,85.62,115.07,59.1,50
Delhi,"Wednesday, December 11, 2019",299.85,452.65,106.35,138.71,68.66,69
Delhi,"Thursday, December 12, 2019",284.18,412.59,46.67,76.85,70.65,39
Delhi,"Friday, December 13, 2019",94.62,124.26,13.29,32.94,50.03,16
Delhi,"Saturday, December 14, 2019",78.59,128.36,26.2,43.17,38.62,25
Delhi,"Sunday, December 15, 2019",94.67,151.57,26.19,43.01,38.46,21
Delhi,"Monday, December 16, 2019",88.05,133.11,21.68,36,39.25,13
Delhi,"Tuesday, December 17, 2019",93.07,140.23,27.2,40.32,46.78,14
Delhi,"Wednesday, December 18, 2019",144,214.88,29.59,48.79,51.81,23
Delhi,"Thursday, December 19, 2019",261.16,385.13,51.02,72.47,57.3,35
Delhi,"Friday, December 20, 2019",316.09,449.06,40.57,66.4,58.04,39
Delhi,"Saturday, December 21, 2019",249.87,353.94,37.13,57.35,62.14,31
Delhi,"Sunday, December 22, 2019",146.81,202.05,19.33,36.7,57.51,17
Delhi,"Monday, December 23, 2019",171.47,240.19,26.86,44.43,53.04,24
Delhi,"Tuesday, December 24, 2019",262.69,401.03,38.02,64.46,53.3,38
Delhi,"Wednesday, December 25, 2019",166.71,258.28,22.4,40.79,48.52,23
Delhi,"Thursday, December 26, 2019",196.97,299.85,19.25,41.2,51.83,22
Delhi,"Friday, December 27, 2019",240.07,371.45,28.66,54.95,52.64,33
Delhi,"Saturday, December 28, 2019",275.6,426.12,60.13,83.47,50.47,39
Delhi,"Sunday, December 29, 2019",326.79,500.15,32.73,61.51,49.61,33
Delhi,"Monday, December 30, 2019",333.43,486.35,54.97,79.04,50.75,47
Delhi,"Tuesday, December 31, 2019",245.53,338.18,44.49,64.57,48.22,38
Delhi,"Wednesday, January 1, 2020",372.14,483.87,109.53,135,56.85,61
Delhi,"Thursday, January 2, 2020",327.04,439.31,120.76,143.71,58.26,73
Delhi,"Friday, January 3, 2020",228.9,337.04,111.09,131.13,53.02,67
Delhi,"Saturday, January 4, 2020",220.6,327.22,86.58,110.2,53.46,48
Delhi,"Sunday, January 5, 2020",170.21,257.94,29.99,54.3,47.94,29
Delhi,"Monday, January 6, 2020",159.64,247.47,35.49,60.14,47.01,31
Delhi,"Tuesday, January 7, 2020",120.31,176.22,24.08,46.56,43.53,25
Delhi,"Wednesday, January 8, 2020",117.98,145.85,26.65,45.09,44.73,23
Delhi,"Thursday, January 9, 2020",89.26,132.06,14.71,31.03,36.87,15
Delhi,"Friday, January 10, 2020",130.82,203.54,27.73,50.71,37.73,25
Delhi,"Saturday, January 11, 2020",151.1,245.62,43.83,69.66,40.97,28
Delhi,"Sunday, January 12, 2020",207.23,325.36,90.44,113.97,48.65,39
Delhi,"Monday, January 13, 2020",218.98,329.77,61.38,84.22,53.64,34
Delhi,"Tuesday, January 14, 2020",115.62,163.67,21.19,40.99,46.34,24
Delhi,"Wednesday, January 15, 2020",111.57,179.08,29.61,54.26,41.76,30
Delhi,"Thursday, January 16, 2020",139.06,197.9,28.99,51.19,43.54,30
Delhi,"Friday, January 17, 2020",107.65,152.98,31.58,49.2,40.15,24
Delhi,"Saturday, January 18, 2020",125.3,198.24,39.64,60.8,39.56,29
Delhi,"Sunday, January 19, 2020",125.04,187.93,18.6,36.38,38.38,14
Delhi,"Monday, January 20, 2020",142.18,225.67,30.68,49.07,39.27,19
Delhi,"Tuesday, January 21, 2020",222.81,348.45,63.49,83.32,48.02,39
Delhi,"Wednesday, January 22, 2020",198.88,296.98,66,82.89,45.17,37
Delhi,"Thursday, January 23, 2020",74.45,137.61,15.4,33.47,36.32,14
Delhi,"Friday, January 24, 2020",79.83,151.81,23.68,45.88,34.23,15
Delhi,"Saturday, January 25, 2020",136.72,240.57,58.83,84.2,41.37,26
Delhi,"Sunday, January 26, 2020",201.2,309.09,74.63,95.06,48.8,34
Delhi,"Monday, January 27, 2020",209.97,330.91,89.41,116.25,53.66,37
Delhi,"Tuesday, January 28, 2020",104.45,149.12,17.85,37.97,42.76,18
Delhi,"Wednesday, January 29, 2020",77.95,134.17,30.9,48.65,38.01,21
Delhi,"Thursday, January 30, 2020",91.56,168.43,30.79,50.9,36.77,20
Delhi,"Friday, January 31, 2020",92.04,170.33,31.8,53.46,34.03,22
Delhi,"Saturday, February 1, 2020",112.13,201.19,49.25,67.5,35.95,27
Delhi,"Sunday, February 2, 2020",120.86,200.9,33.12,54.17,36.46,18
Delhi,"Monday, February 3, 2020",138.5,243.43,50.47,73.96,37.5,27
Delhi,"Tuesday, February 4, 2020",188.42,340.56,92.85,115.76,43.09,47
Delhi,"Wednesday, February 5, 2020",150.08,255.41,41.58,67.5,40.07,28
Delhi,"Thursday, February 6, 2020",118.57,205.43,33.37,60.54,36.16,23
Delhi,"Friday, February 7, 2020",150.15,253.82,64.24,88.53,38.38,32
Delhi,"Saturday, February 8, 2020",149.67,238.17,30.62,54.41,40.72,19
Delhi,"Sunday, February 9, 2020",151.43,247.62,35.28,60.36,40.04,17
Delhi,"Monday, February 10, 2020",174.4,292.44,56.93,82.69,39.99,27
Delhi,"Tuesday, February 11, 2020",176.57,306.12,83.94,107.57,39.73,41
Delhi,"Wednesday, February 12, 2020",172.12,295.05,38.78,64.65,40.92,24
Delhi,"Thursday, February 13, 2020",95.72,179.78,15.54,37.63,36.91,17
Delhi,"Friday, February 14, 2020",73.84,172.28,12.35,30.48,34.06,12
Delhi,"Saturday, February 15, 2020",83.07,174.78,18.16,41.54,32.48,18
Delhi,"Sunday, February 16, 2020",132.63,237.81,42.02,70.95,38.77,24
Delhi,"Monday, February 17, 2020",158.69,282.84,61.48,88.49,42.77,31
Delhi,"Tuesday, February 18, 2020",125.53,238.91,39.22,67.21,37.01,21
Delhi,"Wednesday, February 19, 2020",138.46,286.39,87.96,111.77,44.11,37
Delhi,"Thursday, February 20, 2020",98.84,223.69,10.13,32.65,39.61,12
Delhi,"Friday, February 21, 2020",53.11,85.49,8.84,26.24,35.81,20
Delhi,"Saturday, February 22, 2020",63.62,123.44,29.86,50.12,33.46,24
Delhi,"Sunday, February 23, 2020",105.71,182.2,41.97,61.5,38.33,28
Delhi,"Monday, February 24, 2020",70.59,145.05,29.23,51.6,33.19,21
Delhi,"Tuesday, February 25, 2020",127.75,224.02,27.87,52.38,39.61,19
Delhi,"Wednesday, February 26, 2020",141.81,258.62,56.86,78.58,42.7,31
Delhi,"Thursday, February 27, 2020",107.28,203.77,22.85,46.13,43.64,22
Delhi,"Friday, February 28, 2020",83.48,161.36,8.21,26.32,41.44,12
Delhi,"Saturday, February 29, 2020",60.01,115.82,9.66,27.57,34.88,16
Delhi,"Sunday, March 1, 2020",42.83,91.88,20.57,41.36,31.4,22
Delhi,"Monday, March 2, 2020",99.34,203.51,64.58,85.92,39.78,38
Delhi,"Tuesday, March 3, 2020",86.26,188.73,50.52,71.98,37.02,39
Delhi,"Wednesday, March 4, 2020",82.9,193.79,40.18,60.78,37.32,28
Delhi,"Thursday, March 5, 2020",31.43,67.5,11.78,28.54,32.27,16
Delhi,"Friday, March 6, 2020",21.32,38.5,12.55,29.75,29.56,15
Delhi,"Saturday, March 7, 2020",40.96,85.45,17.41,34.85,29.01,21
Delhi,"Sunday, March 8, 2020",72.1,140.22,45.65,61.74,31.51,36
Delhi,"Monday, March 9, 2020",58.04,133.75,18.86,34.79,29.29,17
Delhi,"Tuesday, March 10, 2020",84.35,160.91,14.46,29.74,30.99,16
Delhi,"Wednesday, March 11, 2020",55.19,112.57,10.1,24.99,32.88,12
Delhi,"Thursday, March 12, 2020",56.92,155.18,21.91,39.57,35.31,20
Delhi,"Friday, March 13, 2020",68.72,209.02,29.31,49,31.36,24
Delhi,"Saturday, March 14, 2020",39.41,85.26,14.67,32.7,34.29,18
Delhi,"Sunday, March 15, 2020",60.99,124.24,26.33,46.69,31.09,23
Delhi,"Monday, March 16, 2020",61.61,144.37,21.37,44.12,31.07,20
Delhi,"Tuesday, March 17, 2020",69.7,160.15,26.05,48.87,32.31,21
Delhi,"Wednesday, March 18, 2020",68.93,162.56,29.29,53.31,32.99,29
Delhi,"Thursday, March 19, 2020",90.62,195.15,37.81,59.24,36.15,34
Delhi,"Friday, March 20, 2020",90.31,200.79,30.21,55.88,34.3,37
Delhi,"Saturday, March 21, 2020",82.39,184.81,31.58,54.04,36.61,34
Delhi,"Sunday, March 22, 2020",78.61,134.46,14.49,30.31,32.61,21
Delhi,"Monday, March 23, 2020",54.26,100.55,11.75,25.31,30.31,16
Delhi,"Tuesday, March 24, 2020",55.85,103.62,12.3,26.48,31.91,16
Delhi,"Wednesday, March 25, 2020",37.87,68.03,13.09,22.57,34.43,14
Delhi,"Sunday, April 5, 2020",51.79,96.88,10.99,22.78,25.14,12
Delhi,"Monday, April 6, 2020",59.91,114.88,11.05,22.68,26.41,13
Delhi,"Tuesday, April 14, 2020",58.22,144.7,8.83,22.96,28.76,13
Delhi,"Wednesday, April 15, 2020",58.31,190.98,10.37,24.05,28.36,12
Delhi,"Thursday, April 16, 2020",69.8,191.17,11.86,25.66,30.36,14
Delhi,"Monday, April 20, 2020",52.86,113.25,12.38,25.55,31.57,16
Delhi,"Wednesday, April 22, 2020",58.25,130.99,10.78,24.17,29.39,14
Delhi,"Thursday, April 23, 2020",54.71,127.82,9.42,22.92,30.02,17
Delhi,"Friday, April 24, 2020",65.91,138.46,11,24.87,32.62,13
Delhi,"Wednesday, April 29, 2020",55.18,114.91,12.66,22.66,28.86,13
Delhi,"Friday, May 1, 2020",61.04,143.11,11.8,20.45,36.43,12
Delhi,"Tuesday, May 5, 2020",56.24,115.91,13.93,24.06,30.86,15
Delhi,"Wednesday, May 6, 2020",58.44,169.61,13.75,25.58,29.53,13
Delhi,"Friday, May 8, 2020",51.09,120.82,10.02,20.69,27.98,13
Delhi,"Saturday, May 9, 2020",54.18,126.9,9.47,19.17,30.14,12
Delhi,"Tuesday, May 12, 2020",43.19,94.4,4.42,14.62,29.43,13
Delhi,"Wednesday, May 13, 2020",68.8,159.2,5.09,16.74,32.29,15
Delhi,"Thursday, May 14, 2020",56.17,126.53,9.04,21.86,30.82,15
Delhi,"Friday, May 15, 2020",47.44,101.93,6.76,18.9,27.39,13
Delhi,"Saturday, May 16, 2020",81.87,151.8,6.11,19.89,27.62,12
Delhi,"Sunday, May 17, 2020",98.63,187.24,9.24,26.01,28.76,16
Delhi,"Monday, May 18, 2020",101.02,192.68,11.31,29.28,28.97,18
Delhi,"Tuesday, May 19, 2020",106.63,208.65,16.68,38.49,30.58,23
Delhi,"Wednesday, May 20, 2020",67.8,155.41,8.79,25.93,28.73,16
Delhi,"Thursday, May 21, 2020",55.92,163.77,9.67,25.81,25.55,15
Delhi,"Friday, May 22, 2020",94.37,213.47,17.16,40.17,28.56,26
Delhi,"Saturday, May 23, 2020",74.92,209.49,16.74,37.85,28.82,29
Delhi,"Sunday, May 24, 2020",55.37,179.3,8.13,21.76,26.54,15
Delhi,"Monday, May 25, 2020",61.46,162.41,9.3,25,27.22,14
Delhi,"Tuesday, May 26, 2020",55.38,190.11,19.09,37.41,27.06,24
Delhi,"Wednesday, May 27, 2020",43.22,161.76,7.58,21.37,25.79,17
Delhi,"Monday, June 1, 2020",41.05,80.47,5.87,17.6,35,17
Delhi,"Tuesday, June 2, 2020",45.9,98.32,7.25,19.94,35.78,21
Delhi,"Wednesday, June 3, 2020",50.62,114.01,7.07,21.64,36.05,20
Delhi,"Thursday, June 4, 2020",68.24,143.79,11.87,29.57,38.85,30
Delhi,"Friday, June 5, 2020",42.43,87.05,7.6,20.45,35.51,18
Delhi,"Sunday, June 7, 2020",39.99,91.17,6.5,17.92,30.79,17
Delhi,"Monday, June 8, 2020",46.9,103.27,7.94,21.44,31.81,20
Delhi,"Tuesday, June 9, 2020",64.77,148.67,11.04,28.36,33.83,28
Delhi,"Wednesday, June 10, 2020",58.9,156.29,16.38,35.09,33.27,25
Delhi,"Thursday, June 11, 2020",54.69,134.36,12.37,30,36.54,22
Delhi,"Friday, June 12, 2020",64,152.7,12.41,29.74,38.64,20
Delhi,"Saturday, June 13, 2020",52.36,129.33,8.9,22.93,36.62,17
Delhi,"Sunday, June 14, 2020",71.08,150.28,8.19,22.01,40,23
Delhi,"Monday, June 15, 2020",48.69,120.23,7.8,21.79,35.38,17
Delhi,"Tuesday, June 16, 2020",39.87,107.99,7.35,19.98,32.62,19
Delhi,"Wednesday, June 17, 2020",34.35,92.58,5.47,14.73,29.4,15
Delhi,"Thursday, June 18, 2020",36.84,100.62,6.02,15.69,28.68,12
Delhi,"Friday, June 19, 2020",57.6,205.56,6.58,15.57,27.96,14
Delhi,"Saturday, June 20, 2020",35.96,108.73,6.53,17.92,26.38,14
Delhi,"Sunday, June 21, 2020",39.7,95.63,7.21,19.89,28.84,18
Delhi,"Monday, June 22, 2020",39.47,77.48,5.67,17.46,34.32,18
Delhi,"Tuesday, June 23, 2020",29.02,64.12,6.22,15.33,33.32,13
Delhi,"Wednesday, June 24, 2020",30.91,62.61,6.63,15.72,31.45,12
Delhi,"Thursday, June 25, 2020",38.37,77.76,9.33,21.17,30.48,19
Delhi,"Friday, June 26, 2020",50.01,112.08,9.67,21.75,32.64,23
Delhi,"Saturday, June 27, 2020",39.8,155.94,10.88,22.47,31.43,20
Delhi,"Sunday, June 28, 2020",59.52,308.65,12.67,23.86,29.27,25
Delhi,"Monday, June 29, 2020",44.86,184.12,10.5,21.94,27.97,24
Delhi,"Tuesday, June 30, 2020",39.8,91.98,5.99,15.44,28.48,16
Delhi,"Wednesday, July 1, 2020",54.01,128.66,6.33,16.81,29.06,24
Bengaluru,"Sunday, September 11, 2016",24.72,57.37,4.12,0,43.84,0
Bengaluru,"Saturday, November 5, 2016",55.03,117.02,8.25,0,28.78,3
Bengaluru,"Thursday, November 10, 2016",49.03,130.54,8.22,0,27.67,3
Bengaluru,"Wednesday, November 16, 2016",35.8,130.25,10.26,0,24.15,4
Bengaluru,"Tuesday, November 22, 2016",91.6,141.03,9.41,0,39.39,3
Bengaluru,"Wednesday, November 23, 2016",47.76,173.09,10.82,0,39.88,8
Bengaluru,"Thursday, November 24, 2016",86.62,152.15,9.06,0,19.16,7
Bengaluru,"Friday, November 25, 2016",46.12,158.04,12.75,0,17.7,3
Bengaluru,"Saturday, November 26, 2016",46.87,164.12,14.9,0,17.32,4
Bengaluru,"Sunday, November 27, 2016",53.71,171.52,17.18,0,17.2,4
Bengaluru,"Monday, November 28, 2016",49.9,176.99,15.78,0,27.25,5
Bengaluru,"Tuesday, November 29, 2016",59.3,194.37,11.64,0,27.55,5
Bengaluru,"Wednesday, November 30, 2016",49.69,170.26,9.74,0,26.58,4
Bengaluru,"Thursday, December 1, 2016",45.84,137.86,12.77,0,27.97,4
Bengaluru,"Friday, December 2, 2016",22.14,78.55,10.95,0,30,9
Bengaluru,"Saturday, December 3, 2016",18.3,102.86,14.52,0,37.49,3
Bengaluru,"Sunday, December 4, 2016",24.44,136.05,10.4,0,28.44,4
Bengaluru,"Monday, December 5, 2016",23.63,124.78,14.4,0,29.23,7
Bengaluru,"Tuesday, December 6, 2016",36.97,155.51,14.79,0,27.6,5
Bengaluru,"Thursday, December 8, 2016",32.59,128.54,15.8,0,26.6,3
Bengaluru,"Friday, December 9, 2016",44.96,135,10.65,0,24.42,5
Bengaluru,"Saturday, December 10, 2016",30.37,124.8,7.35,0,24,6
Bengaluru,"Sunday, December 11, 2016",24.98,138.06,10.07,0,32.37,5
Bengaluru,"Thursday, December 15, 2016",28.47,142.64,14.16,0,27.42,3
Bengaluru,"Friday, December 16, 2016",34.57,137.45,14.64,0,36.2,3
Bengaluru,"Saturday, December 17, 2016",36.97,143.58,8.67,0,23.44,6
Bengaluru,"Sunday, December 18, 2016",35.21,130.91,7.48,0,28.81,6
Bengaluru,"Monday, December 19, 2016",37.8,144.73,8.19,0,20.01,6
Bengaluru,"Tuesday, December 20, 2016",19.09,121.19,6.35,0,18.42,5
Bengaluru,"Wednesday, December 21, 2016",19.68,99.9,6.17,0,16.41,5
Bengaluru,"Thursday, December 22, 2016",39.64,176.96,7.26,0,17.54,7
Bengaluru,"Friday, December 23, 2016",43.67,150.64,15.23,0,17.39,14
Bengaluru,"Saturday, December 24, 2016",57.79,141.76,14.19,0,18.3,6
Bengaluru,"Sunday, December 25, 2016",39.11,145.35,5.4,0,17.31,4
Bengaluru,"Monday, December 26, 2016",34.02,121.66,7.15,0,17.08,4
Bengaluru,"Tuesday, December 27, 2016",53.5,111.09,5.22,0,16.9,4
Bengaluru,"Wednesday, December 28, 2016",38.53,80.87,2.34,0,17.07,3
Bengaluru,"Thursday, December 29, 2016",44.9,112.78,7.43,0,16.91,
Bengaluru,"Friday, December 30, 2016",54.65,134.46,9.58,0,17.46,
Bengaluru,"Tuesday, January 3, 2017",26.66,106.4,9.8,0,19.41,5
Bengaluru,"Wednesday, January 4, 2017",36.93,118.86,6.9,0,24.85,3
Bengaluru,"Thursday, January 5, 2017",36.09,114.62,7.03,0,25.09,3
Bengaluru,"Friday, January 6, 2017",41.53,131.53,7.88,0,24.47,3
Bengaluru,"Saturday, January 7, 2017",47.48,140.54,7.12,0,25.17,3
Bengaluru,"Monday, January 9, 2017",43.11,136.23,8.29,0,24.41,4
Bengaluru,"Tuesday, January 10, 2017",74.1,125.23,4.58,0,24.92,5
Bengaluru,"Wednesday, January 11, 2017",42.42,142.13,6.56,0,25.29,4
Bengaluru,"Thursday, January 12, 2017",24.26,140.88,7.53,0,26.47,3
Bengaluru,"Tuesday, January 17, 2017",37.02,130.28,9.83,0,23.88,
Bengaluru,"Wednesday, January 18, 2017",39.68,111.56,7.37,0,22.76,
Bengaluru,"Thursday, January 19, 2017",31.59,104.2,10.26,0,23.03,
Bengaluru,"Friday, January 20, 2017",39.92,116.54,11.78,0,24.05,
Bengaluru,"Saturday, January 21, 2017",40.34,103.46,16.09,0,23.84,
Bengaluru,"Monday, January 23, 2017",49.45,125.79,16.15,0,22.23,0
Bengaluru,"Wednesday, February 8, 2017",41.94,91.18,6.83,0,20.2,5
Bengaluru,"Thursday, February 9, 2017",38.04,103.85,6.81,0,21.68,5
Bengaluru,"Friday, February 10, 2017",36.09,102.51,6.31,0,20.99,4
Bengaluru,"Saturday, February 11, 2017",29.54,93.69,8.73,0,21.44,3
Bengaluru,"Sunday, February 12, 2017",27.65,81.87,10.35,0,22.83,4
Bengaluru,"Monday, February 13, 2017",30.98,71.6,9.51,0,23.08,
Bengaluru,"Tuesday, February 14, 2017",34.94,71.16,8.05,0,28.08,
Bengaluru,"Wednesday, February 15, 2017",40.41,78.71,11.32,0,24.68,
Bengaluru,"Thursday, February 16, 2017",34.8,86.61,11.7,0,23.65,
Bengaluru,"Friday, February 17, 2017",47.98,114.34,9.36,0,22.85,
Bengaluru,"Saturday, February 18, 2017",47.56,99.64,12.85,0,22.95,
Bengaluru,"Sunday, February 19, 2017",41.4,108.35,17.34,0,22.5,
Bengaluru,"Monday, February 20, 2017",53.85,115.91,21.36,0,22.25,0
Bengaluru,"Wednesday, February 22, 2017",42.13,116.85,9.87,0,21.67,4
Bengaluru,"Thursday, February 23, 2017",44.09,107.48,13.23,0,22.22,4
Bengaluru,"Friday, February 24, 2017",42.73,92.91,10.08,0,21.92,3
Bengaluru,"Saturday, February 25, 2017",40.96,86.08,8.08,0,22.93,3
Bengaluru,"Thursday, March 9, 2017",32.53,98.45,7.46,0,35.13,3
Bengaluru,"Friday, March 17, 2017",39.28,107.17,6.33,0,27.37,3
Bengaluru,"Sunday, March 19, 2017",32.31,81.68,4.96,0,25.66,3
Bengaluru,"Wednesday, March 22, 2017",43.96,105.81,6.52,0,23.98,5
Bengaluru,"Thursday, March 23, 2017",44.26,102.04,8.71,0,24.06,3
Bengaluru,"Saturday, March 25, 2017",47.51,114.14,11.76,0,20.79,3
Bengaluru,"Tuesday, March 28, 2017",55.94,105.81,4.71,0,25.2,3
Bengaluru,"Friday, March 31, 2017",55.9,94.22,5.13,0,22.44,3
Bengaluru,"Saturday, April 1, 2017",51.65,108.37,5.59,0,24.02,3
Bengaluru,"Saturday, April 8, 2017",36.66,103.5,7.3,0,26.68,3
Bengaluru,"Thursday, April 27, 2017",40.01,100.72,7.39,0,28.45,3
Bengaluru,"Wednesday, May 3, 2017",66.24,87.15,10.17,0,28.37,0
Bengaluru,"Monday, May 29, 2017",21.08,60.65,6.93,0,23.67,0
Bengaluru,"Tuesday, May 30, 2017",23.2,56.28,4.93,0,23.64,0
Bengaluru,"Wednesday, May 31, 2017",22.87,77.5,4.43,0,23.73,0
Bengaluru,"Friday, June 2, 2017",20.19,60.05,5.35,0,23.66,0
Bengaluru,"Saturday, June 3, 2017",20.98,56.9,7,0,23.86,0
Bengaluru,"Sunday, June 11, 2017",16.51,77.75,7.41,0,23.52,0
Bengaluru,"Saturday, June 24, 2017",25.35,123.16,19.79,0,35.99,0
Bengaluru,"Sunday, June 25, 2017",25.16,89.68,17.58,0,31.68,0
Bengaluru,"Tuesday, June 27, 2017",37.61,111.77,13.6,0,31.97,0
Bengaluru,"Wednesday, June 28, 2017",37.34,97.49,10.09,0,32.02,0
Bengaluru,"Thursday, June 29, 2017",36.44,78.38,12.12,0,32.05,0
Bengaluru,"Friday, June 30, 2017",35.4,107.39,15.16,0,31.99,0
Bengaluru,"Saturday, July 1, 2017",25.33,129.55,24.27,0,31.77,0
Bengaluru,"Monday, July 3, 2017",25.82,93.48,43.48,0,104.87,0
Bengaluru,"Sunday, July 9, 2017",35.29,109.11,17.04,0,32.09,0
Bengaluru,"Sunday, July 16, 2017",17.2,98.67,13.34,0,26.78,0
Bengaluru,"Monday, July 17, 2017",21.05,110.36,11.56,0,26.87,0
Bengaluru,"Tuesday, July 18, 2017",18.45,82.75,12.68,0,26.88,0
Bengaluru,"Thursday, July 20, 2017",31.68,87.62,16.76,0,26.84,0
Bengaluru,"Tuesday, July 25, 2017",28.54,99.2,11.09,0,27.22,3
Bengaluru,"Wednesday, July 26, 2017",23.68,105.63,9.88,0,26.72,0
Bengaluru,"Sunday, August 6, 2017",15.21,81.72,8.53,0,24.46,3
Bengaluru,"Monday, August 7, 2017",22.82,88.33,8.83,0,24.53,3
Bengaluru,"Sunday, November 6, 2016",41.23,69.46,2.8,0,27.28,2
Bengaluru,"Monday, November 7, 2016",43.91,100.27,3.56,0,29.92,2
Bengaluru,"Wednesday, November 9, 2016",46.94,120.41,7.62,0,28.86,2
Bengaluru,"Friday, November 11, 2016",57.78,150.94,10.46,0,29.6,2
Bengaluru,"Saturday, November 12, 2016",52.72,127.44,7.61,0,30.49,2
Bengaluru,"Monday, November 14, 2016",29.96,82.83,10.55,0,31.52,2
Bengaluru,"Tuesday, November 15, 2016",27.64,56.85,7.72,0,14.03,2
Bengaluru,"Friday, November 18, 2016",43.6,135.71,8.35,0,24.55,2
Bengaluru,"Monday, November 21, 2016",102.01,182.79,14.76,0,31.02,2
Bengaluru,"Wednesday, December 7, 2016",40.72,132.73,14.55,0,26.04,2
Bengaluru,"Monday, December 12, 2016",42.19,131.75,4.07,0,28.36,2
Bengaluru,"Wednesday, December 14, 2016",30.72,180.88,8.36,0,25.14,2
Bengaluru,"Saturday, December 31, 2016",40.96,128.38,9.9,0,17.59,2
Bengaluru,"Monday, January 2, 2017",19.61,105.34,8.81,0,17.62,2
Bengaluru,"Sunday, January 8, 2017",37.61,124.94,4.72,0,25.52,2
Bengaluru,"Friday, January 13, 2017",31.22,108.09,4.05,0,26.04,2
Bengaluru,"Monday, January 16, 2017",31.65,128.58,7.04,0,23.82,2
Bengaluru,"Tuesday, January 24, 2017",41.55,121.2,8.58,0,23.95,2
Bengaluru,"Monday, January 30, 2017",31.79,83.98,10.38,0,24.82,2
Bengaluru,"Tuesday, January 31, 2017",37.81,81.51,6.94,0,24.8,2
Bengaluru,"Wednesday, February 1, 2017",27.42,81.76,8.06,0,23.83,2
Bengaluru,"Thursday, February 2, 2017",49.35,82.75,8.73,0,22.26,2
Bengaluru,"Friday, February 3, 2017",32.16,93.4,5.83,0,22.29,2
Bengaluru,"Monday, February 6, 2017",32.73,117.9,7.98,0,21.39,2
Bengaluru,"Tuesday, February 7, 2017",43.1,102.65,10.78,0,20.74,2
Bengaluru,"Sunday, February 26, 2017",35.66,90.69,7.38,0,24.05,2
Bengaluru,"Monday, February 27, 2017",37.55,85.57,8.72,0,22.87,2
Bengaluru,"Tuesday, February 28, 2017",31.19,87.32,8.91,0,22.97,2
Bengaluru,"Wednesday, March 1, 2017",39.98,98.33,28.97,0,107.53,2
Bengaluru,"Thursday, March 2, 2017",36.36,85.55,14.27,0,24.18,2
Bengaluru,"Friday, March 3, 2017",29.87,89.98,8.12,0,26.25,2
Bengaluru,"Saturday, March 4, 2017",28.41,75.22,11.64,0,26.53,2
Bengaluru,"Sunday, March 5, 2017",23.15,78.15,5.99,0,27.95,2
Bengaluru,"Monday, March 6, 2017",26.67,74.17,6.52,0,31.01,2
Bengaluru,"Tuesday, March 7, 2017",27.87,81.97,9.75,0,34.12,2
Bengaluru,"Wednesday, March 8, 2017",31.78,84.76,9.48,0,30.12,2
Bengaluru,"Saturday, March 11, 2017",28.94,76.71,6.79,0,28.2,2
Bengaluru,"Sunday, March 12, 2017",27.07,65.19,7.54,0,26.09,2
Bengaluru,"Monday, March 13, 2017",42.64,98.52,6.48,0,30.64,2
Bengaluru,"Saturday, March 18, 2017",32.33,87.57,6.96,0,25.99,2
Bengaluru,"Monday, March 20, 2017",38.73,105.25,6.29,0,26.78,2
Bengaluru,"Tuesday, March 21, 2017",36.42,95.55,6.75,0,26.49,2
Bengaluru,"Friday, March 24, 2017",67.75,107.42,7.38,0,20.33,2
Bengaluru,"Sunday, March 26, 2017",53.63,116.45,7.44,0,22.33,2
Bengaluru,"Monday, March 27, 2017",40.42,114.11,5.59,0,22.04,2
Bengaluru,"Wednesday, March 29, 2017",41.83,89.06,2.7,0,28.76,2
Bengaluru,"Thursday, March 30, 2017",46.83,69.68,3.32,0,25.74,2
Bengaluru,"Sunday, April 2, 2017",32.61,104.58,5.32,0,28.54,2
Bengaluru,"Tuesday, April 4, 2017",36.85,99.33,3.61,0,25.66,2
Bengaluru,"Wednesday, April 5, 2017",29.5,78.34,3.71,0,27.27,2
Bengaluru,"Thursday, April 6, 2017",29.52,92.48,6.17,0,27.92,2
Bengaluru,"Friday, April 7, 2017",31.08,79.87,5.33,0,28.02,2
Bengaluru,"Sunday, April 9, 2017",29.29,89.11,7.08,0,25.78,2
Bengaluru,"Tuesday, April 11, 2017",31.18,92.2,7.17,0,28.14,2
Bengaluru,"Thursday, April 13, 2017",50.54,105.34,7.07,0,24.73,2
Bengaluru,"Friday, April 14, 2017",51.33,104.38,6.96,0,24.12,2
Bengaluru,"Saturday, April 15, 2017",35.01,101.83,9.78,0,24.52,2
Bengaluru,"Tuesday, April 18, 2017",38.46,66.4,4.73,0,28.01,2
Bengaluru,"Wednesday, April 26, 2017",33.95,110.88,4.52,0,27.58,2
Bengaluru,"Saturday, April 29, 2017",38.44,76.53,8.49,0,28.89,2
Bengaluru,"Thursday, May 4, 2017",42.2,90.14,12.03,0,22.96,2
Bengaluru,"Friday, May 5, 2017",28.27,85.96,8.55,0,31,2
Bengaluru,"Saturday, May 13, 2017",120.56,73.92,6.92,0,11.24,2
Bengaluru,"Friday, June 16, 2017",24.66,89.59,9.56,0,23.91,2
Bengaluru,"Saturday, June 17, 2017",24.18,87.23,7.17,0,23.92,2
Bengaluru,"Sunday, July 2, 2017",30.07,110.45,54.79,0,90.01,2
Bengaluru,"Tuesday, August 1, 2017",26.57,91.01,7.35,0,24.62,2
Bengaluru,"Thursday, August 3, 2017",17.67,74.63,16.81,0,24.54,2
Bengaluru,"Saturday, August 5, 2017",17.69,78.23,9.01,0,24.57,2
Bengaluru,"Tuesday, August 8, 2017",21.07,99.54,8.48,0,24.43,2
Bengaluru,"Friday, September 1, 2017",158.67,86.06,12.57,0,24.45,2
Bengaluru,"Saturday, September 2, 2017",114.92,87.12,24.01,0,24.44,2
Bengaluru,"Monday, September 4, 2017",39.74,85.24,15.95,0,24.42,2
Bengaluru,"Tuesday, September 5, 2017",14.2,98.1,13.44,0,24.44,2
Bengaluru,"Wednesday, September 6, 2017",21.2,49.13,14.2,0,24.13,2
Bengaluru,"Thursday, September 7, 2017",9.57,100.44,14.26,0,24.37,2
Bengaluru,"Friday, September 8, 2017",32.86,72.73,11.97,0,24.37,2
Bengaluru,"Saturday, September 9, 2017",22.63,83.19,17.49,0,24.34,2
Bengaluru,"Saturday, September 23, 2017",21.62,91.14,10.16,0,24.15,2
Bengaluru,"Sunday, September 24, 2017",23.7,112.5,15.23,0,24.18,2
Bengaluru,"Monday, September 25, 2017",19.26,53.18,8.88,0,23.77,2
Bengaluru,"Tuesday, September 26, 2017",22.47,76.88,8.48,0,23.87,2
Bengaluru,"Wednesday, September 27, 2017",28.3,50.86,15.29,0,22.64,2
Bengaluru,"Sunday, November 13, 2016",38.42,121.18,10.83,0,39.82,1
Bengaluru,"Thursday, November 17, 2016",40.13,133.97,11.92,0,34.63,1
Bengaluru,"Wednesday, January 25, 2017",34.96,114.94,7.97,0,23.3,1
Bengaluru,"Thursday, January 26, 2017",27.04,109.75,5.55,0,24.99,1
Bengaluru,"Friday, January 27, 2017",23.36,87.39,12.36,0,27.95,1
Bengaluru,"Tuesday, February 21, 2017",52.93,122.79,17.53,0,21.94,1
Bengaluru,"Friday, March 10, 2017",29.4,71.8,5.62,0,42.48,1
Bengaluru,"Tuesday, March 14, 2017",21.93,70.51,7.72,0,34.32,1
Bengaluru,"Wednesday, March 15, 2017",17.99,66.24,7.98,0,33.53,1
Bengaluru,"Thursday, March 16, 2017",27.59,63.81,11.33,0,26.96,1
Bengaluru,"Monday, April 3, 2017",39.37,106.07,9.79,0,26.81,1
Bengaluru,"Monday, April 10, 2017",43,90.64,8.28,0,29.59,1
Bengaluru,"Monday, April 17, 2017",34.86,79.44,5.28,0,31.55,1
Bengaluru,"Wednesday, April 19, 2017",38.13,84.63,6.11,0,31.93,1
Bengaluru,"Thursday, April 20, 2017",29.75,56.29,5.45,0,28.87,1
Bengaluru,"Friday, April 21, 2017",21.53,80.41,4.21,0,35.77,1
Bengaluru,"Saturday, April 22, 2017",25.46,62.1,4.85,0,30.19,1
Bengaluru,"Sunday, April 23, 2017",28.49,74.8,2.67,0,27.92,1
Bengaluru,"Tuesday, April 25, 2017",29.88,108.62,3.54,0,28.23,1
Bengaluru,"Friday, April 28, 2017",62.07,84.02,4.72,0,27.29,1
Bengaluru,"Monday, May 1, 2017",20.32,80.58,6.21,0,25.82,1
Bengaluru,"Tuesday, May 2, 2017",24.2,78.44,8.2,0,26.1,1
Bengaluru,"Saturday, May 6, 2017",40.02,92.31,7.67,0,31.4,1
Bengaluru,"Sunday, May 7, 2017",30.26,76.29,6.46,0,22.61,1
Bengaluru,"Monday, May 8, 2017",27.66,57.56,6.67,0,29.12,1
Bengaluru,"Tuesday, May 9, 2017",32.01,57.82,4.81,0,30.32,1
Bengaluru,"Wednesday, May 10, 2017",23.19,74.07,4.28,0,31.83,1
Bengaluru,"Thursday, May 11, 2017",28.52,35.51,5.81,0,22.39,1
Bengaluru,"Friday, May 12, 2017",50.58,62.09,5.9,0,11.61,1
Bengaluru,"Sunday, May 14, 2017",25.22,73.47,6.26,0,18.05,1
Bengaluru,"Monday, May 15, 2017",14.94,50.05,5.02,0,18.34,1
Bengaluru,"Tuesday, May 16, 2017",19.1,65.84,3.8,0,17.72,1
Bengaluru,"Wednesday, May 17, 2017",22.93,65.3,3.62,0,18.17,1
Bengaluru,"Thursday, May 18, 2017",36.58,59.73,4.78,0,15.07,1
Bengaluru,"Friday, May 19, 2017",20.87,45.38,5.6,0,18.85,1
Bengaluru,"Saturday, May 20, 2017",17.43,68.76,9.54,0,23.79,1
Bengaluru,"Sunday, May 21, 2017",12.53,50.36,8.01,0,23.65,1
Bengaluru,"Monday, May 22, 2017",16.58,69.24,8.33,0,23.78,1
Bengaluru,"Tuesday, May 23, 2017",25.83,63.33,8.79,0,24.31,1
Bengaluru,"Wednesday, May 24, 2017",19.58,58.26,5.7,0,23.85,1
Bengaluru,"Thursday, May 25, 2017",21.39,59.53,6.42,0,23.75,1
Bengaluru,"Friday, May 26, 2017",24.85,69,6.67,0,23.65,1
Bengaluru,"Saturday, May 27, 2017",18.21,44.46,7.45,0,23.57,1
Bengaluru,"Sunday, May 28, 2017",19.75,52.33,6.48,0,23.46,1
Bengaluru,"Thursday, June 1, 2017",22.79,59.56,5.31,0,23.75,1
Bengaluru,"Monday, June 5, 2017",21.81,82.88,4.91,0,23.75,1
Bengaluru,"Tuesday, June 6, 2017",22.93,49.92,4.85,0,23.64,1
Bengaluru,"Wednesday, June 7, 2017",22.94,32.85,7.4,0,23.83,1
Bengaluru,"Thursday, June 8, 2017",20.75,75.64,3.35,0,23.61,1
Bengaluru,"Friday, June 9, 2017",23.65,82.24,5.32,0,23.79,1
Bengaluru,"Saturday, June 10, 2017",19.78,91.96,7.02,0,23.65,1
Bengaluru,"Monday, June 12, 2017",19.12,65.59,7.04,0,23.68,1
Bengaluru,"Tuesday, June 13, 2017",21.6,100.65,6.02,0,23.7,1
Bengaluru,"Wednesday, June 14, 2017",19.77,95.84,6.27,0,23.66,1
Bengaluru,"Thursday, June 15, 2017",24.56,112.8,7.97,0,23.69,1
Bengaluru,"Sunday, June 18, 2017",17.82,92.85,3.68,0,23.74,1
Bengaluru,"Monday, June 19, 2017",16.61,85.76,4.02,0,23.76,1
Bengaluru,"Tuesday, June 20, 2017",24.03,90.54,3.55,0,23.87,1
Bengaluru,"Wednesday, June 21, 2017",19.58,110.37,3.13,0,23.87,1
Bengaluru,"Thursday, June 22, 2017",21.05,71.41,3.57,0,23.97,1
Bengaluru,"Friday, June 23, 2017",24.53,38.64,9.1,0,23.86,1
Bengaluru,"Monday, June 26, 2017",31.13,96.37,12.54,0,31.96,1
Bengaluru,"Saturday, July 8, 2017",313.59,120.31,24.05,0,29.43,1
Bengaluru,"Monday, July 10, 2017",33.44,102.45,13.86,0,32.39,1
Bengaluru,"Tuesday, July 11, 2017",29.38,88.16,17.23,0,30.96,1
Bengaluru,"Wednesday, July 12, 2017",27.64,76.48,12.48,0,27.05,1
Bengaluru,"Thursday, July 13, 2017",28.97,95.74,16.61,0,27.1,1
Bengaluru,"Friday, July 14, 2017",22.68,96.47,13.31,0,26.36,1
Bengaluru,"Saturday, July 15, 2017",22.43,112.32,16.15,0,26.88,1
Bengaluru,"Wednesday, July 19, 2017",16.44,66.58,18.77,0,27.04,1
Bengaluru,"Friday, July 21, 2017",21.53,104.24,15.46,0,26.79,1
Bengaluru,"Saturday, July 22, 2017",20.15,120.48,17.16,0,27.12,1
Bengaluru,"Sunday, July 23, 2017",17.34,117.82,15.55,0,26.75,1
Bengaluru,"Monday, July 24, 2017",24.23,111.03,10.47,0,26.97,1
Bengaluru,"Thursday, July 27, 2017",24.49,95.5,10.99,0,27.03,1
Bengaluru,"Friday, July 28, 2017",21.77,77.97,9.59,0,26.46,1
Bengaluru,"Saturday, July 29, 2017",27.91,88.52,9.68,0,26.99,1
Bengaluru,"Sunday, July 30, 2017",22.36,91.72,11.51,0,26.87,1
Bengaluru,"Monday, July 31, 2017",27.27,90.24,8,0,26.22,1
Bengaluru,"Wednesday, August 2, 2017",20.74,91.07,12.96,0,24.78,1
Bengaluru,"Friday, August 4, 2017",13.74,62.14,10.46,0,24.15,1
Bengaluru,"Wednesday, August 9, 2017",22.31,92.2,14.25,0,24.68,1
Bengaluru,"Thursday, August 10, 2017",14.14,77.12,10.87,0,24.56,1
Bengaluru,"Friday, August 11, 2017",10.11,71.85,14.03,0,24.42,1
Bengaluru,"Monday, August 14, 2017",19.41,115.3,12.81,0,22.95,1
Bengaluru,"Tuesday, August 15, 2017",20.88,68.12,14.75,0,24.17,1
Bengaluru,"Wednesday, August 16, 2017",17.91,60.6,7.34,0,24.61,1
Bengaluru,"Thursday, August 17, 2017",18.42,78.23,5.51,0,24.71,1
Bengaluru,"Friday, August 18, 2017",14.92,57.1,7.89,0,24.69,1
Bengaluru,"Saturday, August 19, 2017",18.66,53.12,9.13,0,24.52,1
Bengaluru,"Sunday, August 20, 2017",10.89,61.8,16.11,0,24.3,1
Bengaluru,"Monday, August 21, 2017",14.53,88.86,11.74,0,24.48,1
Bengaluru,"Tuesday, August 22, 2017",18.87,89.66,11.4,0,24.4,1
Bengaluru,"Wednesday, August 23, 2017",18.18,75.76,9.12,0,24.3,1
Bengaluru,"Thursday, August 24, 2017",59.05,66.25,11.58,0,24.49,1
Bengaluru,"Friday, August 25, 2017",97.97,49.59,8.83,0,24.22,1
Bengaluru,"Saturday, August 26, 2017",14.19,72.62,9.51,0,25.06,1
Bengaluru,"Sunday, August 27, 2017",11.71,48.41,11.76,0,24.2,1
Bengaluru,"Monday, August 28, 2017",17.58,89.92,15.21,0,24.36,1
Bengaluru,"Tuesday, August 29, 2017",16.33,100.74,15.67,0,24.61,1
Bengaluru,"Wednesday, August 30, 2017",20.42,90.87,10.24,0,24.58,1
Bengaluru,"Thursday, August 31, 2017",24.96,111.68,7.86,0,24.78,1
Bengaluru,"Sunday, September 3, 2017",14.2,59.94,16.73,0,24.2,1
Bengaluru,"Tuesday, September 12, 2017",17.48,104.51,16.21,0,25.28,1
Bengaluru,"Wednesday, September 13, 2017",16.5,108.42,12.07,0,24.62,1
Bengaluru,"Thursday, September 14, 2017",14.05,90.68,9.17,0,24.2,1
Bengaluru,"Friday, September 15, 2017",8.58,71.81,11.34,0,25.08,1
Bengaluru,"Saturday, September 16, 2017",8.49,92.8,11.49,0,24.21,1
Bengaluru,"Sunday, September 17, 2017",7.02,52.78,12.3,0,23.37,1
Bengaluru,"Monday, September 18, 2017",8.57,66.31,8.79,0,23.92,1
Bengaluru,"Tuesday, September 19, 2017",7.68,87.05,8.76,0,23.97,1
Bengaluru,"Wednesday, September 20, 2017",10.21,81.53,6.9,0,24.05,1
Bengaluru,"Thursday, September 21, 2017",12.64,80.51,7.32,0,24.04,1
Bengaluru,"Friday, September 22, 2017",17.93,80.49,6.28,0,24.05,1
Bengaluru,"Thursday, September 28, 2017",21.59,90.26,4.57,0,21.83,1
Bengaluru,"Friday, September 29, 2017",22.36,71.25,7.58,0,23.84,1
Bengaluru,"Saturday, September 30, 2017",30.65,68.52,7.05,0,23.87,1
Bengaluru,"Monday, November 16, 2015",16.03,16.77,3.81,18.74,,1
Bengaluru,"Friday, September 9, 2016",,55.92,8.49,0,,1
Bengaluru,"Saturday, January 28, 2017",10.26,65.08,12.63,0,,1
Bengaluru,"Sunday, January 29, 2017",6.8,59.96,8.71,0,,1
Bengaluru,"Sunday, April 16, 2017",29.02,102.67,5.34,0,,1
Bengaluru,"Sunday, April 30, 2017",13.3,111.3,9.57,0,,1
Bengaluru,"Wednesday, July 5, 2017",,87.64,17.99,0,,1
Bengaluru,"Thursday, July 6, 2017",,79.21,13.97,0,,1
Bengaluru,"Friday, July 7, 2017",,126.74,15.39,0,,1
Bengaluru,"Saturday, August 12, 2017",3.91,61.7,12.54,0,,1
Bengaluru,"Sunday, August 13, 2017",4.69,116.59,16.42,,,1
Bengaluru,"Sunday, September 10, 2017",14.52,93.49,31.66,0,,1
Bengaluru,"Monday, September 11, 2017",15.27,115.56,24.71,0,,1
Bengaluru,"Saturday, December 16, 2017",75.91,63.26,12.88,29.85,,1
Bengaluru,"Sunday, December 17, 2017",79.75,69.56,12.25,31.65,,1
Bengaluru,"Monday, December 18, 2017",84.85,81.51,13.94,39.92,,1
Bengaluru,"Monday, February 12, 2018",27.9,88.93,5.34,15.02,,1
Bengaluru,"Tuesday, February 13, 2018",30.53,55.15,3.37,12.96,,1
Bengaluru,"Wednesday, February 14, 2018",32.43,68.55,3.69,13.54,,1
Bengaluru,"Thursday, February 15, 2018",30.19,59.31,3.96,15.35,,1
Bengaluru,"Friday, February 16, 2018",29.62,53.91,6.66,22.24,,1
Bengaluru,"Sunday, February 18, 2018",27.53,64.77,3.13,15.17,,1
Bengaluru,"Monday, February 19, 2018",28.6,62.32,3.48,17.17,,1
Bengaluru,"Tuesday, February 20, 2018",28.89,66.18,2.78,16.61,,1
Bengaluru,"Wednesday, February 21, 2018",34.62,79.69,5.45,20.66,,1
Bengaluru,"Thursday, February 22, 2018",37.13,64.91,7.04,26.13,,1
Bengaluru,"Friday, February 23, 2018",34.6,71.15,3.84,19.82,,1
Bengaluru,"Saturday, February 24, 2018",26.41,56.42,3.63,15.15,,1
Bengaluru,"Sunday, February 25, 2018",21.87,33.81,3.17,13.05,,1
Bengaluru,"Monday, February 26, 2018",21.31,25.9,7.96,23.09,,1
Bengaluru,"Tuesday, February 27, 2018",23.35,30.13,7.4,20.8,,1
Bengaluru,"Wednesday, February 28, 2018",29.3,56.03,7.13,25.1,,1
Bengaluru,"Thursday, March 1, 2018",29.48,99.47,4.8,20.33,,1
Bengaluru,"Friday, March 2, 2018",30.38,116.47,4.88,21.33,,1
Bengaluru,"Saturday, March 3, 2018",38.39,121.49,6.26,26.83,,1
Bengaluru,"Sunday, March 4, 2018",36.56,128.58,3.02,31.34,,1
Bengaluru,"Monday, March 5, 2018",30.79,94.71,7.78,39.95,,1
Bengaluru,"Tuesday, March 6, 2018",32.09,109.19,5.78,29.06,,1
Bengaluru,"Wednesday, March 7, 2018",33.88,114.17,3.4,19.18,,1
Bengaluru,"Thursday, March 8, 2018",41.37,125.36,4.18,19.49,,1
Bengaluru,"Saturday, March 10, 2018",59.82,143.26,4.32,25.26,,1
Bengaluru,"Sunday, March 11, 2018",45.19,123.62,2.76,20.37,,1
Bengaluru,"Tuesday, March 13, 2018",20.49,63.71,4.21,13.79,,1
Bengaluru,"Wednesday, March 14, 2018",29.23,85.74,3.6,15.38,,1
Bengaluru,"Thursday, March 15, 2018",26.46,54.8,8.41,17.84,,1
Bengaluru,"Friday, March 16, 2018",19.13,33.54,7.07,15.29,,1
Bengaluru,"Saturday, March 17, 2018",23.01,33.85,5.6,22.16,,1
Bengaluru,"Sunday, March 18, 2018",20.75,33.52,3.76,25.18,,1
Bengaluru,"Monday, March 19, 2018",31.94,57.31,4.22,28.1,,1
Bengaluru,"Tuesday, March 20, 2018",43.91,70.07,4.42,34.02,,1
Bengaluru,"Wednesday, March 21, 2018",42.72,98.38,3.75,31.3,,1
Bengaluru,"Thursday, March 22, 2018",31.78,176.51,19.92,38.75,,1
Bengaluru,"Saturday, March 24, 2018",37.72,141.77,4.06,28.5,,1
Bengaluru,"Sunday, March 25, 2018",38.84,113.42,4.49,47.05,,1
Bengaluru,"Monday, March 26, 2018",,94.3,6.77,31.84,,1
Bengaluru,"Tuesday, March 27, 2018",19.85,72.36,7.68,23.6,,1
Bengaluru,"Thursday, March 29, 2018",,129.91,6.31,41.75,,1
Bengaluru,"Friday, March 30, 2018",,126.18,3.64,34.17,,1
Bengaluru,"Saturday, March 31, 2018",,95.37,3.67,27.21,,1
Bengaluru,"Sunday, April 1, 2018",,112.89,3.56,17.49,,1
Bengaluru,"Monday, April 2, 2018",,96.92,5.94,31.9,,1
Bengaluru,"Tuesday, April 3, 2018",,100.63,9.49,49.37,,1
Bengaluru,"Wednesday, April 4, 2018",,106.41,5.83,45.2,,1
Bengaluru,"Thursday, April 5, 2018",,114.6,5.13,51.07,,1
Bengaluru,"Friday, April 6, 2018",,108.71,7.27,55.02,,1
Bengaluru,"Saturday, April 7, 2018",,109.09,4.89,33.33,,1
Bengaluru,"Sunday, April 8, 2018",,94.63,4.36,12.97,,1
Bengaluru,"Monday, April 9, 2018",,67.05,5.04,10.6,,1
Bengaluru,"Tuesday, April 10, 2018",,64.9,6.41,36.05,,1
Bengaluru,"Wednesday, April 11, 2018",,63.33,4.66,43.24,,1
Bengaluru,"Thursday, April 12, 2018",,64.13,5.74,39.18,,1
Bengaluru,"Friday, April 13, 2018",28.96,57.17,5.8,41.42,,1
Bengaluru,"Thursday, April 19, 2018",47.67,79.33,4.34,18.62,,1
Bengaluru,"Friday, May 18, 2018",43.05,124.39,13.78,27.53,,1
Bengaluru,"Sunday, May 20, 2018",47.83,66.81,3.31,10.96,,1
Bengaluru,"Monday, May 21, 2018",52.64,58.23,8.66,19.8,,1
Bengaluru,"Tuesday, May 22, 2018",59.24,71.88,5.24,20.95,,1
Bengaluru,"Wednesday, May 23, 2018",62.6,84.46,7.04,26.25,,1
Bengaluru,"Thursday, May 24, 2018",35.4,65.64,6.35,21.18,,1
Bengaluru,"Friday, May 25, 2018",46.14,64.28,7.52,21.53,,1
Bengaluru,"Saturday, May 26, 2018",33.64,43.62,13.58,26.53,,1
Bengaluru,"Sunday, May 27, 2018",41.73,52.37,11.87,27.37,,1
Bengaluru,"Monday, May 28, 2018",29.29,48.38,6.2,18.11,,1
Bengaluru,"Tuesday, May 29, 2018",16.92,27.94,6.37,17.52,,1
Bengaluru,"Wednesday, May 30, 2018",35.67,38.75,6.7,16.18,,1
Bengaluru,"Monday, June 4, 2018",23.35,28.86,8.65,16.36,,1
Bengaluru,"Tuesday, June 5, 2018",25.5,22.18,8.03,15.62,,1
Bengaluru,"Wednesday, June 6, 2018",22.77,27.69,7.8,15.45,,1
Bengaluru,"Thursday, June 7, 2018",25.27,31.71,9.77,17.37,,1
Bengaluru,"Saturday, June 9, 2018",19.32,26.98,9.68,16.88,,1
Bengaluru,"Sunday, June 10, 2018",18.93,28.7,13.55,20.16,,1
Bengaluru,"Monday, June 11, 2018",23.76,34.25,10.26,18.29,,1
Bengaluru,"Thursday, June 14, 2018",31.79,35.64,10.85,20.84,,1
Mumbai,"Thursday, April 26, 2018",25.5,58.53,73.45,110.9,,1
Bengaluru,"Sunday, November 15, 2015",42.23,59.94,2.83,16.26,,4
Bengaluru,"Friday, January 15, 2016",42.84,160.87,11.69,34.73,,0
Bengaluru,"Thursday, February 18, 2016",54.56,138.17,10.56,17.74,,0
Bengaluru,"Saturday, May 14, 2016",33.05,52.87,22.08,28.58,,6
Bengaluru,"Sunday, May 15, 2016",28.39,46.27,4.27,9.25,,4
Bengaluru,"Monday, August 8, 2016",,38.47,2.9,13.83,,0
Bengaluru,"Tuesday, August 9, 2016",,38.09,2.87,13.08,,0
Bengaluru,"Monday, September 12, 2016",,62.86,5.69,0,,0
Bengaluru,"Sunday, September 18, 2016",30.9,80.19,7.57,0,,0
Bengaluru,"Sunday, September 25, 2016",10.22,131.33,5.23,0,,2
Bengaluru,"Tuesday, September 27, 2016",17.1,105.03,4.98,0,,3
Bengaluru,"Wednesday, October 19, 2016",44.05,191.47,17.12,0,,5
Bengaluru,"Sunday, January 1, 2017",20.13,105.61,7.33,0,,2
Bengaluru,"Wednesday, April 12, 2017",50.84,84.95,6.35,0,,2
Bengaluru,"Tuesday, July 4, 2017",,82.18,20.75,0,,0
Bengaluru,"Saturday, November 25, 2017",17.81,81.86,15.43,34.88,,0
Bengaluru,"Sunday, November 26, 2017",15.67,69.67,15.31,33.72,,0
Bengaluru,"Monday, November 27, 2017",10.7,57.05,16.9,34.14,,0
Bengaluru,"Tuesday, November 28, 2017",11.46,65.13,15.56,34.51,,0
Bengaluru,"Wednesday, November 29, 2017",197.41,64.65,11.01,26.59,,0
Bengaluru,"Thursday, November 30, 2017",74.5,36.84,10.38,22.72,,0
Bengaluru,"Friday, December 1, 2017",1.76,19.23,8.52,21.32,,0
Bengaluru,"Saturday, December 2, 2017",1.72,53.35,8.64,23.42,,0
Bengaluru,"Sunday, December 3, 2017",32.42,69.73,13.43,29.32,,0
Bengaluru,"Monday, December 4, 2017",18.72,71.86,13.35,30.26,,0
Bengaluru,"Tuesday, December 5, 2017",11.27,63.98,12.38,25.19,,0
Bengaluru,"Tuesday, January 9, 2018",28.74,76.89,6.83,22.08,,24
Bengaluru,"Saturday, February 17, 2018",32.11,70.68,8.19,23.18,,2
Bengaluru,"Friday, March 9, 2018",59.48,133.95,12.31,31.65,,2
Bengaluru,"Monday, March 12, 2018",35.82,105.52,3.16,16.54,,0
Bengaluru,"Friday, March 23, 2018",40.18,136.77,27.3,50.12,,2
Bengaluru,"Saturday, April 14, 2018",,60.06,4.67,35.53,,0
Bengaluru,"Sunday, April 15, 2018",,57.83,3.99,17.16,,0
Bengaluru,"Monday, April 16, 2018",30.43,55,5.41,12.56,,0
Bengaluru,"Tuesday, April 17, 2018",32.38,61.9,7.83,32.3,,0
Bengaluru,"Wednesday, April 18, 2018",36.4,69.46,6.2,35.66,,0
Bengaluru,"Friday, April 20, 2018",36.52,60.94,8.43,27.12,,2
Bengaluru,"Saturday, April 21, 2018",33.4,84.17,7.43,41.59,,2
Bengaluru,"Sunday, April 22, 2018",33.42,75.88,3.64,23.46,,2
Bengaluru,"Monday, April 23, 2018",41.19,60.47,4.23,22.84,,2
Bengaluru,"Tuesday, April 24, 2018",42.62,77.31,6.45,24.4,,2
Bengaluru,"Wednesday, April 25, 2018",42.99,58.32,9.48,29.28,,3
Bengaluru,"Saturday, May 19, 2018",45.09,94.78,17.64,34.28,,2
Bengaluru,"Thursday, May 31, 2018",33.16,41.38,7.15,17.21,,3
Bengaluru,"Friday, June 1, 2018",42.07,60.8,8.89,19.15,,2
Bengaluru,"Saturday, June 2, 2018",44.47,54.34,10.58,24.13,,2
Bengaluru,"Sunday, June 3, 2018",38.79,29.26,7.51,15.78,,2
Bengaluru,"Tuesday, June 12, 2018",23.78,48.19,9.05,15.48,,2
Bengaluru,"Wednesday, June 13, 2018",27.34,48.59,10.17,18.48,,2
Delhi,"Tuesday, September 12, 2017",46.65,103.84,17.92,10.14,,0
Delhi,"Wednesday, September 13, 2017",54.77,143.16,25.08,5.71,,0
Bengaluru,"Tuesday, November 17, 2015",,8.22,4.89,20.54,,
Bengaluru,"Friday, June 3, 2016",,33.69,2.59,6.67,,
Bengaluru,"Saturday, June 4, 2016",,28.67,2.41,6.86,,
Bengaluru,"Sunday, June 5, 2016",,32.38,2.18,5.85,,
Bengaluru,"Monday, June 6, 2016",,21.86,2.14,5.56,,
Bengaluru,"Tuesday, June 7, 2016",,20.31,2.6,7.43,,
Bengaluru,"Wednesday, June 8, 2016",,19.38,2.25,5.99,,
Bengaluru,"Thursday, June 9, 2016",,20.5,2.23,6.3,,
Bengaluru,"Friday, June 10, 2016",,19.97,2.3,6.41,,
Bengaluru,"Saturday, June 11, 2016",,21.74,2.11,6.31,,
Bengaluru,"Sunday, June 12, 2016",,24.12,2.01,5.6,,
Bengaluru,"Monday, June 13, 2016",,23.79,2.28,6.27,,
Bengaluru,"Tuesday, June 14, 2016",,23.6,2.62,7.99,,
Bengaluru,"Wednesday, June 15, 2016",,38.42,2.47,8.67,,
Bengaluru,"Thursday, June 16, 2016",,27.07,2.27,6.81,,
Bengaluru,"Saturday, July 16, 2016",,33.87,13.06,25.12,,
Bengaluru,"Saturday, July 23, 2016",,56.61,11.65,17.82,,
Bengaluru,"Friday, August 5, 2016",,34.42,3.89,8.79,,
Bengaluru,"Sunday, October 2, 2016",,102.73,14.91,0,,
Bengaluru,"Monday, October 3, 2016",,122.73,12.34,0,,
Bengaluru,"Sunday, October 16, 2016",32.41,155.04,20.35,0,,
Bengaluru,"Sunday, January 22, 2017",,102.7,17.23,0,,
Bengaluru,"Sunday, December 31, 2017",18.29,59.11,11.9,24.62,,
Bengaluru,"Monday, January 1, 2018",38.06,74.54,9.91,22.62,,
Bengaluru,"Tuesday, January 2, 2018",35.12,78.63,7.16,21.46,,
Bengaluru,"Wednesday, January 3, 2018",28.84,69.71,9.57,25.24,,
Bengaluru,"Thursday, January 4, 2018",24.57,80.05,6.77,25.4,,
Bengaluru,"Friday, January 5, 2018",24.31,93.29,7.99,27.28,,
Bengaluru,"Saturday, January 6, 2018",30.02,94.22,7.64,26.54,,
Bengaluru,"Sunday, January 7, 2018",40.05,94.39,8.23,24.43,,
Bengaluru,"Monday, January 8, 2018",34.88,77.23,5.06,24.61,,
Mumbai,"Tuesday, May 8, 2018",18.07,48.8,34.2,64.12,,
Mumbai,"Wednesday, May 9, 2018",18.55,62.07,34.5,63.4,,
Mumbai,"Thursday, May 10, 2018",22.57,67.03,22.38,45.81,,
Mumbai,"Friday, May 11, 2018",23.57,71.8,21.08,46.8,,
Mumbai,"Saturday, May 12, 2018",31.18,91.26,15.99,36.18,,
Mumbai,"Sunday, May 13, 2018",24.22,79.1,36.41,66.43,,
Mumbai,"Monday, May 14, 2018",21.81,44.13,16.06,34.55,,
Mumbai,"Tuesday, May 15, 2018",14.93,52.51,15.19,33.43,,
Mumbai,"Wednesday, May 16, 2018",17.86,45.85,15.68,36.02,,
Mumbai,"Thursday, May 17, 2018",24.73,74.2,14.94,33.18,,
Mumbai,"Friday, May 18, 2018",24.09,72.98,26.7,53.35,,
Mumbai,"Saturday, May 19, 2018",23.97,88.35,25.5,49.3,,
Mumbai,"Sunday, May 20, 2018",20.7,81.14,26.5,48.48,,
Mumbai,"Monday, May 21, 2018",19.01,79.33,14.42,34.1,,
Mumbai,"Tuesday, May 22, 2018",21.85,89.75,22.2,47.43,,
Mumbai,"Wednesday, May 23, 2018",24.32,93.09,14.02,31.4,,
Mumbai,"Thursday, May 24, 2018",22.76,88.41,,28.02,,
Mumbai,"Friday, May 25, 2018",15.38,56.32,,23.02,,
Mumbai,"Saturday, May 26, 2018",18.58,66.74,,24.14,,
Mumbai,"Sunday, May 27, 2018",15.53,18.64,,27.73,,
Mumbai,"Saturday, June 16, 2018",17.02,57.08,,106,,
Mumbai,"Sunday, June 17, 2018",16.94,70.7,,111.55,,
Mumbai,"Monday, June 18, 2018",10.87,31.4,30.83,74.79,,
Mumbai,"Tuesday, June 19, 2018",15.87,43.53,30.34,57.08,,
Mumbai,"Wednesday, June 20, 2018",25.71,97.45,34.53,54.28,,
Mumbai,"Thursday, June 21, 2018",22.86,82.67,12.38,21.72,,
Mumbai,"Friday, June 22, 2018",18.09,70.66,11.86,19.87,,
Mumbai,"Saturday, June 23, 2018",17.52,61.23,41.22,63.92,,
Mumbai,"Sunday, June 24, 2018",10.53,41.27,28.12,49.82,,
Mumbai,"Monday, June 25, 2018",13.38,55.71,13.15,22.96,,
Mumbai,"Tuesday, June 26, 2018",22.06,75.33,14.66,21.95,,
Mumbai,"Wednesday, June 27, 2018",18.54,71,12.86,24.8,,
Mumbai,"Thursday, June 28, 2018",19.38,56.8,37.79,66.97,,
Mumbai,"Friday, June 29, 2018",18.39,67.13,58.8,82.36,,
Mumbai,"Saturday, June 30, 2018",16.59,66.72,28.83,49.77,,
Mumbai,"Sunday, July 1, 2018",13,48.23,28.19,49.41,,
Mumbai,"Monday, July 2, 2018",13.78,48.89,30.97,53.06,,
Mumbai,"Tuesday, July 3, 2018",18.5,65.24,37.75,63.13,,
Mumbai,"Wednesday, July 4, 2018",14.71,52.86,11.34,24.63,,
Mumbai,"Thursday, July 5, 2018",14.11,73.45,11.07,24.39,,
Mumbai,"Friday, July 6, 2018",14.53,70.33,10.98,26.52,,
Mumbai,"Saturday, July 7, 2018",12.84,56.35,17.38,38.35,,
Mumbai,"Monday, July 9, 2018",12.96,38.84,48.72,130.77,,
Mumbai,"Tuesday, July 10, 2018",12.8,46.86,13.53,32.94,,
Mumbai,"Wednesday, July 11, 2018",18.15,71.77,10.39,26.73,,
Mumbai,"Thursday, July 12, 2018",15.31,69.04,10.59,26.92,,
Mumbai,"Friday, July 13, 2018",14.72,82.21,11.01,28.4,,
Mumbai,"Saturday, July 14, 2018",19.26,93.35,10.72,26.96,,
Mumbai,"Sunday, July 15, 2018",13.43,89.58,9.86,25.24,,
Mumbai,"Monday, July 16, 2018",15.67,77.37,10.53,26.96,,
Mumbai,"Tuesday, July 17, 2018",16.43,72.12,10.75,27.14,,
Mumbai,"Wednesday, July 18, 2018",23.32,60.58,9.09,26.75,,
Mumbai,"Thursday, July 19, 2018",46.76,73.6,4.55,19.23,,
Mumbai,"Friday, July 20, 2018",16.52,67.74,10.53,28.85,,
Mumbai,"Saturday, July 21, 2018",15,65.59,10.13,27.11,,
Mumbai,"Sunday, July 22, 2018",15.37,58.9,10.26,26.61,,
Mumbai,"Monday, July 23, 2018",14.24,56.91,11.01,28.31,,
Mumbai,"Tuesday, July 24, 2018",15.24,53.79,13.13,29.31,,
Mumbai,"Wednesday, July 25, 2018",16.28,54.45,12.84,27.38,,
Mumbai,"Thursday, July 26, 2018",15.88,62.28,16.02,29.75,,
Mumbai,"Friday, July 27, 2018",13.23,52.16,13.76,26.17,,
Mumbai,"Saturday, July 28, 2018",14.11,53.33,15.2,27.95,,
Mumbai,"Sunday, July 29, 2018",13.39,52.3,18.68,32.49,,
Mumbai,"Monday, July 30, 2018",15.45,50.4,14.19,25.84,,
Mumbai,"Tuesday, July 31, 2018",16.22,61.49,8.42,24.25,,
Mumbai,"Wednesday, August 1, 2018",14.71,65.57,8.07,23.54,,
Mumbai,"Thursday, August 2, 2018",14.87,56.31,11.9,45.5,,
Mumbai,"Friday, August 3, 2018",17.72,48.66,12.25,58.01,,
Mumbai,"Saturday, August 4, 2018",10.36,44.69,12.66,27.66,,
Mumbai,"Sunday, August 5, 2018",9.21,41.44,15.48,37.71,,
Mumbai,"Monday, August 6, 2018",11.21,43.37,16.13,30.76,,
Mumbai,"Tuesday, August 7, 2018",12.65,51.97,14.45,34.7,,
Mumbai,"Wednesday, August 8, 2018",13.33,54.43,12.68,32.78,,
Mumbai,"Thursday, August 9, 2018",11.61,46.49,13.13,44.92,,
Mumbai,"Friday, August 10, 2018",12.59,48.67,13.29,33.44,,
Mumbai,"Saturday, August 11, 2018",11.7,40.69,14.08,35.26,,
Mumbai,"Sunday, August 12, 2018",9.7,42.34,12.42,33.28,,
Mumbai,"Monday, August 13, 2018",12.94,45.15,13.18,30.93,,
Mumbai,"Tuesday, August 14, 2018",80.13,64.24,15.43,36.28,,
Mumbai,"Wednesday, August 15, 2018",26.83,90.14,16.22,38.26,,
Mumbai,"Thursday, August 16, 2018",26.49,91.07,15.76,38,,
Mumbai,"Friday, August 17, 2018",23.72,74.6,14.51,35.6,,
Mumbai,"Saturday, August 18, 2018",24.15,73.99,16.42,40.06,,
Mumbai,"Sunday, August 19, 2018",22.94,84.4,15.52,34.74,,
Mumbai,"Monday, August 20, 2018",26.68,75.24,17.67,38.63,,
Mumbai,"Tuesday, August 21, 2018",30.76,69.36,18.75,43.35,,
Mumbai,"Wednesday, August 22, 2018",25.47,61.36,14.19,36.26,,
Mumbai,"Thursday, August 23, 2018",23.11,62.32,16.75,43.6,,
Mumbai,"Friday, August 24, 2018",18.94,53.7,14.7,41.59,,
Mumbai,"Saturday, August 25, 2018",25.28,55.95,14.09,40.23,,
Mumbai,"Sunday, August 26, 2018",23.62,54.02,14.61,39.51,,
Mumbai,"Monday, August 27, 2018",26.46,65.51,36.47,66.89,,
Mumbai,"Tuesday, August 28, 2018",30.97,75.3,22.59,55.98,,
Mumbai,"Wednesday, August 29, 2018",28.58,70.91,10.63,43.09,,
Mumbai,"Thursday, August 30, 2018",26.49,67.74,9.12,40.48,,
Mumbai,"Friday, August 31, 2018",25.69,61.92,12.02,41.33,,
Mumbai,"Saturday, September 1, 2018",28.24,71.66,14.73,42.45,,
Mumbai,"Sunday, September 2, 2018",24.03,56.21,13.42,39.41,,
Mumbai,"Monday, September 3, 2018",26.35,57.69,15.1,38.61,,
Mumbai,"Tuesday, September 4, 2018",23.49,54.7,17.67,38.38,,
Mumbai,"Wednesday, September 5, 2018",22.67,56.3,13.13,37.66,,
Mumbai,"Thursday, September 6, 2018",25.5,60.73,10.1,35.96,,
Mumbai,"Friday, September 7, 2018",27.31,67.46,14.55,46.03,,
Mumbai,"Saturday, September 8, 2018",26.77,64.56,13.03,43.35,,
Mumbai,"Sunday, September 9, 2018",24.28,67.13,18.89,49.99,,
Mumbai,"Monday, September 10, 2018",21.84,63.71,55.28,80.08,,
Mumbai,"Tuesday, September 11, 2018",26.76,72.02,51.88,74.94,,
Mumbai,"Wednesday, September 12, 2018",21.64,53.58,31.75,53.21,,
Mumbai,"Thursday, September 13, 2018",19.28,48.32,34.93,56.14,,
Mumbai,"Friday, September 14, 2018",23.52,57.14,37.65,60.46,,
Mumbai,"Saturday, September 15, 2018",22.09,67.31,31.31,56.08,,
Mumbai,"Sunday, September 16, 2018",25.6,76.8,29.74,55.42,,
Mumbai,"Monday, September 17, 2018",20.37,68,27.73,49.61,,
Mumbai,"Tuesday, September 18, 2018",25.51,78.16,30.13,52.76,,
Mumbai,"Wednesday, September 19, 2018",17.68,55.13,20.54,44.02,,
Mumbai,"Thursday, September 20, 2018",25.44,91.8,33.4,59.59,,
Mumbai,"Friday, September 21, 2018",42.73,114.46,38.25,66.41,,
Mumbai,"Saturday, September 22, 2018",31.22,59.71,16.24,38.19,,
Mumbai,"Sunday, September 23, 2018",35.95,66.06,22.8,48.11,,
Mumbai,"Monday, September 24, 2018",33.06,70.44,33.91,57.89,,
Mumbai,"Tuesday, September 25, 2018",33.86,77.88,26.2,51.09,,
Mumbai,"Wednesday, September 26, 2018",32.52,71.2,22.16,51.22,,
Mumbai,"Thursday, September 27, 2018",37.21,76.15,40.21,73.08,,
Mumbai,"Friday, September 28, 2018",44.86,107.68,51.26,88.2,,
Mumbai,"Saturday, September 29, 2018",44.05,112.39,41.92,73.78,,
Mumbai,"Sunday, September 30, 2018",54.77,141.2,44.46,76.87,,
Mumbai,"Monday, October 1, 2018",49.35,130.79,40.14,71.83,,
Mumbai,"Tuesday, October 2, 2018",49.52,116.69,44.32,81.23,,
Mumbai,"Wednesday, October 3, 2018",50.87,122.42,25.36,59.36,,
Mumbai,"Thursday, October 4, 2018",43.4,99.57,23.44,53.24,,
Mumbai,"Friday, October 5, 2018",42.12,103.91,33.2,63.09,,
Mumbai,"Saturday, October 6, 2018",48.16,122.98,39.6,69.14,,
Mumbai,"Sunday, October 7, 2018",54.76,118.68,30.75,62.43,,
Mumbai,"Monday, October 8, 2018",48.6,106.14,24.79,55.91,,
Mumbai,"Tuesday, October 9, 2018",45.06,100.44,22.78,47.6,,
Mumbai,"Wednesday, October 10, 2018",42.82,100.02,31.63,57.87,,
Mumbai,"Thursday, October 11, 2018",34.35,89.58,37.28,58.63,,
Mumbai,"Friday, October 12, 2018",44.57,118.82,35.41,66.67,,
Mumbai,"Saturday, October 13, 2018",54.92,167.05,37.1,65.19,,
Mumbai,"Sunday, October 14, 2018",48.18,166.65,43.01,73.09,,
Mumbai,"Monday, October 15, 2018",49.42,153.48,47.95,80.26,,
Mumbai,"Tuesday, October 16, 2018",54.25,158.76,48.94,82.26,,
Mumbai,"Wednesday, October 17, 2018",46.14,129.95,44.23,75.79,,
Mumbai,"Thursday, October 18, 2018",26.07,71.72,42.65,71.72,,
Mumbai,"Friday, October 19, 2018",49.65,137.14,37.8,62.56,,
Mumbai,"Saturday, October 20, 2018",48.89,120.56,31.76,57.87,,
Mumbai,"Monday, October 22, 2018",65.55,158.76,32.18,51.33,,
Mumbai,"Tuesday, October 23, 2018",30.7,91.46,33.47,51.91,,
Mumbai,"Wednesday, October 24, 2018",45.04,153.14,41.17,60.86,,
Mumbai,"Thursday, October 25, 2018",52.53,166.96,45.57,65.11,,
Mumbai,"Friday, October 26, 2018",39.38,115.93,35.15,54.67,,
Mumbai,"Saturday, October 27, 2018",54,172.6,40.88,62.35,,
Mumbai,"Monday, October 29, 2018",34.62,96.44,29.83,56.17,,
Mumbai,"Tuesday, October 30, 2018",36.32,109.1,48.67,86.04,,
Mumbai,"Wednesday, October 31, 2018",41.76,111.56,36.52,75.41,,
Mumbai,"Thursday, November 1, 2018",49.85,138.28,66.92,127.38,,
Mumbai,"Friday, November 2, 2018",41.8,120.59,61.25,119.9,,
Mumbai,"Saturday, November 3, 2018",40.22,100.16,50.57,101.3,,
Mumbai,"Sunday, November 4, 2018",37.39,78.33,27.56,57.99,,
Mumbai,"Monday, November 5, 2018",34.93,68.37,29.87,65.45,,
Mumbai,"Tuesday, November 6, 2018",65.23,152.2,52.23,93.55,,
Mumbai,"Wednesday, November 7, 2018",67.63,164.86,107.2,164.12,,
Mumbai,"Thursday, November 8, 2018",130.47,276.46,75.54,142.85,,
Mumbai,"Friday, November 9, 2018",93.59,222.33,94.43,144.47,,
Mumbai,"Saturday, November 10, 2018",122.18,272.19,128.76,168.54,,
Mumbai,"Sunday, November 11, 2018",63.69,157.26,104.41,150.06,,
Mumbai,"Monday, November 12, 2018",56.06,149.49,72.48,117.3,,
Mumbai,"Tuesday, November 13, 2018",51.04,133.23,27.94,58.83,,
Mumbai,"Wednesday, November 14, 2018",48.02,132.29,52.75,90.14,,
Mumbai,"Thursday, November 15, 2018",49.79,132.08,52.43,101.75,,
Mumbai,"Friday, November 16, 2018",51.3,136.44,64.48,124.09,,
Mumbai,"Saturday, November 17, 2018",56.72,152.93,79.32,136.18,,
Mumbai,"Sunday, November 18, 2018",65.09,171.12,63.09,105.25,,
Mumbai,"Tuesday, November 20, 2018",73.29,177.92,13.2,37.89,,
Mumbai,"Thursday, November 22, 2018",64.04,152.7,42.26,152.42,,
Mumbai,"Friday, November 23, 2018",48.49,112.45,38.46,87.21,,
Mumbai,"Saturday, November 24, 2018",48.76,141.23,46.23,84.87,,
Mumbai,"Sunday, November 25, 2018",51.75,171.43,55.21,94.35,,
Mumbai,"Monday, November 26, 2018",63.19,179.98,57.34,96,,
Mumbai,"Tuesday, November 27, 2018",57.74,161.37,47.61,97.62,,
Mumbai,"Wednesday, November 28, 2018",55.7,175.73,47.11,96.93,,
Mumbai,"Thursday, November 29, 2018",53.71,170.39,44.84,84.16,,
Mumbai,"Friday, November 30, 2018",56.87,175.08,40.31,77.61,,
Mumbai,"Saturday, December 1, 2018",62.05,196.83,47.03,88.2,,
Mumbai,"Sunday, December 2, 2018",62.82,202.58,46.9,83.02,,
Mumbai,"Monday, December 3, 2018",76.86,215.08,38.47,81.73,,
Mumbai,"Tuesday, December 4, 2018",65.54,187.09,54.68,115.22,,
Mumbai,"Wednesday, December 5, 2018",72.91,201.08,81.97,150.46,,
Mumbai,"Thursday, December 6, 2018",70.04,170.19,64.5,120.51,,
Mumbai,"Friday, December 7, 2018",54.61,165.03,44.06,86.97,,
Mumbai,"Saturday, December 8, 2018",63.47,193.53,47.32,94.1,,
Mumbai,"Sunday, December 9, 2018",56.9,169.94,28.22,72.16,,
Mumbai,"Monday, December 10, 2018",51.82,151.5,21.34,66.57,,
Mumbai,"Tuesday, December 11, 2018",49.73,154.09,27.81,93.04,,
Mumbai,"Wednesday, December 12, 2018",38.67,121.78,32.36,89.14,,
Mumbai,"Thursday, December 13, 2018",50.03,142.34,28.34,89.36,,
Mumbai,"Friday, December 14, 2018",61.98,148.08,47.78,97.88,,
Mumbai,"Saturday, December 15, 2018",57.49,159.6,40.58,84.54,,
Mumbai,"Sunday, December 16, 2018",56.54,155.32,30.17,66.74,,
Mumbai,"Monday, December 17, 2018",50.82,135.22,36.94,67.63,,
Mumbai,"Tuesday, December 18, 2018",63.59,165.21,58.47,105.66,,
Mumbai,"Wednesday, December 19, 2018",66.38,141.73,45.93,152.15,,
Mumbai,"Thursday, December 20, 2018",50.75,130.15,34.57,104.68,,
Mumbai,"Friday, December 21, 2018",52.93,143.39,37.82,103.29,,
Mumbai,"Saturday, December 22, 2018",74.39,180.07,80.57,154.21,,
Mumbai,"Sunday, December 23, 2018",92.96,192.28,85.85,149.03,,
Mumbai,"Monday, December 24, 2018",96.74,221.61,68.31,128.11,,
Mumbai,"Tuesday, December 25, 2018",88.48,203,70.22,107.87,,
Mumbai,"Wednesday, December 26, 2018",68.03,137.58,32.12,80.71,,
Mumbai,"Thursday, December 27, 2018",67.26,133.78,43.87,93.15,,
Mumbai,"Friday, December 28, 2018",69.88,152.97,56.22,108.22,,
Mumbai,"Saturday, December 29, 2018",65.85,137.97,58.08,127.32,,
Mumbai,"Sunday, December 30, 2018",81.14,159.39,76.01,142.56,,
Mumbai,"Monday, December 31, 2018",81.34,185.04,70.64,160.67,,
Mumbai,"Tuesday, January 1, 2019",79.78,221.85,62.98,129.08,,
Mumbai,"Wednesday, January 2, 2019",80.41,232.04,82.29,146.33,,
Mumbai,"Thursday, January 3, 2019",103.76,295.76,83.94,142.66,,
Mumbai,"Friday, January 4, 2019",84.61,250.62,80.09,139.85,,
Mumbai,"Saturday, January 5, 2019",75.92,216.49,61.9,126.48,,
Mumbai,"Sunday, January 6, 2019",81.14,233.06,49.18,109.19,,
Mumbai,"Monday, January 7, 2019",52.78,164.07,41.1,99.42,,
Mumbai,"Tuesday, January 8, 2019",57.44,177.25,54.09,111.08,,
Mumbai,"Wednesday, January 9, 2019",71.68,199.89,57.69,106.29,,
Mumbai,"Thursday, January 10, 2019",84.32,250.65,70.11,120.77,,
Mumbai,"Friday, January 11, 2019",85.51,240.04,77.9,124.97,,
Mumbai,"Saturday, January 12, 2019",76.86,237.89,55.52,102.22,,
Mumbai,"Sunday, January 13, 2019",75.79,235.95,63,98.42,,
Mumbai,"Monday, January 14, 2019",66.32,191.3,37.01,81.05,,
Mumbai,"Tuesday, January 15, 2019",68.1,188.89,52.24,103.22,,
Mumbai,"Wednesday, January 16, 2019",69.37,194.79,62.3,110.55,,
Mumbai,"Thursday, January 17, 2019",83.31,245.52,118.84,166.94,,
Mumbai,"Friday, January 18, 2019",84.99,231.12,69.76,122.63,,
Mumbai,"Saturday, January 19, 2019",82.07,254.54,94.63,144.78,,
Mumbai,"Sunday, January 20, 2019",93.45,285.55,79.17,106.1,,
Mumbai,"Monday, January 21, 2019",51,132.19,38.08,55.68,,
Mumbai,"Tuesday, January 22, 2019",34.26,109.43,36.32,71.55,,
Mumbai,"Wednesday, January 23, 2019",26.04,113.83,26.82,68.62,,
Mumbai,"Thursday, January 24, 2019",53.38,150.95,23.5,93.7,,
Mumbai,"Friday, January 25, 2019",47.4,135.35,22.96,102.36,,
Mumbai,"Saturday, January 26, 2019",38.28,122.56,40.28,112.93,,
Mumbai,"Sunday, January 27, 2019",36.88,117.84,17.56,85.97,,
Mumbai,"Monday, January 28, 2019",46.01,121.37,11.12,16.51,,
Mumbai,"Tuesday, January 29, 2019",47.42,125.09,40.19,78.24,,
Mumbai,"Wednesday, January 30, 2019",51.55,173.72,,,,
Mumbai,"Thursday, January 31, 2019",51.24,174.07,,,,
Mumbai,"Friday, February 1, 2019",48.04,153.71,,,,
Mumbai,"Saturday, February 2, 2019",50.63,184.82,,,,
Mumbai,"Sunday, February 3, 2019",73.37,257.39,,,,
Mumbai,"Monday, February 4, 2019",66.26,217.26,54.58,72.48,,
Mumbai,"Tuesday, February 5, 2019",65.62,209.61,27.48,57.93,,
Mumbai,"Wednesday, February 6, 2019",43.34,146.7,38.78,62.55,,
Mumbai,"Thursday, February 7, 2019",18.67,94.56,40.78,60.36,,
Mumbai,"Friday, February 8, 2019",52.26,203.43,50.54,86.93,,
Mumbai,"Saturday, February 9, 2019",72.35,188.49,85.9,118.31,,
Mumbai,"Sunday, February 10, 2019",86.52,222.61,31.02,61.57,,
Mumbai,"Monday, February 11, 2019",101.67,261.7,39.3,73.67,,
Mumbai,"Tuesday, February 12, 2019",94.74,221.18,95.62,141.28,,
Mumbai,"Wednesday, February 13, 2019",78.47,152.16,73.92,108.37,,
Mumbai,"Thursday, February 14, 2019",49.64,100.42,59.57,92.13,,
Mumbai,"Friday, February 15, 2019",47.74,119.49,43.85,74.8,,
Mumbai,"Saturday, February 16, 2019",52.57,130.57,64.01,101.77,,
Mumbai,"Sunday, February 17, 2019",59.84,168.11,61.17,95.79,,
Mumbai,"Monday, February 18, 2019",54.99,136.62,47.99,80.21,,
Mumbai,"Tuesday, February 19, 2019",49.87,120.19,50.63,84.8,,
Mumbai,"Wednesday, February 20, 2019",64.73,182.68,58.01,86.42,,
Mumbai,"Thursday, February 21, 2019",35.61,84.13,32.41,53.1,,
Mumbai,"Friday, February 22, 2019",38.3,103.84,37.16,58.81,,
Mumbai,"Saturday, February 23, 2019",58.39,196.31,53.85,86.39,,
Mumbai,"Sunday, February 24, 2019",31.67,126.11,41.11,63.4,,
Mumbai,"Monday, February 25, 2019",35.64,118,54.25,80.36,,
Mumbai,"Tuesday, February 26, 2019",27.8,116.06,45.93,70.45,,
Mumbai,"Wednesday, February 27, 2019",22.69,109.49,54.48,72.77,,
Mumbai,"Thursday, February 28, 2019",49.14,133.69,57.22,71.12,,
Mumbai,"Friday, March 1, 2019",41.12,150.77,90.27,128.94,,
Mumbai,"Saturday, March 2, 2019",49.77,203.42,108.87,144.24,,
Mumbai,"Sunday, March 3, 2019",15.85,58.71,35.64,48.15,,
Mumbai,"Monday, March 4, 2019",16.82,81.35,41.82,49.26,,
Mumbai,"Tuesday, March 5, 2019",22.15,126.58,29.85,35.35,,
Mumbai,"Wednesday, March 6, 2019",23.44,92.09,37.33,47.44,,
Mumbai,"Thursday, March 7, 2019",25.23,102.94,41.19,56.67,,
Mumbai,"Friday, March 8, 2019",29.13,108.52,40.93,58.8,,
Mumbai,"Saturday, March 9, 2019",36.24,132.21,54.51,74.58,,
Mumbai,"Sunday, March 10, 2019",30.19,158.13,51.19,68.6,,
Mumbai,"Monday, March 11, 2019",23.72,128.8,40.45,49.92,,
Mumbai,"Tuesday, March 12, 2019",21.02,92.1,36.52,45.54,,
Mumbai,"Wednesday, March 13, 2019",23.36,90.2,36.51,47.41,,
Mumbai,"Thursday, March 14, 2019",21.54,99.26,42.4,57.1,,
Mumbai,"Friday, March 15, 2019",28.02,113.58,43.47,61.43,,
Mumbai,"Saturday, March 16, 2019",39.49,158.64,62.31,87.36,,
Mumbai,"Sunday, March 17, 2019",37.52,132.12,46.68,67.14,,
Mumbai,"Monday, March 18, 2019",40.68,145.41,59.73,83.33,,
Mumbai,"Tuesday, March 19, 2019",35.58,140.87,87.07,107.47,,
Mumbai,"Wednesday, March 20, 2019",27.08,92.8,54.25,64.89,,
Mumbai,"Thursday, March 21, 2019",19.81,79.16,40.25,43.63,,
Mumbai,"Friday, March 22, 2019",18.03,65.91,46.92,54.07,,
Mumbai,"Saturday, March 23, 2019",31.96,115.36,46.86,57.04,,
Mumbai,"Sunday, March 24, 2019",49.58,188.42,69.57,90.3,,
Mumbai,"Monday, March 25, 2019",55.04,206.24,85.62,120.57,,
Mumbai,"Tuesday, March 26, 2019",40.69,151.14,42.96,66.44,,
Mumbai,"Wednesday, March 27, 2019",34.51,127.47,26.75,36.82,,
Mumbai,"Thursday, March 28, 2019",32.94,105.11,29.22,39.7,,
Mumbai,"Friday, March 29, 2019",29.55,100.84,20.58,25.73,,
Mumbai,"Saturday, March 30, 2019",24.24,89.43,25.92,31.47,,
Mumbai,"Sunday, March 31, 2019",18.43,90.53,27.07,32.73,,
Mumbai,"Monday, April 1, 2019",19.8,87.09,24.96,27.18,,
Mumbai,"Tuesday, April 2, 2019",22.9,89.81,21.03,39.82,,
Mumbai,"Wednesday, April 3, 2019",27.35,92.65,32.87,62.24,,
Mumbai,"Thursday, April 4, 2019",16.91,66.3,33.32,52.88,,
Mumbai,"Friday, April 5, 2019",19.09,60.59,36.51,55.94,,
Mumbai,"Saturday, April 6, 2019",17.84,66.09,43.1,64.19,,
Mumbai,"Sunday, April 7, 2019",18.74,71.13,52.31,74.65,,
Mumbai,"Monday, April 8, 2019",16.1,59.23,44.91,66.69,,
Mumbai,"Tuesday, April 9, 2019",16.87,60.7,38.38,56.87,,
Mumbai,"Wednesday, April 10, 2019",14.22,52.28,40.36,58.16,,
Mumbai,"Thursday, April 11, 2019",17.17,64.97,29.93,45.25,,
Mumbai,"Friday, April 12, 2019",22.32,76.97,44.14,65.09,,
Mumbai,"Saturday, April 13, 2019",33.1,114.51,71.9,103.73,,
Mumbai,"Sunday, April 14, 2019",22.7,83.82,48.02,78.67,,
Mumbai,"Monday, April 15, 2019",20.7,84.28,32.61,61.23,,
Mumbai,"Tuesday, April 16, 2019",27.28,106.52,35.04,59.96,,
Mumbai,"Wednesday, April 17, 2019",13.15,50.12,21.7,42.2,,
Mumbai,"Thursday, April 18, 2019",21.44,88.17,37.19,71.36,,
Mumbai,"Friday, April 19, 2019",21.5,95.76,34.43,61.67,,
Mumbai,"Saturday, April 20, 2019",22.27,75.24,49.89,84.15,,
Mumbai,"Sunday, April 21, 2019",21.17,69.22,35.8,59.26,,
Mumbai,"Monday, April 22, 2019",20.98,75.94,38.67,65.82,,
Mumbai,"Tuesday, April 23, 2019",18.09,71.69,42.5,64.82,,
Mumbai,"Wednesday, April 24, 2019",16.24,67.42,26.75,41.4,,
Mumbai,"Thursday, April 25, 2019",17.48,57.09,25.69,41.43,,
Mumbai,"Friday, April 26, 2019",17.19,74.24,28.67,47.4,,
Mumbai,"Saturday, April 27, 2019",26.23,99.86,53.5,78.23,,
Mumbai,"Sunday, April 28, 2019",23.77,99.29,29.63,57.84,,
Mumbai,"Monday, April 29, 2019",22.63,88.73,29.2,51.5,,
Mumbai,"Tuesday, April 30, 2019",21.86,85.4,31.26,50.47,,
Mumbai,"Wednesday, May 1, 2019",19.09,89.67,22.92,35.82,,
Mumbai,"Thursday, May 2, 2019",21.65,114.38,22.82,36,,
Mumbai,"Friday, May 3, 2019",17.93,85.82,29.42,44.64,,
Mumbai,"Saturday, May 4, 2019",16.54,76.05,27.84,44.2,,
Mumbai,"Sunday, May 5, 2019",14.8,71.97,21.85,31.4,,
Mumbai,"Monday, May 6, 2019",15.73,61.85,30.79,43.5,,
Mumbai,"Tuesday, May 7, 2019",13.48,52.14,37.16,50.76,,
Mumbai,"Wednesday, May 8, 2019",12.89,47.56,23.64,32.94,,
Mumbai,"Thursday, May 9, 2019",10.95,46.73,26.4,37.68,,
Mumbai,"Friday, May 10, 2019",12.8,49.69,23.09,34.78,,
Mumbai,"Saturday, May 11, 2019",12.96,45.38,32.79,52.27,,
Mumbai,"Sunday, May 12, 2019",14.62,62.45,36.73,55.62,,
Mumbai,"Monday, May 13, 2019",18.73,70.93,23.25,38.03,,
Mumbai,"Tuesday, May 14, 2019",15.43,64.72,35.17,51.52,,
Mumbai,"Wednesday, May 15, 2019",15.19,64.91,30.53,46.41,,
Mumbai,"Thursday, May 16, 2019",16.01,58.49,25.31,39.38,,
Mumbai,"Friday, May 17, 2019",15.25,64.12,40.23,58.54,,
Mumbai,"Saturday, May 18, 2019",16.14,74.72,54.67,74.73,,
Mumbai,"Sunday, May 19, 2019",12.37,58.55,38.35,58.63,,
Mumbai,"Monday, May 20, 2019",12.04,58.33,31.5,48.37,,
Mumbai,"Tuesday, May 21, 2019",14.62,69.48,25.94,39.98,,
Mumbai,"Wednesday, May 22, 2019",11.08,45.31,20.11,32.21,,
Mumbai,"Thursday, May 23, 2019",25.61,55.67,37.17,51.08,,
Mumbai,"Friday, May 24, 2019",16.84,79.74,32.58,45.39,,
Mumbai,"Saturday, May 25, 2019",14.03,60.49,25.71,35.83,,
Mumbai,"Sunday, May 26, 2019",17.07,76.72,28.86,38.49,,
Mumbai,"Monday, May 27, 2019",18.11,86.81,29.58,39.36,,
Mumbai,"Tuesday, May 28, 2019",16.57,72.77,30.56,40.36,,
Mumbai,"Wednesday, May 29, 2019",14.93,60.16,25.94,35.78,,
Mumbai,"Thursday, May 30, 2019",12.88,48.56,26.93,36.62,,
Mumbai,"Friday, May 31, 2019",13.92,48.68,31.28,42.32,,
Mumbai,"Saturday, June 1, 2019",12.38,45.97,32.6,46.54,,
Mumbai,"Sunday, June 2, 2019",12.49,43.71,32.2,45.85,,
